# Experiment 1b -- raster of numerically observed positivity,
# tau = 1, worst-case history split S0 = I0 = N0_bar/2.
# Lambda = 1, mu = 0.9, gamma = 0.3.
beta N0bar positive
0.05 0.02 1
0.05331755889 0.02 1
0.05685524171 0.02 1
0.06062765396 0.02 1
0.06465037021 0.02 1
0.06893999841 0.02 1
0.0735142485 0.02 1
0.07839200547 0.02 1
0.08359340736 0.02 1
0.08913992839 0.02 1
0.09505446762 0.02 1
0.1013614435 0.02 1
0.1080868946 0.02 1
0.1152585874 0.02 1
0.1229061304 0.02 1
0.1310610969 0.02 1
0.1397571551 0.02 1
0.1490302069 0.02 1
0.1589185367 0.02 1
0.1694629687 0.02 1
0.1807070363 0.02 1
0.192697161 0.02 1
0.2054828445 0.02 1
0.2191168733 0.02 1
0.2336555359 0.02 1
0.2491588559 0.02 1
0.2656908394 0.02 1
0.2833197395 0.02 1
0.3021183379 0.02 1
0.3221642455 0.02 1
0.3435402226 0.02 1
0.3663345209 0.02 1
0.3906412479 0.02 1
0.4165607547 0.02 1
0.4442000514 0.02 1
0.473673248 0.02 1
0.5051020258 0.02 1
0.5386161401 0.02 1
0.5743539554 0.02 1
0.6124630168 0.02 1
0.6531006592 0.02 1
0.6964346572 0.02 1
0.7426439169 0.02 1
0.7919192154 0.02 1
0.844463988 0.02 1
0.9004951682 0.02 1
0.9602440832 0.02 1
1.023957409 0.02 1
1.091898189 0.02 1
1.16434692 0.02 1
1.241602709 0.02 1
1.323984511 0.02 1
1.411832443 0.02 1
1.505509188 0.02 1
1.605401496 0.02 1
1.711921776 0.02 1
1.825509802 0.02 1
1.946634528 0.02 1
2.075796021 0.02 1
2.213527532 0.02 1
2.36039769 0.02 1
2.517012857 0.02 1
2.684019625 0.02 1
2.862107488 0.02 1
3.05201169 0.02 1
3.254516261 0.02 1
3.470457248 0.02 1
3.700726173 0.02 1
3.946273713 0.02 1
4.208113622 0.02 1
4.487326917 0.02 1
4.785066343 0.02 1
5.10256113 0.02 0
5.44112207 0.02 0
5.802146928 0.02 0
6.18712621 0.02 0
6.597649321 0.02 0
7.035411124 0.02 0
7.502218938 0.02 0
8 0.02 0

0.05 0.06302158273 1
0.05331755889 0.06302158273 1
0.05685524171 0.06302158273 1
0.06062765396 0.06302158273 1
0.06465037021 0.06302158273 1
0.06893999841 0.06302158273 1
0.0735142485 0.06302158273 1
0.07839200547 0.06302158273 1
0.08359340736 0.06302158273 1
0.08913992839 0.06302158273 1
0.09505446762 0.06302158273 1
0.1013614435 0.06302158273 1
0.1080868946 0.06302158273 1
0.1152585874 0.06302158273 1
0.1229061304 0.06302158273 1
0.1310610969 0.06302158273 1
0.1397571551 0.06302158273 1
0.1490302069 0.06302158273 1
0.1589185367 0.06302158273 1
0.1694629687 0.06302158273 1
0.1807070363 0.06302158273 1
0.192697161 0.06302158273 1
0.2054828445 0.06302158273 1
0.2191168733 0.06302158273 1
0.2336555359 0.06302158273 1
0.2491588559 0.06302158273 1
0.2656908394 0.06302158273 1
0.2833197395 0.06302158273 1
0.3021183379 0.06302158273 1
0.3221642455 0.06302158273 1
0.3435402226 0.06302158273 1
0.3663345209 0.06302158273 1
0.3906412479 0.06302158273 1
0.4165607547 0.06302158273 1
0.4442000514 0.06302158273 1
0.473673248 0.06302158273 1
0.5051020258 0.06302158273 1
0.5386161401 0.06302158273 1
0.5743539554 0.06302158273 1
0.6124630168 0.06302158273 1
0.6531006592 0.06302158273 1
0.6964346572 0.06302158273 1
0.7426439169 0.06302158273 1
0.7919192154 0.06302158273 1
0.844463988 0.06302158273 1
0.9004951682 0.06302158273 1
0.9602440832 0.06302158273 1
1.023957409 0.06302158273 1
1.091898189 0.06302158273 1
1.16434692 0.06302158273 1
1.241602709 0.06302158273 1
1.323984511 0.06302158273 1
1.411832443 0.06302158273 1
1.505509188 0.06302158273 1
1.605401496 0.06302158273 1
1.711921776 0.06302158273 1
1.825509802 0.06302158273 1
1.946634528 0.06302158273 1
2.075796021 0.06302158273 1
2.213527532 0.06302158273 1
2.36039769 0.06302158273 1
2.517012857 0.06302158273 1
2.684019625 0.06302158273 1
2.862107488 0.06302158273 1
3.05201169 0.06302158273 1
3.254516261 0.06302158273 1
3.470457248 0.06302158273 1
3.700726173 0.06302158273 1
3.946273713 0.06302158273 1
4.208113622 0.06302158273 1
4.487326917 0.06302158273 1
4.785066343 0.06302158273 1
5.10256113 0.06302158273 0
5.44112207 0.06302158273 0
5.802146928 0.06302158273 0
6.18712621 0.06302158273 0
6.597649321 0.06302158273 0
7.035411124 0.06302158273 0
7.502218938 0.06302158273 0
8 0.06302158273 0

0.05 0.1060431655 1
0.05331755889 0.1060431655 1
0.05685524171 0.1060431655 1
0.06062765396 0.1060431655 1
0.06465037021 0.1060431655 1
0.06893999841 0.1060431655 1
0.0735142485 0.1060431655 1
0.07839200547 0.1060431655 1
0.08359340736 0.1060431655 1
0.08913992839 0.1060431655 1
0.09505446762 0.1060431655 1
0.1013614435 0.1060431655 1
0.1080868946 0.1060431655 1
0.1152585874 0.1060431655 1
0.1229061304 0.1060431655 1
0.1310610969 0.1060431655 1
0.1397571551 0.1060431655 1
0.1490302069 0.1060431655 1
0.1589185367 0.1060431655 1
0.1694629687 0.1060431655 1
0.1807070363 0.1060431655 1
0.192697161 0.1060431655 1
0.2054828445 0.1060431655 1
0.2191168733 0.1060431655 1
0.2336555359 0.1060431655 1
0.2491588559 0.1060431655 1
0.2656908394 0.1060431655 1
0.2833197395 0.1060431655 1
0.3021183379 0.1060431655 1
0.3221642455 0.1060431655 1
0.3435402226 0.1060431655 1
0.3663345209 0.1060431655 1
0.3906412479 0.1060431655 1
0.4165607547 0.1060431655 1
0.4442000514 0.1060431655 1
0.473673248 0.1060431655 1
0.5051020258 0.1060431655 1
0.5386161401 0.1060431655 1
0.5743539554 0.1060431655 1
0.6124630168 0.1060431655 1
0.6531006592 0.1060431655 1
0.6964346572 0.1060431655 1
0.7426439169 0.1060431655 1
0.7919192154 0.1060431655 1
0.844463988 0.1060431655 1
0.9004951682 0.1060431655 1
0.9602440832 0.1060431655 1
1.023957409 0.1060431655 1
1.091898189 0.1060431655 1
1.16434692 0.1060431655 1
1.241602709 0.1060431655 1
1.323984511 0.1060431655 1
1.411832443 0.1060431655 1
1.505509188 0.1060431655 1
1.605401496 0.1060431655 1
1.711921776 0.1060431655 1
1.825509802 0.1060431655 1
1.946634528 0.1060431655 1
2.075796021 0.1060431655 1
2.213527532 0.1060431655 1
2.36039769 0.1060431655 1
2.517012857 0.1060431655 1
2.684019625 0.1060431655 1
2.862107488 0.1060431655 1
3.05201169 0.1060431655 1
3.254516261 0.1060431655 1
3.470457248 0.1060431655 1
3.700726173 0.1060431655 1
3.946273713 0.1060431655 1
4.208113622 0.1060431655 1
4.487326917 0.1060431655 1
4.785066343 0.1060431655 1
5.10256113 0.1060431655 0
5.44112207 0.1060431655 0
5.802146928 0.1060431655 0
6.18712621 0.1060431655 0
6.597649321 0.1060431655 0
7.035411124 0.1060431655 0
7.502218938 0.1060431655 0
8 0.1060431655 0

0.05 0.1490647482 1
0.05331755889 0.1490647482 1
0.05685524171 0.1490647482 1
0.06062765396 0.1490647482 1
0.06465037021 0.1490647482 1
0.06893999841 0.1490647482 1
0.0735142485 0.1490647482 1
0.07839200547 0.1490647482 1
0.08359340736 0.1490647482 1
0.08913992839 0.1490647482 1
0.09505446762 0.1490647482 1
0.1013614435 0.1490647482 1
0.1080868946 0.1490647482 1
0.1152585874 0.1490647482 1
0.1229061304 0.1490647482 1
0.1310610969 0.1490647482 1
0.1397571551 0.1490647482 1
0.1490302069 0.1490647482 1
0.1589185367 0.1490647482 1
0.1694629687 0.1490647482 1
0.1807070363 0.1490647482 1
0.192697161 0.1490647482 1
0.2054828445 0.1490647482 1
0.2191168733 0.1490647482 1
0.2336555359 0.1490647482 1
0.2491588559 0.1490647482 1
0.2656908394 0.1490647482 1
0.2833197395 0.1490647482 1
0.3021183379 0.1490647482 1
0.3221642455 0.1490647482 1
0.3435402226 0.1490647482 1
0.3663345209 0.1490647482 1
0.3906412479 0.1490647482 1
0.4165607547 0.1490647482 1
0.4442000514 0.1490647482 1
0.473673248 0.1490647482 1
0.5051020258 0.1490647482 1
0.5386161401 0.1490647482 1
0.5743539554 0.1490647482 1
0.6124630168 0.1490647482 1
0.6531006592 0.1490647482 1
0.6964346572 0.1490647482 1
0.7426439169 0.1490647482 1
0.7919192154 0.1490647482 1
0.844463988 0.1490647482 1
0.9004951682 0.1490647482 1
0.9602440832 0.1490647482 1
1.023957409 0.1490647482 1
1.091898189 0.1490647482 1
1.16434692 0.1490647482 1
1.241602709 0.1490647482 1
1.323984511 0.1490647482 1
1.411832443 0.1490647482 1
1.505509188 0.1490647482 1
1.605401496 0.1490647482 1
1.711921776 0.1490647482 1
1.825509802 0.1490647482 1
1.946634528 0.1490647482 1
2.075796021 0.1490647482 1
2.213527532 0.1490647482 1
2.36039769 0.1490647482 1
2.517012857 0.1490647482 1
2.684019625 0.1490647482 1
2.862107488 0.1490647482 1
3.05201169 0.1490647482 1
3.254516261 0.1490647482 1
3.470457248 0.1490647482 1
3.700726173 0.1490647482 1
3.946273713 0.1490647482 1
4.208113622 0.1490647482 1
4.487326917 0.1490647482 1
4.785066343 0.1490647482 1
5.10256113 0.1490647482 0
5.44112207 0.1490647482 0
5.802146928 0.1490647482 0
6.18712621 0.1490647482 0
6.597649321 0.1490647482 0
7.035411124 0.1490647482 0
7.502218938 0.1490647482 0
8 0.1490647482 0

0.05 0.1920863309 1
0.05331755889 0.1920863309 1
0.05685524171 0.1920863309 1
0.06062765396 0.1920863309 1
0.06465037021 0.1920863309 1
0.06893999841 0.1920863309 1
0.0735142485 0.1920863309 1
0.07839200547 0.1920863309 1
0.08359340736 0.1920863309 1
0.08913992839 0.1920863309 1
0.09505446762 0.1920863309 1
0.1013614435 0.1920863309 1
0.1080868946 0.1920863309 1
0.1152585874 0.1920863309 1
0.1229061304 0.1920863309 1
0.1310610969 0.1920863309 1
0.1397571551 0.1920863309 1
0.1490302069 0.1920863309 1
0.1589185367 0.1920863309 1
0.1694629687 0.1920863309 1
0.1807070363 0.1920863309 1
0.192697161 0.1920863309 1
0.2054828445 0.1920863309 1
0.2191168733 0.1920863309 1
0.2336555359 0.1920863309 1
0.2491588559 0.1920863309 1
0.2656908394 0.1920863309 1
0.2833197395 0.1920863309 1
0.3021183379 0.1920863309 1
0.3221642455 0.1920863309 1
0.3435402226 0.1920863309 1
0.3663345209 0.1920863309 1
0.3906412479 0.1920863309 1
0.4165607547 0.1920863309 1
0.4442000514 0.1920863309 1
0.473673248 0.1920863309 1
0.5051020258 0.1920863309 1
0.5386161401 0.1920863309 1
0.5743539554 0.1920863309 1
0.6124630168 0.1920863309 1
0.6531006592 0.1920863309 1
0.6964346572 0.1920863309 1
0.7426439169 0.1920863309 1
0.7919192154 0.1920863309 1
0.844463988 0.1920863309 1
0.9004951682 0.1920863309 1
0.9602440832 0.1920863309 1
1.023957409 0.1920863309 1
1.091898189 0.1920863309 1
1.16434692 0.1920863309 1
1.241602709 0.1920863309 1
1.323984511 0.1920863309 1
1.411832443 0.1920863309 1
1.505509188 0.1920863309 1
1.605401496 0.1920863309 1
1.711921776 0.1920863309 1
1.825509802 0.1920863309 1
1.946634528 0.1920863309 1
2.075796021 0.1920863309 1
2.213527532 0.1920863309 1
2.36039769 0.1920863309 1
2.517012857 0.1920863309 1
2.684019625 0.1920863309 1
2.862107488 0.1920863309 1
3.05201169 0.1920863309 1
3.254516261 0.1920863309 1
3.470457248 0.1920863309 1
3.700726173 0.1920863309 1
3.946273713 0.1920863309 1
4.208113622 0.1920863309 1
4.487326917 0.1920863309 1
4.785066343 0.1920863309 1
5.10256113 0.1920863309 1
5.44112207 0.1920863309 0
5.802146928 0.1920863309 0
6.18712621 0.1920863309 0
6.597649321 0.1920863309 0
7.035411124 0.1920863309 0
7.502218938 0.1920863309 0
8 0.1920863309 0

0.05 0.2351079137 1
0.05331755889 0.2351079137 1
0.05685524171 0.2351079137 1
0.06062765396 0.2351079137 1
0.06465037021 0.2351079137 1
0.06893999841 0.2351079137 1
0.0735142485 0.2351079137 1
0.07839200547 0.2351079137 1
0.08359340736 0.2351079137 1
0.08913992839 0.2351079137 1
0.09505446762 0.2351079137 1
0.1013614435 0.2351079137 1
0.1080868946 0.2351079137 1
0.1152585874 0.2351079137 1
0.1229061304 0.2351079137 1
0.1310610969 0.2351079137 1
0.1397571551 0.2351079137 1
0.1490302069 0.2351079137 1
0.1589185367 0.2351079137 1
0.1694629687 0.2351079137 1
0.1807070363 0.2351079137 1
0.192697161 0.2351079137 1
0.2054828445 0.2351079137 1
0.2191168733 0.2351079137 1
0.2336555359 0.2351079137 1
0.2491588559 0.2351079137 1
0.2656908394 0.2351079137 1
0.2833197395 0.2351079137 1
0.3021183379 0.2351079137 1
0.3221642455 0.2351079137 1
0.3435402226 0.2351079137 1
0.3663345209 0.2351079137 1
0.3906412479 0.2351079137 1
0.4165607547 0.2351079137 1
0.4442000514 0.2351079137 1
0.473673248 0.2351079137 1
0.5051020258 0.2351079137 1
0.5386161401 0.2351079137 1
0.5743539554 0.2351079137 1
0.6124630168 0.2351079137 1
0.6531006592 0.2351079137 1
0.6964346572 0.2351079137 1
0.7426439169 0.2351079137 1
0.7919192154 0.2351079137 1
0.844463988 0.2351079137 1
0.9004951682 0.2351079137 1
0.9602440832 0.2351079137 1
1.023957409 0.2351079137 1
1.091898189 0.2351079137 1
1.16434692 0.2351079137 1
1.241602709 0.2351079137 1
1.323984511 0.2351079137 1
1.411832443 0.2351079137 1
1.505509188 0.2351079137 1
1.605401496 0.2351079137 1
1.711921776 0.2351079137 1
1.825509802 0.2351079137 1
1.946634528 0.2351079137 1
2.075796021 0.2351079137 1
2.213527532 0.2351079137 1
2.36039769 0.2351079137 1
2.517012857 0.2351079137 1
2.684019625 0.2351079137 1
2.862107488 0.2351079137 1
3.05201169 0.2351079137 1
3.254516261 0.2351079137 1
3.470457248 0.2351079137 1
3.700726173 0.2351079137 1
3.946273713 0.2351079137 1
4.208113622 0.2351079137 1
4.487326917 0.2351079137 1
4.785066343 0.2351079137 1
5.10256113 0.2351079137 1
5.44112207 0.2351079137 0
5.802146928 0.2351079137 0
6.18712621 0.2351079137 0
6.597649321 0.2351079137 0
7.035411124 0.2351079137 0
7.502218938 0.2351079137 0
8 0.2351079137 0

0.05 0.2781294964 1
0.05331755889 0.2781294964 1
0.05685524171 0.2781294964 1
0.06062765396 0.2781294964 1
0.06465037021 0.2781294964 1
0.06893999841 0.2781294964 1
0.0735142485 0.2781294964 1
0.07839200547 0.2781294964 1
0.08359340736 0.2781294964 1
0.08913992839 0.2781294964 1
0.09505446762 0.2781294964 1
0.1013614435 0.2781294964 1
0.1080868946 0.2781294964 1
0.1152585874 0.2781294964 1
0.1229061304 0.2781294964 1
0.1310610969 0.2781294964 1
0.1397571551 0.2781294964 1
0.1490302069 0.2781294964 1
0.1589185367 0.2781294964 1
0.1694629687 0.2781294964 1
0.1807070363 0.2781294964 1
0.192697161 0.2781294964 1
0.2054828445 0.2781294964 1
0.2191168733 0.2781294964 1
0.2336555359 0.2781294964 1
0.2491588559 0.2781294964 1
0.2656908394 0.2781294964 1
0.2833197395 0.2781294964 1
0.3021183379 0.2781294964 1
0.3221642455 0.2781294964 1
0.3435402226 0.2781294964 1
0.3663345209 0.2781294964 1
0.3906412479 0.2781294964 1
0.4165607547 0.2781294964 1
0.4442000514 0.2781294964 1
0.473673248 0.2781294964 1
0.5051020258 0.2781294964 1
0.5386161401 0.2781294964 1
0.5743539554 0.2781294964 1
0.6124630168 0.2781294964 1
0.6531006592 0.2781294964 1
0.6964346572 0.2781294964 1
0.7426439169 0.2781294964 1
0.7919192154 0.2781294964 1
0.844463988 0.2781294964 1
0.9004951682 0.2781294964 1
0.9602440832 0.2781294964 1
1.023957409 0.2781294964 1
1.091898189 0.2781294964 1
1.16434692 0.2781294964 1
1.241602709 0.2781294964 1
1.323984511 0.2781294964 1
1.411832443 0.2781294964 1
1.505509188 0.2781294964 1
1.605401496 0.2781294964 1
1.711921776 0.2781294964 1
1.825509802 0.2781294964 1
1.946634528 0.2781294964 1
2.075796021 0.2781294964 1
2.213527532 0.2781294964 1
2.36039769 0.2781294964 1
2.517012857 0.2781294964 1
2.684019625 0.2781294964 1
2.862107488 0.2781294964 1
3.05201169 0.2781294964 1
3.254516261 0.2781294964 1
3.470457248 0.2781294964 1
3.700726173 0.2781294964 1
3.946273713 0.2781294964 1
4.208113622 0.2781294964 1
4.487326917 0.2781294964 1
4.785066343 0.2781294964 1
5.10256113 0.2781294964 1
5.44112207 0.2781294964 0
5.802146928 0.2781294964 0
6.18712621 0.2781294964 0
6.597649321 0.2781294964 0
7.035411124 0.2781294964 0
7.502218938 0.2781294964 0
8 0.2781294964 0

0.05 0.3211510791 1
0.05331755889 0.3211510791 1
0.05685524171 0.3211510791 1
0.06062765396 0.3211510791 1
0.06465037021 0.3211510791 1
0.06893999841 0.3211510791 1
0.0735142485 0.3211510791 1
0.07839200547 0.3211510791 1
0.08359340736 0.3211510791 1
0.08913992839 0.3211510791 1
0.09505446762 0.3211510791 1
0.1013614435 0.3211510791 1
0.1080868946 0.3211510791 1
0.1152585874 0.3211510791 1
0.1229061304 0.3211510791 1
0.1310610969 0.3211510791 1
0.1397571551 0.3211510791 1
0.1490302069 0.3211510791 1
0.1589185367 0.3211510791 1
0.1694629687 0.3211510791 1
0.1807070363 0.3211510791 1
0.192697161 0.3211510791 1
0.2054828445 0.3211510791 1
0.2191168733 0.3211510791 1
0.2336555359 0.3211510791 1
0.2491588559 0.3211510791 1
0.2656908394 0.3211510791 1
0.2833197395 0.3211510791 1
0.3021183379 0.3211510791 1
0.3221642455 0.3211510791 1
0.3435402226 0.3211510791 1
0.3663345209 0.3211510791 1
0.3906412479 0.3211510791 1
0.4165607547 0.3211510791 1
0.4442000514 0.3211510791 1
0.473673248 0.3211510791 1
0.5051020258 0.3211510791 1
0.5386161401 0.3211510791 1
0.5743539554 0.3211510791 1
0.6124630168 0.3211510791 1
0.6531006592 0.3211510791 1
0.6964346572 0.3211510791 1
0.7426439169 0.3211510791 1
0.7919192154 0.3211510791 1
0.844463988 0.3211510791 1
0.9004951682 0.3211510791 1
0.9602440832 0.3211510791 1
1.023957409 0.3211510791 1
1.091898189 0.3211510791 1
1.16434692 0.3211510791 1
1.241602709 0.3211510791 1
1.323984511 0.3211510791 1
1.411832443 0.3211510791 1
1.505509188 0.3211510791 1
1.605401496 0.3211510791 1
1.711921776 0.3211510791 1
1.825509802 0.3211510791 1
1.946634528 0.3211510791 1
2.075796021 0.3211510791 1
2.213527532 0.3211510791 1
2.36039769 0.3211510791 1
2.517012857 0.3211510791 1
2.684019625 0.3211510791 1
2.862107488 0.3211510791 1
3.05201169 0.3211510791 1
3.254516261 0.3211510791 1
3.470457248 0.3211510791 1
3.700726173 0.3211510791 1
3.946273713 0.3211510791 1
4.208113622 0.3211510791 1
4.487326917 0.3211510791 1
4.785066343 0.3211510791 1
5.10256113 0.3211510791 1
5.44112207 0.3211510791 0
5.802146928 0.3211510791 0
6.18712621 0.3211510791 0
6.597649321 0.3211510791 0
7.035411124 0.3211510791 0
7.502218938 0.3211510791 0
8 0.3211510791 0

0.05 0.3641726619 1
0.05331755889 0.3641726619 1
0.05685524171 0.3641726619 1
0.06062765396 0.3641726619 1
0.06465037021 0.3641726619 1
0.06893999841 0.3641726619 1
0.0735142485 0.3641726619 1
0.07839200547 0.3641726619 1
0.08359340736 0.3641726619 1
0.08913992839 0.3641726619 1
0.09505446762 0.3641726619 1
0.1013614435 0.3641726619 1
0.1080868946 0.3641726619 1
0.1152585874 0.3641726619 1
0.1229061304 0.3641726619 1
0.1310610969 0.3641726619 1
0.1397571551 0.3641726619 1
0.1490302069 0.3641726619 1
0.1589185367 0.3641726619 1
0.1694629687 0.3641726619 1
0.1807070363 0.3641726619 1
0.192697161 0.3641726619 1
0.2054828445 0.3641726619 1
0.2191168733 0.3641726619 1
0.2336555359 0.3641726619 1
0.2491588559 0.3641726619 1
0.2656908394 0.3641726619 1
0.2833197395 0.3641726619 1
0.3021183379 0.3641726619 1
0.3221642455 0.3641726619 1
0.3435402226 0.3641726619 1
0.3663345209 0.3641726619 1
0.3906412479 0.3641726619 1
0.4165607547 0.3641726619 1
0.4442000514 0.3641726619 1
0.473673248 0.3641726619 1
0.5051020258 0.3641726619 1
0.5386161401 0.3641726619 1
0.5743539554 0.3641726619 1
0.6124630168 0.3641726619 1
0.6531006592 0.3641726619 1
0.6964346572 0.3641726619 1
0.7426439169 0.3641726619 1
0.7919192154 0.3641726619 1
0.844463988 0.3641726619 1
0.9004951682 0.3641726619 1
0.9602440832 0.3641726619 1
1.023957409 0.3641726619 1
1.091898189 0.3641726619 1
1.16434692 0.3641726619 1
1.241602709 0.3641726619 1
1.323984511 0.3641726619 1
1.411832443 0.3641726619 1
1.505509188 0.3641726619 1
1.605401496 0.3641726619 1
1.711921776 0.3641726619 1
1.825509802 0.3641726619 1
1.946634528 0.3641726619 1
2.075796021 0.3641726619 1
2.213527532 0.3641726619 1
2.36039769 0.3641726619 1
2.517012857 0.3641726619 1
2.684019625 0.3641726619 1
2.862107488 0.3641726619 1
3.05201169 0.3641726619 1
3.254516261 0.3641726619 1
3.470457248 0.3641726619 1
3.700726173 0.3641726619 1
3.946273713 0.3641726619 1
4.208113622 0.3641726619 1
4.487326917 0.3641726619 1
4.785066343 0.3641726619 1
5.10256113 0.3641726619 1
5.44112207 0.3641726619 1
5.802146928 0.3641726619 0
6.18712621 0.3641726619 0
6.597649321 0.3641726619 0
7.035411124 0.3641726619 0
7.502218938 0.3641726619 0
8 0.3641726619 0

0.05 0.4071942446 1
0.05331755889 0.4071942446 1
0.05685524171 0.4071942446 1
0.06062765396 0.4071942446 1
0.06465037021 0.4071942446 1
0.06893999841 0.4071942446 1
0.0735142485 0.4071942446 1
0.07839200547 0.4071942446 1
0.08359340736 0.4071942446 1
0.08913992839 0.4071942446 1
0.09505446762 0.4071942446 1
0.1013614435 0.4071942446 1
0.1080868946 0.4071942446 1
0.1152585874 0.4071942446 1
0.1229061304 0.4071942446 1
0.1310610969 0.4071942446 1
0.1397571551 0.4071942446 1
0.1490302069 0.4071942446 1
0.1589185367 0.4071942446 1
0.1694629687 0.4071942446 1
0.1807070363 0.4071942446 1
0.192697161 0.4071942446 1
0.2054828445 0.4071942446 1
0.2191168733 0.4071942446 1
0.2336555359 0.4071942446 1
0.2491588559 0.4071942446 1
0.2656908394 0.4071942446 1
0.2833197395 0.4071942446 1
0.3021183379 0.4071942446 1
0.3221642455 0.4071942446 1
0.3435402226 0.4071942446 1
0.3663345209 0.4071942446 1
0.3906412479 0.4071942446 1
0.4165607547 0.4071942446 1
0.4442000514 0.4071942446 1
0.473673248 0.4071942446 1
0.5051020258 0.4071942446 1
0.5386161401 0.4071942446 1
0.5743539554 0.4071942446 1
0.6124630168 0.4071942446 1
0.6531006592 0.4071942446 1
0.6964346572 0.4071942446 1
0.7426439169 0.4071942446 1
0.7919192154 0.4071942446 1
0.844463988 0.4071942446 1
0.9004951682 0.4071942446 1
0.9602440832 0.4071942446 1
1.023957409 0.4071942446 1
1.091898189 0.4071942446 1
1.16434692 0.4071942446 1
1.241602709 0.4071942446 1
1.323984511 0.4071942446 1
1.411832443 0.4071942446 1
1.505509188 0.4071942446 1
1.605401496 0.4071942446 1
1.711921776 0.4071942446 1
1.825509802 0.4071942446 1
1.946634528 0.4071942446 1
2.075796021 0.4071942446 1
2.213527532 0.4071942446 1
2.36039769 0.4071942446 1
2.517012857 0.4071942446 1
2.684019625 0.4071942446 1
2.862107488 0.4071942446 1
3.05201169 0.4071942446 1
3.254516261 0.4071942446 1
3.470457248 0.4071942446 1
3.700726173 0.4071942446 1
3.946273713 0.4071942446 1
4.208113622 0.4071942446 1
4.487326917 0.4071942446 1
4.785066343 0.4071942446 1
5.10256113 0.4071942446 1
5.44112207 0.4071942446 1
5.802146928 0.4071942446 0
6.18712621 0.4071942446 0
6.597649321 0.4071942446 0
7.035411124 0.4071942446 0
7.502218938 0.4071942446 0
8 0.4071942446 0

0.05 0.4502158273 1
0.05331755889 0.4502158273 1
0.05685524171 0.4502158273 1
0.06062765396 0.4502158273 1
0.06465037021 0.4502158273 1
0.06893999841 0.4502158273 1
0.0735142485 0.4502158273 1
0.07839200547 0.4502158273 1
0.08359340736 0.4502158273 1
0.08913992839 0.4502158273 1
0.09505446762 0.4502158273 1
0.1013614435 0.4502158273 1
0.1080868946 0.4502158273 1
0.1152585874 0.4502158273 1
0.1229061304 0.4502158273 1
0.1310610969 0.4502158273 1
0.1397571551 0.4502158273 1
0.1490302069 0.4502158273 1
0.1589185367 0.4502158273 1
0.1694629687 0.4502158273 1
0.1807070363 0.4502158273 1
0.192697161 0.4502158273 1
0.2054828445 0.4502158273 1
0.2191168733 0.4502158273 1
0.2336555359 0.4502158273 1
0.2491588559 0.4502158273 1
0.2656908394 0.4502158273 1
0.2833197395 0.4502158273 1
0.3021183379 0.4502158273 1
0.3221642455 0.4502158273 1
0.3435402226 0.4502158273 1
0.3663345209 0.4502158273 1
0.3906412479 0.4502158273 1
0.4165607547 0.4502158273 1
0.4442000514 0.4502158273 1
0.473673248 0.4502158273 1
0.5051020258 0.4502158273 1
0.5386161401 0.4502158273 1
0.5743539554 0.4502158273 1
0.6124630168 0.4502158273 1
0.6531006592 0.4502158273 1
0.6964346572 0.4502158273 1
0.7426439169 0.4502158273 1
0.7919192154 0.4502158273 1
0.844463988 0.4502158273 1
0.9004951682 0.4502158273 1
0.9602440832 0.4502158273 1
1.023957409 0.4502158273 1
1.091898189 0.4502158273 1
1.16434692 0.4502158273 1
1.241602709 0.4502158273 1
1.323984511 0.4502158273 1
1.411832443 0.4502158273 1
1.505509188 0.4502158273 1
1.605401496 0.4502158273 1
1.711921776 0.4502158273 1
1.825509802 0.4502158273 1
1.946634528 0.4502158273 1
2.075796021 0.4502158273 1
2.213527532 0.4502158273 1
2.36039769 0.4502158273 1
2.517012857 0.4502158273 1
2.684019625 0.4502158273 1
2.862107488 0.4502158273 1
3.05201169 0.4502158273 1
3.254516261 0.4502158273 1
3.470457248 0.4502158273 1
3.700726173 0.4502158273 1
3.946273713 0.4502158273 1
4.208113622 0.4502158273 1
4.487326917 0.4502158273 1
4.785066343 0.4502158273 1
5.10256113 0.4502158273 1
5.44112207 0.4502158273 1
5.802146928 0.4502158273 0
6.18712621 0.4502158273 0
6.597649321 0.4502158273 0
7.035411124 0.4502158273 0
7.502218938 0.4502158273 0
8 0.4502158273 0

0.05 0.4932374101 1
0.05331755889 0.4932374101 1
0.05685524171 0.4932374101 1
0.06062765396 0.4932374101 1
0.06465037021 0.4932374101 1
0.06893999841 0.4932374101 1
0.0735142485 0.4932374101 1
0.07839200547 0.4932374101 1
0.08359340736 0.4932374101 1
0.08913992839 0.4932374101 1
0.09505446762 0.4932374101 1
0.1013614435 0.4932374101 1
0.1080868946 0.4932374101 1
0.1152585874 0.4932374101 1
0.1229061304 0.4932374101 1
0.1310610969 0.4932374101 1
0.1397571551 0.4932374101 1
0.1490302069 0.4932374101 1
0.1589185367 0.4932374101 1
0.1694629687 0.4932374101 1
0.1807070363 0.4932374101 1
0.192697161 0.4932374101 1
0.2054828445 0.4932374101 1
0.2191168733 0.4932374101 1
0.2336555359 0.4932374101 1
0.2491588559 0.4932374101 1
0.2656908394 0.4932374101 1
0.2833197395 0.4932374101 1
0.3021183379 0.4932374101 1
0.3221642455 0.4932374101 1
0.3435402226 0.4932374101 1
0.3663345209 0.4932374101 1
0.3906412479 0.4932374101 1
0.4165607547 0.4932374101 1
0.4442000514 0.4932374101 1
0.473673248 0.4932374101 1
0.5051020258 0.4932374101 1
0.5386161401 0.4932374101 1
0.5743539554 0.4932374101 1
0.6124630168 0.4932374101 1
0.6531006592 0.4932374101 1
0.6964346572 0.4932374101 1
0.7426439169 0.4932374101 1
0.7919192154 0.4932374101 1
0.844463988 0.4932374101 1
0.9004951682 0.4932374101 1
0.9602440832 0.4932374101 1
1.023957409 0.4932374101 1
1.091898189 0.4932374101 1
1.16434692 0.4932374101 1
1.241602709 0.4932374101 1
1.323984511 0.4932374101 1
1.411832443 0.4932374101 1
1.505509188 0.4932374101 1
1.605401496 0.4932374101 1
1.711921776 0.4932374101 1
1.825509802 0.4932374101 1
1.946634528 0.4932374101 1
2.075796021 0.4932374101 1
2.213527532 0.4932374101 1
2.36039769 0.4932374101 1
2.517012857 0.4932374101 1
2.684019625 0.4932374101 1
2.862107488 0.4932374101 1
3.05201169 0.4932374101 1
3.254516261 0.4932374101 1
3.470457248 0.4932374101 1
3.700726173 0.4932374101 1
3.946273713 0.4932374101 1
4.208113622 0.4932374101 1
4.487326917 0.4932374101 1
4.785066343 0.4932374101 1
5.10256113 0.4932374101 1
5.44112207 0.4932374101 1
5.802146928 0.4932374101 0
6.18712621 0.4932374101 0
6.597649321 0.4932374101 0
7.035411124 0.4932374101 0
7.502218938 0.4932374101 0
8 0.4932374101 0

0.05 0.5362589928 1
0.05331755889 0.5362589928 1
0.05685524171 0.5362589928 1
0.06062765396 0.5362589928 1
0.06465037021 0.5362589928 1
0.06893999841 0.5362589928 1
0.0735142485 0.5362589928 1
0.07839200547 0.5362589928 1
0.08359340736 0.5362589928 1
0.08913992839 0.5362589928 1
0.09505446762 0.5362589928 1
0.1013614435 0.5362589928 1
0.1080868946 0.5362589928 1
0.1152585874 0.5362589928 1
0.1229061304 0.5362589928 1
0.1310610969 0.5362589928 1
0.1397571551 0.5362589928 1
0.1490302069 0.5362589928 1
0.1589185367 0.5362589928 1
0.1694629687 0.5362589928 1
0.1807070363 0.5362589928 1
0.192697161 0.5362589928 1
0.2054828445 0.5362589928 1
0.2191168733 0.5362589928 1
0.2336555359 0.5362589928 1
0.2491588559 0.5362589928 1
0.2656908394 0.5362589928 1
0.2833197395 0.5362589928 1
0.3021183379 0.5362589928 1
0.3221642455 0.5362589928 1
0.3435402226 0.5362589928 1
0.3663345209 0.5362589928 1
0.3906412479 0.5362589928 1
0.4165607547 0.5362589928 1
0.4442000514 0.5362589928 1
0.473673248 0.5362589928 1
0.5051020258 0.5362589928 1
0.5386161401 0.5362589928 1
0.5743539554 0.5362589928 1
0.6124630168 0.5362589928 1
0.6531006592 0.5362589928 1
0.6964346572 0.5362589928 1
0.7426439169 0.5362589928 1
0.7919192154 0.5362589928 1
0.844463988 0.5362589928 1
0.9004951682 0.5362589928 1
0.9602440832 0.5362589928 1
1.023957409 0.5362589928 1
1.091898189 0.5362589928 1
1.16434692 0.5362589928 1
1.241602709 0.5362589928 1
1.323984511 0.5362589928 1
1.411832443 0.5362589928 1
1.505509188 0.5362589928 1
1.605401496 0.5362589928 1
1.711921776 0.5362589928 1
1.825509802 0.5362589928 1
1.946634528 0.5362589928 1
2.075796021 0.5362589928 1
2.213527532 0.5362589928 1
2.36039769 0.5362589928 1
2.517012857 0.5362589928 1
2.684019625 0.5362589928 1
2.862107488 0.5362589928 1
3.05201169 0.5362589928 1
3.254516261 0.5362589928 1
3.470457248 0.5362589928 1
3.700726173 0.5362589928 1
3.946273713 0.5362589928 1
4.208113622 0.5362589928 1
4.487326917 0.5362589928 1
4.785066343 0.5362589928 1
5.10256113 0.5362589928 1
5.44112207 0.5362589928 1
5.802146928 0.5362589928 0
6.18712621 0.5362589928 0
6.597649321 0.5362589928 0
7.035411124 0.5362589928 0
7.502218938 0.5362589928 0
8 0.5362589928 0

0.05 0.5792805755 1
0.05331755889 0.5792805755 1
0.05685524171 0.5792805755 1
0.06062765396 0.5792805755 1
0.06465037021 0.5792805755 1
0.06893999841 0.5792805755 1
0.0735142485 0.5792805755 1
0.07839200547 0.5792805755 1
0.08359340736 0.5792805755 1
0.08913992839 0.5792805755 1
0.09505446762 0.5792805755 1
0.1013614435 0.5792805755 1
0.1080868946 0.5792805755 1
0.1152585874 0.5792805755 1
0.1229061304 0.5792805755 1
0.1310610969 0.5792805755 1
0.1397571551 0.5792805755 1
0.1490302069 0.5792805755 1
0.1589185367 0.5792805755 1
0.1694629687 0.5792805755 1
0.1807070363 0.5792805755 1
0.192697161 0.5792805755 1
0.2054828445 0.5792805755 1
0.2191168733 0.5792805755 1
0.2336555359 0.5792805755 1
0.2491588559 0.5792805755 1
0.2656908394 0.5792805755 1
0.2833197395 0.5792805755 1
0.3021183379 0.5792805755 1
0.3221642455 0.5792805755 1
0.3435402226 0.5792805755 1
0.3663345209 0.5792805755 1
0.3906412479 0.5792805755 1
0.4165607547 0.5792805755 1
0.4442000514 0.5792805755 1
0.473673248 0.5792805755 1
0.5051020258 0.5792805755 1
0.5386161401 0.5792805755 1
0.5743539554 0.5792805755 1
0.6124630168 0.5792805755 1
0.6531006592 0.5792805755 1
0.6964346572 0.5792805755 1
0.7426439169 0.5792805755 1
0.7919192154 0.5792805755 1
0.844463988 0.5792805755 1
0.9004951682 0.5792805755 1
0.9602440832 0.5792805755 1
1.023957409 0.5792805755 1
1.091898189 0.5792805755 1
1.16434692 0.5792805755 1
1.241602709 0.5792805755 1
1.323984511 0.5792805755 1
1.411832443 0.5792805755 1
1.505509188 0.5792805755 1
1.605401496 0.5792805755 1
1.711921776 0.5792805755 1
1.825509802 0.5792805755 1
1.946634528 0.5792805755 1
2.075796021 0.5792805755 1
2.213527532 0.5792805755 1
2.36039769 0.5792805755 1
2.517012857 0.5792805755 1
2.684019625 0.5792805755 1
2.862107488 0.5792805755 1
3.05201169 0.5792805755 1
3.254516261 0.5792805755 1
3.470457248 0.5792805755 1
3.700726173 0.5792805755 1
3.946273713 0.5792805755 1
4.208113622 0.5792805755 1
4.487326917 0.5792805755 1
4.785066343 0.5792805755 1
5.10256113 0.5792805755 1
5.44112207 0.5792805755 1
5.802146928 0.5792805755 0
6.18712621 0.5792805755 0
6.597649321 0.5792805755 0
7.035411124 0.5792805755 0
7.502218938 0.5792805755 0
8 0.5792805755 0

0.05 0.6223021583 1
0.05331755889 0.6223021583 1
0.05685524171 0.6223021583 1
0.06062765396 0.6223021583 1
0.06465037021 0.6223021583 1
0.06893999841 0.6223021583 1
0.0735142485 0.6223021583 1
0.07839200547 0.6223021583 1
0.08359340736 0.6223021583 1
0.08913992839 0.6223021583 1
0.09505446762 0.6223021583 1
0.1013614435 0.6223021583 1
0.1080868946 0.6223021583 1
0.1152585874 0.6223021583 1
0.1229061304 0.6223021583 1
0.1310610969 0.6223021583 1
0.1397571551 0.6223021583 1
0.1490302069 0.6223021583 1
0.1589185367 0.6223021583 1
0.1694629687 0.6223021583 1
0.1807070363 0.6223021583 1
0.192697161 0.6223021583 1
0.2054828445 0.6223021583 1
0.2191168733 0.6223021583 1
0.2336555359 0.6223021583 1
0.2491588559 0.6223021583 1
0.2656908394 0.6223021583 1
0.2833197395 0.6223021583 1
0.3021183379 0.6223021583 1
0.3221642455 0.6223021583 1
0.3435402226 0.6223021583 1
0.3663345209 0.6223021583 1
0.3906412479 0.6223021583 1
0.4165607547 0.6223021583 1
0.4442000514 0.6223021583 1
0.473673248 0.6223021583 1
0.5051020258 0.6223021583 1
0.5386161401 0.6223021583 1
0.5743539554 0.6223021583 1
0.6124630168 0.6223021583 1
0.6531006592 0.6223021583 1
0.6964346572 0.6223021583 1
0.7426439169 0.6223021583 1
0.7919192154 0.6223021583 1
0.844463988 0.6223021583 1
0.9004951682 0.6223021583 1
0.9602440832 0.6223021583 1
1.023957409 0.6223021583 1
1.091898189 0.6223021583 1
1.16434692 0.6223021583 1
1.241602709 0.6223021583 1
1.323984511 0.6223021583 1
1.411832443 0.6223021583 1
1.505509188 0.6223021583 1
1.605401496 0.6223021583 1
1.711921776 0.6223021583 1
1.825509802 0.6223021583 1
1.946634528 0.6223021583 1
2.075796021 0.6223021583 1
2.213527532 0.6223021583 1
2.36039769 0.6223021583 1
2.517012857 0.6223021583 1
2.684019625 0.6223021583 1
2.862107488 0.6223021583 1
3.05201169 0.6223021583 1
3.254516261 0.6223021583 1
3.470457248 0.6223021583 1
3.700726173 0.6223021583 1
3.946273713 0.6223021583 1
4.208113622 0.6223021583 1
4.487326917 0.6223021583 1
4.785066343 0.6223021583 1
5.10256113 0.6223021583 1
5.44112207 0.6223021583 1
5.802146928 0.6223021583 0
6.18712621 0.6223021583 0
6.597649321 0.6223021583 0
7.035411124 0.6223021583 0
7.502218938 0.6223021583 0
8 0.6223021583 0

0.05 0.665323741 1
0.05331755889 0.665323741 1
0.05685524171 0.665323741 1
0.06062765396 0.665323741 1
0.06465037021 0.665323741 1
0.06893999841 0.665323741 1
0.0735142485 0.665323741 1
0.07839200547 0.665323741 1
0.08359340736 0.665323741 1
0.08913992839 0.665323741 1
0.09505446762 0.665323741 1
0.1013614435 0.665323741 1
0.1080868946 0.665323741 1
0.1152585874 0.665323741 1
0.1229061304 0.665323741 1
0.1310610969 0.665323741 1
0.1397571551 0.665323741 1
0.1490302069 0.665323741 1
0.1589185367 0.665323741 1
0.1694629687 0.665323741 1
0.1807070363 0.665323741 1
0.192697161 0.665323741 1
0.2054828445 0.665323741 1
0.2191168733 0.665323741 1
0.2336555359 0.665323741 1
0.2491588559 0.665323741 1
0.2656908394 0.665323741 1
0.2833197395 0.665323741 1
0.3021183379 0.665323741 1
0.3221642455 0.665323741 1
0.3435402226 0.665323741 1
0.3663345209 0.665323741 1
0.3906412479 0.665323741 1
0.4165607547 0.665323741 1
0.4442000514 0.665323741 1
0.473673248 0.665323741 1
0.5051020258 0.665323741 1
0.5386161401 0.665323741 1
0.5743539554 0.665323741 1
0.6124630168 0.665323741 1
0.6531006592 0.665323741 1
0.6964346572 0.665323741 1
0.7426439169 0.665323741 1
0.7919192154 0.665323741 1
0.844463988 0.665323741 1
0.9004951682 0.665323741 1
0.9602440832 0.665323741 1
1.023957409 0.665323741 1
1.091898189 0.665323741 1
1.16434692 0.665323741 1
1.241602709 0.665323741 1
1.323984511 0.665323741 1
1.411832443 0.665323741 1
1.505509188 0.665323741 1
1.605401496 0.665323741 1
1.711921776 0.665323741 1
1.825509802 0.665323741 1
1.946634528 0.665323741 1
2.075796021 0.665323741 1
2.213527532 0.665323741 1
2.36039769 0.665323741 1
2.517012857 0.665323741 1
2.684019625 0.665323741 1
2.862107488 0.665323741 1
3.05201169 0.665323741 1
3.254516261 0.665323741 1
3.470457248 0.665323741 1
3.700726173 0.665323741 1
3.946273713 0.665323741 1
4.208113622 0.665323741 1
4.487326917 0.665323741 1
4.785066343 0.665323741 1
5.10256113 0.665323741 1
5.44112207 0.665323741 1
5.802146928 0.665323741 0
6.18712621 0.665323741 0
6.597649321 0.665323741 0
7.035411124 0.665323741 0
7.502218938 0.665323741 0
8 0.665323741 0

0.05 0.7083453237 1
0.05331755889 0.7083453237 1
0.05685524171 0.7083453237 1
0.06062765396 0.7083453237 1
0.06465037021 0.7083453237 1
0.06893999841 0.7083453237 1
0.0735142485 0.7083453237 1
0.07839200547 0.7083453237 1
0.08359340736 0.7083453237 1
0.08913992839 0.7083453237 1
0.09505446762 0.7083453237 1
0.1013614435 0.7083453237 1
0.1080868946 0.7083453237 1
0.1152585874 0.7083453237 1
0.1229061304 0.7083453237 1
0.1310610969 0.7083453237 1
0.1397571551 0.7083453237 1
0.1490302069 0.7083453237 1
0.1589185367 0.7083453237 1
0.1694629687 0.7083453237 1
0.1807070363 0.7083453237 1
0.192697161 0.7083453237 1
0.2054828445 0.7083453237 1
0.2191168733 0.7083453237 1
0.2336555359 0.7083453237 1
0.2491588559 0.7083453237 1
0.2656908394 0.7083453237 1
0.2833197395 0.7083453237 1
0.3021183379 0.7083453237 1
0.3221642455 0.7083453237 1
0.3435402226 0.7083453237 1
0.3663345209 0.7083453237 1
0.3906412479 0.7083453237 1
0.4165607547 0.7083453237 1
0.4442000514 0.7083453237 1
0.473673248 0.7083453237 1
0.5051020258 0.7083453237 1
0.5386161401 0.7083453237 1
0.5743539554 0.7083453237 1
0.6124630168 0.7083453237 1
0.6531006592 0.7083453237 1
0.6964346572 0.7083453237 1
0.7426439169 0.7083453237 1
0.7919192154 0.7083453237 1
0.844463988 0.7083453237 1
0.9004951682 0.7083453237 1
0.9602440832 0.7083453237 1
1.023957409 0.7083453237 1
1.091898189 0.7083453237 1
1.16434692 0.7083453237 1
1.241602709 0.7083453237 1
1.323984511 0.7083453237 1
1.411832443 0.7083453237 1
1.505509188 0.7083453237 1
1.605401496 0.7083453237 1
1.711921776 0.7083453237 1
1.825509802 0.7083453237 1
1.946634528 0.7083453237 1
2.075796021 0.7083453237 1
2.213527532 0.7083453237 1
2.36039769 0.7083453237 1
2.517012857 0.7083453237 1
2.684019625 0.7083453237 1
2.862107488 0.7083453237 1
3.05201169 0.7083453237 1
3.254516261 0.7083453237 1
3.470457248 0.7083453237 1
3.700726173 0.7083453237 1
3.946273713 0.7083453237 1
4.208113622 0.7083453237 1
4.487326917 0.7083453237 1
4.785066343 0.7083453237 1
5.10256113 0.7083453237 1
5.44112207 0.7083453237 1
5.802146928 0.7083453237 0
6.18712621 0.7083453237 0
6.597649321 0.7083453237 0
7.035411124 0.7083453237 0
7.502218938 0.7083453237 0
8 0.7083453237 0

0.05 0.7513669065 1
0.05331755889 0.7513669065 1
0.05685524171 0.7513669065 1
0.06062765396 0.7513669065 1
0.06465037021 0.7513669065 1
0.06893999841 0.7513669065 1
0.0735142485 0.7513669065 1
0.07839200547 0.7513669065 1
0.08359340736 0.7513669065 1
0.08913992839 0.7513669065 1
0.09505446762 0.7513669065 1
0.1013614435 0.7513669065 1
0.1080868946 0.7513669065 1
0.1152585874 0.7513669065 1
0.1229061304 0.7513669065 1
0.1310610969 0.7513669065 1
0.1397571551 0.7513669065 1
0.1490302069 0.7513669065 1
0.1589185367 0.7513669065 1
0.1694629687 0.7513669065 1
0.1807070363 0.7513669065 1
0.192697161 0.7513669065 1
0.2054828445 0.7513669065 1
0.2191168733 0.7513669065 1
0.2336555359 0.7513669065 1
0.2491588559 0.7513669065 1
0.2656908394 0.7513669065 1
0.2833197395 0.7513669065 1
0.3021183379 0.7513669065 1
0.3221642455 0.7513669065 1
0.3435402226 0.7513669065 1
0.3663345209 0.7513669065 1
0.3906412479 0.7513669065 1
0.4165607547 0.7513669065 1
0.4442000514 0.7513669065 1
0.473673248 0.7513669065 1
0.5051020258 0.7513669065 1
0.5386161401 0.7513669065 1
0.5743539554 0.7513669065 1
0.6124630168 0.7513669065 1
0.6531006592 0.7513669065 1
0.6964346572 0.7513669065 1
0.7426439169 0.7513669065 1
0.7919192154 0.7513669065 1
0.844463988 0.7513669065 1
0.9004951682 0.7513669065 1
0.9602440832 0.7513669065 1
1.023957409 0.7513669065 1
1.091898189 0.7513669065 1
1.16434692 0.7513669065 1
1.241602709 0.7513669065 1
1.323984511 0.7513669065 1
1.411832443 0.7513669065 1
1.505509188 0.7513669065 1
1.605401496 0.7513669065 1
1.711921776 0.7513669065 1
1.825509802 0.7513669065 1
1.946634528 0.7513669065 1
2.075796021 0.7513669065 1
2.213527532 0.7513669065 1
2.36039769 0.7513669065 1
2.517012857 0.7513669065 1
2.684019625 0.7513669065 1
2.862107488 0.7513669065 1
3.05201169 0.7513669065 1
3.254516261 0.7513669065 1
3.470457248 0.7513669065 1
3.700726173 0.7513669065 1
3.946273713 0.7513669065 1
4.208113622 0.7513669065 1
4.487326917 0.7513669065 1
4.785066343 0.7513669065 1
5.10256113 0.7513669065 1
5.44112207 0.7513669065 1
5.802146928 0.7513669065 0
6.18712621 0.7513669065 0
6.597649321 0.7513669065 0
7.035411124 0.7513669065 0
7.502218938 0.7513669065 0
8 0.7513669065 0

0.05 0.7943884892 1
0.05331755889 0.7943884892 1
0.05685524171 0.7943884892 1
0.06062765396 0.7943884892 1
0.06465037021 0.7943884892 1
0.06893999841 0.7943884892 1
0.0735142485 0.7943884892 1
0.07839200547 0.7943884892 1
0.08359340736 0.7943884892 1
0.08913992839 0.7943884892 1
0.09505446762 0.7943884892 1
0.1013614435 0.7943884892 1
0.1080868946 0.7943884892 1
0.1152585874 0.7943884892 1
0.1229061304 0.7943884892 1
0.1310610969 0.7943884892 1
0.1397571551 0.7943884892 1
0.1490302069 0.7943884892 1
0.1589185367 0.7943884892 1
0.1694629687 0.7943884892 1
0.1807070363 0.7943884892 1
0.192697161 0.7943884892 1
0.2054828445 0.7943884892 1
0.2191168733 0.7943884892 1
0.2336555359 0.7943884892 1
0.2491588559 0.7943884892 1
0.2656908394 0.7943884892 1
0.2833197395 0.7943884892 1
0.3021183379 0.7943884892 1
0.3221642455 0.7943884892 1
0.3435402226 0.7943884892 1
0.3663345209 0.7943884892 1
0.3906412479 0.7943884892 1
0.4165607547 0.7943884892 1
0.4442000514 0.7943884892 1
0.473673248 0.7943884892 1
0.5051020258 0.7943884892 1
0.5386161401 0.7943884892 1
0.5743539554 0.7943884892 1
0.6124630168 0.7943884892 1
0.6531006592 0.7943884892 1
0.6964346572 0.7943884892 1
0.7426439169 0.7943884892 1
0.7919192154 0.7943884892 1
0.844463988 0.7943884892 1
0.9004951682 0.7943884892 1
0.9602440832 0.7943884892 1
1.023957409 0.7943884892 1
1.091898189 0.7943884892 1
1.16434692 0.7943884892 1
1.241602709 0.7943884892 1
1.323984511 0.7943884892 1
1.411832443 0.7943884892 1
1.505509188 0.7943884892 1
1.605401496 0.7943884892 1
1.711921776 0.7943884892 1
1.825509802 0.7943884892 1
1.946634528 0.7943884892 1
2.075796021 0.7943884892 1
2.213527532 0.7943884892 1
2.36039769 0.7943884892 1
2.517012857 0.7943884892 1
2.684019625 0.7943884892 1
2.862107488 0.7943884892 1
3.05201169 0.7943884892 1
3.254516261 0.7943884892 1
3.470457248 0.7943884892 1
3.700726173 0.7943884892 1
3.946273713 0.7943884892 1
4.208113622 0.7943884892 1
4.487326917 0.7943884892 1
4.785066343 0.7943884892 1
5.10256113 0.7943884892 1
5.44112207 0.7943884892 1
5.802146928 0.7943884892 0
6.18712621 0.7943884892 0
6.597649321 0.7943884892 0
7.035411124 0.7943884892 0
7.502218938 0.7943884892 0
8 0.7943884892 0

0.05 0.8374100719 1
0.05331755889 0.8374100719 1
0.05685524171 0.8374100719 1
0.06062765396 0.8374100719 1
0.06465037021 0.8374100719 1
0.06893999841 0.8374100719 1
0.0735142485 0.8374100719 1
0.07839200547 0.8374100719 1
0.08359340736 0.8374100719 1
0.08913992839 0.8374100719 1
0.09505446762 0.8374100719 1
0.1013614435 0.8374100719 1
0.1080868946 0.8374100719 1
0.1152585874 0.8374100719 1
0.1229061304 0.8374100719 1
0.1310610969 0.8374100719 1
0.1397571551 0.8374100719 1
0.1490302069 0.8374100719 1
0.1589185367 0.8374100719 1
0.1694629687 0.8374100719 1
0.1807070363 0.8374100719 1
0.192697161 0.8374100719 1
0.2054828445 0.8374100719 1
0.2191168733 0.8374100719 1
0.2336555359 0.8374100719 1
0.2491588559 0.8374100719 1
0.2656908394 0.8374100719 1
0.2833197395 0.8374100719 1
0.3021183379 0.8374100719 1
0.3221642455 0.8374100719 1
0.3435402226 0.8374100719 1
0.3663345209 0.8374100719 1
0.3906412479 0.8374100719 1
0.4165607547 0.8374100719 1
0.4442000514 0.8374100719 1
0.473673248 0.8374100719 1
0.5051020258 0.8374100719 1
0.5386161401 0.8374100719 1
0.5743539554 0.8374100719 1
0.6124630168 0.8374100719 1
0.6531006592 0.8374100719 1
0.6964346572 0.8374100719 1
0.7426439169 0.8374100719 1
0.7919192154 0.8374100719 1
0.844463988 0.8374100719 1
0.9004951682 0.8374100719 1
0.9602440832 0.8374100719 1
1.023957409 0.8374100719 1
1.091898189 0.8374100719 1
1.16434692 0.8374100719 1
1.241602709 0.8374100719 1
1.323984511 0.8374100719 1
1.411832443 0.8374100719 1
1.505509188 0.8374100719 1
1.605401496 0.8374100719 1
1.711921776 0.8374100719 1
1.825509802 0.8374100719 1
1.946634528 0.8374100719 1
2.075796021 0.8374100719 1
2.213527532 0.8374100719 1
2.36039769 0.8374100719 1
2.517012857 0.8374100719 1
2.684019625 0.8374100719 1
2.862107488 0.8374100719 1
3.05201169 0.8374100719 1
3.254516261 0.8374100719 1
3.470457248 0.8374100719 1
3.700726173 0.8374100719 1
3.946273713 0.8374100719 1
4.208113622 0.8374100719 1
4.487326917 0.8374100719 1
4.785066343 0.8374100719 1
5.10256113 0.8374100719 1
5.44112207 0.8374100719 1
5.802146928 0.8374100719 0
6.18712621 0.8374100719 0
6.597649321 0.8374100719 0
7.035411124 0.8374100719 0
7.502218938 0.8374100719 0
8 0.8374100719 0

0.05 0.8804316547 1
0.05331755889 0.8804316547 1
0.05685524171 0.8804316547 1
0.06062765396 0.8804316547 1
0.06465037021 0.8804316547 1
0.06893999841 0.8804316547 1
0.0735142485 0.8804316547 1
0.07839200547 0.8804316547 1
0.08359340736 0.8804316547 1
0.08913992839 0.8804316547 1
0.09505446762 0.8804316547 1
0.1013614435 0.8804316547 1
0.1080868946 0.8804316547 1
0.1152585874 0.8804316547 1
0.1229061304 0.8804316547 1
0.1310610969 0.8804316547 1
0.1397571551 0.8804316547 1
0.1490302069 0.8804316547 1
0.1589185367 0.8804316547 1
0.1694629687 0.8804316547 1
0.1807070363 0.8804316547 1
0.192697161 0.8804316547 1
0.2054828445 0.8804316547 1
0.2191168733 0.8804316547 1
0.2336555359 0.8804316547 1
0.2491588559 0.8804316547 1
0.2656908394 0.8804316547 1
0.2833197395 0.8804316547 1
0.3021183379 0.8804316547 1
0.3221642455 0.8804316547 1
0.3435402226 0.8804316547 1
0.3663345209 0.8804316547 1
0.3906412479 0.8804316547 1
0.4165607547 0.8804316547 1
0.4442000514 0.8804316547 1
0.473673248 0.8804316547 1
0.5051020258 0.8804316547 1
0.5386161401 0.8804316547 1
0.5743539554 0.8804316547 1
0.6124630168 0.8804316547 1
0.6531006592 0.8804316547 1
0.6964346572 0.8804316547 1
0.7426439169 0.8804316547 1
0.7919192154 0.8804316547 1
0.844463988 0.8804316547 1
0.9004951682 0.8804316547 1
0.9602440832 0.8804316547 1
1.023957409 0.8804316547 1
1.091898189 0.8804316547 1
1.16434692 0.8804316547 1
1.241602709 0.8804316547 1
1.323984511 0.8804316547 1
1.411832443 0.8804316547 1
1.505509188 0.8804316547 1
1.605401496 0.8804316547 1
1.711921776 0.8804316547 1
1.825509802 0.8804316547 1
1.946634528 0.8804316547 1
2.075796021 0.8804316547 1
2.213527532 0.8804316547 1
2.36039769 0.8804316547 1
2.517012857 0.8804316547 1
2.684019625 0.8804316547 1
2.862107488 0.8804316547 1
3.05201169 0.8804316547 1
3.254516261 0.8804316547 1
3.470457248 0.8804316547 1
3.700726173 0.8804316547 1
3.946273713 0.8804316547 1
4.208113622 0.8804316547 1
4.487326917 0.8804316547 1
4.785066343 0.8804316547 1
5.10256113 0.8804316547 1
5.44112207 0.8804316547 1
5.802146928 0.8804316547 0
6.18712621 0.8804316547 0
6.597649321 0.8804316547 0
7.035411124 0.8804316547 0
7.502218938 0.8804316547 0
8 0.8804316547 0

0.05 0.9234532374 1
0.05331755889 0.9234532374 1
0.05685524171 0.9234532374 1
0.06062765396 0.9234532374 1
0.06465037021 0.9234532374 1
0.06893999841 0.9234532374 1
0.0735142485 0.9234532374 1
0.07839200547 0.9234532374 1
0.08359340736 0.9234532374 1
0.08913992839 0.9234532374 1
0.09505446762 0.9234532374 1
0.1013614435 0.9234532374 1
0.1080868946 0.9234532374 1
0.1152585874 0.9234532374 1
0.1229061304 0.9234532374 1
0.1310610969 0.9234532374 1
0.1397571551 0.9234532374 1
0.1490302069 0.9234532374 1
0.1589185367 0.9234532374 1
0.1694629687 0.9234532374 1
0.1807070363 0.9234532374 1
0.192697161 0.9234532374 1
0.2054828445 0.9234532374 1
0.2191168733 0.9234532374 1
0.2336555359 0.9234532374 1
0.2491588559 0.9234532374 1
0.2656908394 0.9234532374 1
0.2833197395 0.9234532374 1
0.3021183379 0.9234532374 1
0.3221642455 0.9234532374 1
0.3435402226 0.9234532374 1
0.3663345209 0.9234532374 1
0.3906412479 0.9234532374 1
0.4165607547 0.9234532374 1
0.4442000514 0.9234532374 1
0.473673248 0.9234532374 1
0.5051020258 0.9234532374 1
0.5386161401 0.9234532374 1
0.5743539554 0.9234532374 1
0.6124630168 0.9234532374 1
0.6531006592 0.9234532374 1
0.6964346572 0.9234532374 1
0.7426439169 0.9234532374 1
0.7919192154 0.9234532374 1
0.844463988 0.9234532374 1
0.9004951682 0.9234532374 1
0.9602440832 0.9234532374 1
1.023957409 0.9234532374 1
1.091898189 0.9234532374 1
1.16434692 0.9234532374 1
1.241602709 0.9234532374 1
1.323984511 0.9234532374 1
1.411832443 0.9234532374 1
1.505509188 0.9234532374 1
1.605401496 0.9234532374 1
1.711921776 0.9234532374 1
1.825509802 0.9234532374 1
1.946634528 0.9234532374 1
2.075796021 0.9234532374 1
2.213527532 0.9234532374 1
2.36039769 0.9234532374 1
2.517012857 0.9234532374 1
2.684019625 0.9234532374 1
2.862107488 0.9234532374 1
3.05201169 0.9234532374 1
3.254516261 0.9234532374 1
3.470457248 0.9234532374 1
3.700726173 0.9234532374 1
3.946273713 0.9234532374 1
4.208113622 0.9234532374 1
4.487326917 0.9234532374 1
4.785066343 0.9234532374 1
5.10256113 0.9234532374 1
5.44112207 0.9234532374 1
5.802146928 0.9234532374 0
6.18712621 0.9234532374 0
6.597649321 0.9234532374 0
7.035411124 0.9234532374 0
7.502218938 0.9234532374 0
8 0.9234532374 0

0.05 0.9664748201 1
0.05331755889 0.9664748201 1
0.05685524171 0.9664748201 1
0.06062765396 0.9664748201 1
0.06465037021 0.9664748201 1
0.06893999841 0.9664748201 1
0.0735142485 0.9664748201 1
0.07839200547 0.9664748201 1
0.08359340736 0.9664748201 1
0.08913992839 0.9664748201 1
0.09505446762 0.9664748201 1
0.1013614435 0.9664748201 1
0.1080868946 0.9664748201 1
0.1152585874 0.9664748201 1
0.1229061304 0.9664748201 1
0.1310610969 0.9664748201 1
0.1397571551 0.9664748201 1
0.1490302069 0.9664748201 1
0.1589185367 0.9664748201 1
0.1694629687 0.9664748201 1
0.1807070363 0.9664748201 1
0.192697161 0.9664748201 1
0.2054828445 0.9664748201 1
0.2191168733 0.9664748201 1
0.2336555359 0.9664748201 1
0.2491588559 0.9664748201 1
0.2656908394 0.9664748201 1
0.2833197395 0.9664748201 1
0.3021183379 0.9664748201 1
0.3221642455 0.9664748201 1
0.3435402226 0.9664748201 1
0.3663345209 0.9664748201 1
0.3906412479 0.9664748201 1
0.4165607547 0.9664748201 1
0.4442000514 0.9664748201 1
0.473673248 0.9664748201 1
0.5051020258 0.9664748201 1
0.5386161401 0.9664748201 1
0.5743539554 0.9664748201 1
0.6124630168 0.9664748201 1
0.6531006592 0.9664748201 1
0.6964346572 0.9664748201 1
0.7426439169 0.9664748201 1
0.7919192154 0.9664748201 1
0.844463988 0.9664748201 1
0.9004951682 0.9664748201 1
0.9602440832 0.9664748201 1
1.023957409 0.9664748201 1
1.091898189 0.9664748201 1
1.16434692 0.9664748201 1
1.241602709 0.9664748201 1
1.323984511 0.9664748201 1
1.411832443 0.9664748201 1
1.505509188 0.9664748201 1
1.605401496 0.9664748201 1
1.711921776 0.9664748201 1
1.825509802 0.9664748201 1
1.946634528 0.9664748201 1
2.075796021 0.9664748201 1
2.213527532 0.9664748201 1
2.36039769 0.9664748201 1
2.517012857 0.9664748201 1
2.684019625 0.9664748201 1
2.862107488 0.9664748201 1
3.05201169 0.9664748201 1
3.254516261 0.9664748201 1
3.470457248 0.9664748201 1
3.700726173 0.9664748201 1
3.946273713 0.9664748201 1
4.208113622 0.9664748201 1
4.487326917 0.9664748201 1
4.785066343 0.9664748201 1
5.10256113 0.9664748201 1
5.44112207 0.9664748201 0
5.802146928 0.9664748201 0
6.18712621 0.9664748201 0
6.597649321 0.9664748201 0
7.035411124 0.9664748201 0
7.502218938 0.9664748201 0
8 0.9664748201 0

0.05 1.009496403 1
0.05331755889 1.009496403 1
0.05685524171 1.009496403 1
0.06062765396 1.009496403 1
0.06465037021 1.009496403 1
0.06893999841 1.009496403 1
0.0735142485 1.009496403 1
0.07839200547 1.009496403 1
0.08359340736 1.009496403 1
0.08913992839 1.009496403 1
0.09505446762 1.009496403 1
0.1013614435 1.009496403 1
0.1080868946 1.009496403 1
0.1152585874 1.009496403 1
0.1229061304 1.009496403 1
0.1310610969 1.009496403 1
0.1397571551 1.009496403 1
0.1490302069 1.009496403 1
0.1589185367 1.009496403 1
0.1694629687 1.009496403 1
0.1807070363 1.009496403 1
0.192697161 1.009496403 1
0.2054828445 1.009496403 1
0.2191168733 1.009496403 1
0.2336555359 1.009496403 1
0.2491588559 1.009496403 1
0.2656908394 1.009496403 1
0.2833197395 1.009496403 1
0.3021183379 1.009496403 1
0.3221642455 1.009496403 1
0.3435402226 1.009496403 1
0.3663345209 1.009496403 1
0.3906412479 1.009496403 1
0.4165607547 1.009496403 1
0.4442000514 1.009496403 1
0.473673248 1.009496403 1
0.5051020258 1.009496403 1
0.5386161401 1.009496403 1
0.5743539554 1.009496403 1
0.6124630168 1.009496403 1
0.6531006592 1.009496403 1
0.6964346572 1.009496403 1
0.7426439169 1.009496403 1
0.7919192154 1.009496403 1
0.844463988 1.009496403 1
0.9004951682 1.009496403 1
0.9602440832 1.009496403 1
1.023957409 1.009496403 1
1.091898189 1.009496403 1
1.16434692 1.009496403 1
1.241602709 1.009496403 1
1.323984511 1.009496403 1
1.411832443 1.009496403 1
1.505509188 1.009496403 1
1.605401496 1.009496403 1
1.711921776 1.009496403 1
1.825509802 1.009496403 1
1.946634528 1.009496403 1
2.075796021 1.009496403 1
2.213527532 1.009496403 1
2.36039769 1.009496403 1
2.517012857 1.009496403 1
2.684019625 1.009496403 1
2.862107488 1.009496403 1
3.05201169 1.009496403 1
3.254516261 1.009496403 1
3.470457248 1.009496403 1
3.700726173 1.009496403 1
3.946273713 1.009496403 1
4.208113622 1.009496403 1
4.487326917 1.009496403 1
4.785066343 1.009496403 1
5.10256113 1.009496403 0
5.44112207 1.009496403 0
5.802146928 1.009496403 0
6.18712621 1.009496403 0
6.597649321 1.009496403 0
7.035411124 1.009496403 0
7.502218938 1.009496403 0
8 1.009496403 0

0.05 1.052517986 1
0.05331755889 1.052517986 1
0.05685524171 1.052517986 1
0.06062765396 1.052517986 1
0.06465037021 1.052517986 1
0.06893999841 1.052517986 1
0.0735142485 1.052517986 1
0.07839200547 1.052517986 1
0.08359340736 1.052517986 1
0.08913992839 1.052517986 1
0.09505446762 1.052517986 1
0.1013614435 1.052517986 1
0.1080868946 1.052517986 1
0.1152585874 1.052517986 1
0.1229061304 1.052517986 1
0.1310610969 1.052517986 1
0.1397571551 1.052517986 1
0.1490302069 1.052517986 1
0.1589185367 1.052517986 1
0.1694629687 1.052517986 1
0.1807070363 1.052517986 1
0.192697161 1.052517986 1
0.2054828445 1.052517986 1
0.2191168733 1.052517986 1
0.2336555359 1.052517986 1
0.2491588559 1.052517986 1
0.2656908394 1.052517986 1
0.2833197395 1.052517986 1
0.3021183379 1.052517986 1
0.3221642455 1.052517986 1
0.3435402226 1.052517986 1
0.3663345209 1.052517986 1
0.3906412479 1.052517986 1
0.4165607547 1.052517986 1
0.4442000514 1.052517986 1
0.473673248 1.052517986 1
0.5051020258 1.052517986 1
0.5386161401 1.052517986 1
0.5743539554 1.052517986 1
0.6124630168 1.052517986 1
0.6531006592 1.052517986 1
0.6964346572 1.052517986 1
0.7426439169 1.052517986 1
0.7919192154 1.052517986 1
0.844463988 1.052517986 1
0.9004951682 1.052517986 1
0.9602440832 1.052517986 1
1.023957409 1.052517986 1
1.091898189 1.052517986 1
1.16434692 1.052517986 1
1.241602709 1.052517986 1
1.323984511 1.052517986 1
1.411832443 1.052517986 1
1.505509188 1.052517986 1
1.605401496 1.052517986 1
1.711921776 1.052517986 1
1.825509802 1.052517986 1
1.946634528 1.052517986 1
2.075796021 1.052517986 1
2.213527532 1.052517986 1
2.36039769 1.052517986 1
2.517012857 1.052517986 1
2.684019625 1.052517986 1
2.862107488 1.052517986 1
3.05201169 1.052517986 1
3.254516261 1.052517986 1
3.470457248 1.052517986 1
3.700726173 1.052517986 1
3.946273713 1.052517986 1
4.208113622 1.052517986 1
4.487326917 1.052517986 1
4.785066343 1.052517986 0
5.10256113 1.052517986 0
5.44112207 1.052517986 0
5.802146928 1.052517986 0
6.18712621 1.052517986 0
6.597649321 1.052517986 0
7.035411124 1.052517986 0
7.502218938 1.052517986 0
8 1.052517986 0

0.05 1.095539568 1
0.05331755889 1.095539568 1
0.05685524171 1.095539568 1
0.06062765396 1.095539568 1
0.06465037021 1.095539568 1
0.06893999841 1.095539568 1
0.0735142485 1.095539568 1
0.07839200547 1.095539568 1
0.08359340736 1.095539568 1
0.08913992839 1.095539568 1
0.09505446762 1.095539568 1
0.1013614435 1.095539568 1
0.1080868946 1.095539568 1
0.1152585874 1.095539568 1
0.1229061304 1.095539568 1
0.1310610969 1.095539568 1
0.1397571551 1.095539568 1
0.1490302069 1.095539568 1
0.1589185367 1.095539568 1
0.1694629687 1.095539568 1
0.1807070363 1.095539568 1
0.192697161 1.095539568 1
0.2054828445 1.095539568 1
0.2191168733 1.095539568 1
0.2336555359 1.095539568 1
0.2491588559 1.095539568 1
0.2656908394 1.095539568 1
0.2833197395 1.095539568 1
0.3021183379 1.095539568 1
0.3221642455 1.095539568 1
0.3435402226 1.095539568 1
0.3663345209 1.095539568 1
0.3906412479 1.095539568 1
0.4165607547 1.095539568 1
0.4442000514 1.095539568 1
0.473673248 1.095539568 1
0.5051020258 1.095539568 1
0.5386161401 1.095539568 1
0.5743539554 1.095539568 1
0.6124630168 1.095539568 1
0.6531006592 1.095539568 1
0.6964346572 1.095539568 1
0.7426439169 1.095539568 1
0.7919192154 1.095539568 1
0.844463988 1.095539568 1
0.9004951682 1.095539568 1
0.9602440832 1.095539568 1
1.023957409 1.095539568 1
1.091898189 1.095539568 1
1.16434692 1.095539568 1
1.241602709 1.095539568 1
1.323984511 1.095539568 1
1.411832443 1.095539568 1
1.505509188 1.095539568 1
1.605401496 1.095539568 1
1.711921776 1.095539568 1
1.825509802 1.095539568 1
1.946634528 1.095539568 1
2.075796021 1.095539568 1
2.213527532 1.095539568 1
2.36039769 1.095539568 1
2.517012857 1.095539568 1
2.684019625 1.095539568 1
2.862107488 1.095539568 1
3.05201169 1.095539568 1
3.254516261 1.095539568 1
3.470457248 1.095539568 1
3.700726173 1.095539568 1
3.946273713 1.095539568 1
4.208113622 1.095539568 1
4.487326917 1.095539568 0
4.785066343 1.095539568 0
5.10256113 1.095539568 0
5.44112207 1.095539568 0
5.802146928 1.095539568 0
6.18712621 1.095539568 0
6.597649321 1.095539568 0
7.035411124 1.095539568 0
7.502218938 1.095539568 0
8 1.095539568 0

0.05 1.138561151 1
0.05331755889 1.138561151 1
0.05685524171 1.138561151 1
0.06062765396 1.138561151 1
0.06465037021 1.138561151 1
0.06893999841 1.138561151 1
0.0735142485 1.138561151 1
0.07839200547 1.138561151 1
0.08359340736 1.138561151 1
0.08913992839 1.138561151 1
0.09505446762 1.138561151 1
0.1013614435 1.138561151 1
0.1080868946 1.138561151 1
0.1152585874 1.138561151 1
0.1229061304 1.138561151 1
0.1310610969 1.138561151 1
0.1397571551 1.138561151 1
0.1490302069 1.138561151 1
0.1589185367 1.138561151 1
0.1694629687 1.138561151 1
0.1807070363 1.138561151 1
0.192697161 1.138561151 1
0.2054828445 1.138561151 1
0.2191168733 1.138561151 1
0.2336555359 1.138561151 1
0.2491588559 1.138561151 1
0.2656908394 1.138561151 1
0.2833197395 1.138561151 1
0.3021183379 1.138561151 1
0.3221642455 1.138561151 1
0.3435402226 1.138561151 1
0.3663345209 1.138561151 1
0.3906412479 1.138561151 1
0.4165607547 1.138561151 1
0.4442000514 1.138561151 1
0.473673248 1.138561151 1
0.5051020258 1.138561151 1
0.5386161401 1.138561151 1
0.5743539554 1.138561151 1
0.6124630168 1.138561151 1
0.6531006592 1.138561151 1
0.6964346572 1.138561151 1
0.7426439169 1.138561151 1
0.7919192154 1.138561151 1
0.844463988 1.138561151 1
0.9004951682 1.138561151 1
0.9602440832 1.138561151 1
1.023957409 1.138561151 1
1.091898189 1.138561151 1
1.16434692 1.138561151 1
1.241602709 1.138561151 1
1.323984511 1.138561151 1
1.411832443 1.138561151 1
1.505509188 1.138561151 1
1.605401496 1.138561151 1
1.711921776 1.138561151 1
1.825509802 1.138561151 1
1.946634528 1.138561151 1
2.075796021 1.138561151 1
2.213527532 1.138561151 1
2.36039769 1.138561151 1
2.517012857 1.138561151 1
2.684019625 1.138561151 1
2.862107488 1.138561151 1
3.05201169 1.138561151 1
3.254516261 1.138561151 1
3.470457248 1.138561151 1
3.700726173 1.138561151 1
3.946273713 1.138561151 1
4.208113622 1.138561151 0
4.487326917 1.138561151 0
4.785066343 1.138561151 0
5.10256113 1.138561151 0
5.44112207 1.138561151 0
5.802146928 1.138561151 0
6.18712621 1.138561151 0
6.597649321 1.138561151 0
7.035411124 1.138561151 0
7.502218938 1.138561151 0
8 1.138561151 0

0.05 1.181582734 1
0.05331755889 1.181582734 1
0.05685524171 1.181582734 1
0.06062765396 1.181582734 1
0.06465037021 1.181582734 1
0.06893999841 1.181582734 1
0.0735142485 1.181582734 1
0.07839200547 1.181582734 1
0.08359340736 1.181582734 1
0.08913992839 1.181582734 1
0.09505446762 1.181582734 1
0.1013614435 1.181582734 1
0.1080868946 1.181582734 1
0.1152585874 1.181582734 1
0.1229061304 1.181582734 1
0.1310610969 1.181582734 1
0.1397571551 1.181582734 1
0.1490302069 1.181582734 1
0.1589185367 1.181582734 1
0.1694629687 1.181582734 1
0.1807070363 1.181582734 1
0.192697161 1.181582734 1
0.2054828445 1.181582734 1
0.2191168733 1.181582734 1
0.2336555359 1.181582734 1
0.2491588559 1.181582734 1
0.2656908394 1.181582734 1
0.2833197395 1.181582734 1
0.3021183379 1.181582734 1
0.3221642455 1.181582734 1
0.3435402226 1.181582734 1
0.3663345209 1.181582734 1
0.3906412479 1.181582734 1
0.4165607547 1.181582734 1
0.4442000514 1.181582734 1
0.473673248 1.181582734 1
0.5051020258 1.181582734 1
0.5386161401 1.181582734 1
0.5743539554 1.181582734 1
0.6124630168 1.181582734 1
0.6531006592 1.181582734 1
0.6964346572 1.181582734 1
0.7426439169 1.181582734 1
0.7919192154 1.181582734 1
0.844463988 1.181582734 1
0.9004951682 1.181582734 1
0.9602440832 1.181582734 1
1.023957409 1.181582734 1
1.091898189 1.181582734 1
1.16434692 1.181582734 1
1.241602709 1.181582734 1
1.323984511 1.181582734 1
1.411832443 1.181582734 1
1.505509188 1.181582734 1
1.605401496 1.181582734 1
1.711921776 1.181582734 1
1.825509802 1.181582734 1
1.946634528 1.181582734 1
2.075796021 1.181582734 1
2.213527532 1.181582734 1
2.36039769 1.181582734 1
2.517012857 1.181582734 1
2.684019625 1.181582734 1
2.862107488 1.181582734 1
3.05201169 1.181582734 1
3.254516261 1.181582734 1
3.470457248 1.181582734 1
3.700726173 1.181582734 1
3.946273713 1.181582734 0
4.208113622 1.181582734 0
4.487326917 1.181582734 0
4.785066343 1.181582734 0
5.10256113 1.181582734 0
5.44112207 1.181582734 0
5.802146928 1.181582734 0
6.18712621 1.181582734 0
6.597649321 1.181582734 0
7.035411124 1.181582734 0
7.502218938 1.181582734 0
8 1.181582734 0

0.05 1.224604317 1
0.05331755889 1.224604317 1
0.05685524171 1.224604317 1
0.06062765396 1.224604317 1
0.06465037021 1.224604317 1
0.06893999841 1.224604317 1
0.0735142485 1.224604317 1
0.07839200547 1.224604317 1
0.08359340736 1.224604317 1
0.08913992839 1.224604317 1
0.09505446762 1.224604317 1
0.1013614435 1.224604317 1
0.1080868946 1.224604317 1
0.1152585874 1.224604317 1
0.1229061304 1.224604317 1
0.1310610969 1.224604317 1
0.1397571551 1.224604317 1
0.1490302069 1.224604317 1
0.1589185367 1.224604317 1
0.1694629687 1.224604317 1
0.1807070363 1.224604317 1
0.192697161 1.224604317 1
0.2054828445 1.224604317 1
0.2191168733 1.224604317 1
0.2336555359 1.224604317 1
0.2491588559 1.224604317 1
0.2656908394 1.224604317 1
0.2833197395 1.224604317 1
0.3021183379 1.224604317 1
0.3221642455 1.224604317 1
0.3435402226 1.224604317 1
0.3663345209 1.224604317 1
0.3906412479 1.224604317 1
0.4165607547 1.224604317 1
0.4442000514 1.224604317 1
0.473673248 1.224604317 1
0.5051020258 1.224604317 1
0.5386161401 1.224604317 1
0.5743539554 1.224604317 1
0.6124630168 1.224604317 1
0.6531006592 1.224604317 1
0.6964346572 1.224604317 1
0.7426439169 1.224604317 1
0.7919192154 1.224604317 1
0.844463988 1.224604317 1
0.9004951682 1.224604317 1
0.9602440832 1.224604317 1
1.023957409 1.224604317 1
1.091898189 1.224604317 1
1.16434692 1.224604317 1
1.241602709 1.224604317 1
1.323984511 1.224604317 1
1.411832443 1.224604317 1
1.505509188 1.224604317 1
1.605401496 1.224604317 1
1.711921776 1.224604317 1
1.825509802 1.224604317 1
1.946634528 1.224604317 1
2.075796021 1.224604317 1
2.213527532 1.224604317 1
2.36039769 1.224604317 1
2.517012857 1.224604317 1
2.684019625 1.224604317 1
2.862107488 1.224604317 1
3.05201169 1.224604317 1
3.254516261 1.224604317 1
3.470457248 1.224604317 1
3.700726173 1.224604317 0
3.946273713 1.224604317 0
4.208113622 1.224604317 0
4.487326917 1.224604317 0
4.785066343 1.224604317 0
5.10256113 1.224604317 0
5.44112207 1.224604317 0
5.802146928 1.224604317 0
6.18712621 1.224604317 0
6.597649321 1.224604317 0
7.035411124 1.224604317 0
7.502218938 1.224604317 0
8 1.224604317 0

0.05 1.267625899 1
0.05331755889 1.267625899 1
0.05685524171 1.267625899 1
0.06062765396 1.267625899 1
0.06465037021 1.267625899 1
0.06893999841 1.267625899 1
0.0735142485 1.267625899 1
0.07839200547 1.267625899 1
0.08359340736 1.267625899 1
0.08913992839 1.267625899 1
0.09505446762 1.267625899 1
0.1013614435 1.267625899 1
0.1080868946 1.267625899 1
0.1152585874 1.267625899 1
0.1229061304 1.267625899 1
0.1310610969 1.267625899 1
0.1397571551 1.267625899 1
0.1490302069 1.267625899 1
0.1589185367 1.267625899 1
0.1694629687 1.267625899 1
0.1807070363 1.267625899 1
0.192697161 1.267625899 1
0.2054828445 1.267625899 1
0.2191168733 1.267625899 1
0.2336555359 1.267625899 1
0.2491588559 1.267625899 1
0.2656908394 1.267625899 1
0.2833197395 1.267625899 1
0.3021183379 1.267625899 1
0.3221642455 1.267625899 1
0.3435402226 1.267625899 1
0.3663345209 1.267625899 1
0.3906412479 1.267625899 1
0.4165607547 1.267625899 1
0.4442000514 1.267625899 1
0.473673248 1.267625899 1
0.5051020258 1.267625899 1
0.5386161401 1.267625899 1
0.5743539554 1.267625899 1
0.6124630168 1.267625899 1
0.6531006592 1.267625899 1
0.6964346572 1.267625899 1
0.7426439169 1.267625899 1
0.7919192154 1.267625899 1
0.844463988 1.267625899 1
0.9004951682 1.267625899 1
0.9602440832 1.267625899 1
1.023957409 1.267625899 1
1.091898189 1.267625899 1
1.16434692 1.267625899 1
1.241602709 1.267625899 1
1.323984511 1.267625899 1
1.411832443 1.267625899 1
1.505509188 1.267625899 1
1.605401496 1.267625899 1
1.711921776 1.267625899 1
1.825509802 1.267625899 1
1.946634528 1.267625899 1
2.075796021 1.267625899 1
2.213527532 1.267625899 1
2.36039769 1.267625899 1
2.517012857 1.267625899 1
2.684019625 1.267625899 1
2.862107488 1.267625899 1
3.05201169 1.267625899 1
3.254516261 1.267625899 1
3.470457248 1.267625899 0
3.700726173 1.267625899 0
3.946273713 1.267625899 0
4.208113622 1.267625899 0
4.487326917 1.267625899 0
4.785066343 1.267625899 0
5.10256113 1.267625899 0
5.44112207 1.267625899 0
5.802146928 1.267625899 0
6.18712621 1.267625899 0
6.597649321 1.267625899 0
7.035411124 1.267625899 0
7.502218938 1.267625899 0
8 1.267625899 0

0.05 1.310647482 1
0.05331755889 1.310647482 1
0.05685524171 1.310647482 1
0.06062765396 1.310647482 1
0.06465037021 1.310647482 1
0.06893999841 1.310647482 1
0.0735142485 1.310647482 1
0.07839200547 1.310647482 1
0.08359340736 1.310647482 1
0.08913992839 1.310647482 1
0.09505446762 1.310647482 1
0.1013614435 1.310647482 1
0.1080868946 1.310647482 1
0.1152585874 1.310647482 1
0.1229061304 1.310647482 1
0.1310610969 1.310647482 1
0.1397571551 1.310647482 1
0.1490302069 1.310647482 1
0.1589185367 1.310647482 1
0.1694629687 1.310647482 1
0.1807070363 1.310647482 1
0.192697161 1.310647482 1
0.2054828445 1.310647482 1
0.2191168733 1.310647482 1
0.2336555359 1.310647482 1
0.2491588559 1.310647482 1
0.2656908394 1.310647482 1
0.2833197395 1.310647482 1
0.3021183379 1.310647482 1
0.3221642455 1.310647482 1
0.3435402226 1.310647482 1
0.3663345209 1.310647482 1
0.3906412479 1.310647482 1
0.4165607547 1.310647482 1
0.4442000514 1.310647482 1
0.473673248 1.310647482 1
0.5051020258 1.310647482 1
0.5386161401 1.310647482 1
0.5743539554 1.310647482 1
0.6124630168 1.310647482 1
0.6531006592 1.310647482 1
0.6964346572 1.310647482 1
0.7426439169 1.310647482 1
0.7919192154 1.310647482 1
0.844463988 1.310647482 1
0.9004951682 1.310647482 1
0.9602440832 1.310647482 1
1.023957409 1.310647482 1
1.091898189 1.310647482 1
1.16434692 1.310647482 1
1.241602709 1.310647482 1
1.323984511 1.310647482 1
1.411832443 1.310647482 1
1.505509188 1.310647482 1
1.605401496 1.310647482 1
1.711921776 1.310647482 1
1.825509802 1.310647482 1
1.946634528 1.310647482 1
2.075796021 1.310647482 1
2.213527532 1.310647482 1
2.36039769 1.310647482 1
2.517012857 1.310647482 1
2.684019625 1.310647482 1
2.862107488 1.310647482 1
3.05201169 1.310647482 1
3.254516261 1.310647482 0
3.470457248 1.310647482 0
3.700726173 1.310647482 0
3.946273713 1.310647482 0
4.208113622 1.310647482 0
4.487326917 1.310647482 0
4.785066343 1.310647482 0
5.10256113 1.310647482 0
5.44112207 1.310647482 0
5.802146928 1.310647482 0
6.18712621 1.310647482 0
6.597649321 1.310647482 0
7.035411124 1.310647482 0
7.502218938 1.310647482 0
8 1.310647482 0

0.05 1.353669065 1
0.05331755889 1.353669065 1
0.05685524171 1.353669065 1
0.06062765396 1.353669065 1
0.06465037021 1.353669065 1
0.06893999841 1.353669065 1
0.0735142485 1.353669065 1
0.07839200547 1.353669065 1
0.08359340736 1.353669065 1
0.08913992839 1.353669065 1
0.09505446762 1.353669065 1
0.1013614435 1.353669065 1
0.1080868946 1.353669065 1
0.1152585874 1.353669065 1
0.1229061304 1.353669065 1
0.1310610969 1.353669065 1
0.1397571551 1.353669065 1
0.1490302069 1.353669065 1
0.1589185367 1.353669065 1
0.1694629687 1.353669065 1
0.1807070363 1.353669065 1
0.192697161 1.353669065 1
0.2054828445 1.353669065 1
0.2191168733 1.353669065 1
0.2336555359 1.353669065 1
0.2491588559 1.353669065 1
0.2656908394 1.353669065 1
0.2833197395 1.353669065 1
0.3021183379 1.353669065 1
0.3221642455 1.353669065 1
0.3435402226 1.353669065 1
0.3663345209 1.353669065 1
0.3906412479 1.353669065 1
0.4165607547 1.353669065 1
0.4442000514 1.353669065 1
0.473673248 1.353669065 1
0.5051020258 1.353669065 1
0.5386161401 1.353669065 1
0.5743539554 1.353669065 1
0.6124630168 1.353669065 1
0.6531006592 1.353669065 1
0.6964346572 1.353669065 1
0.7426439169 1.353669065 1
0.7919192154 1.353669065 1
0.844463988 1.353669065 1
0.9004951682 1.353669065 1
0.9602440832 1.353669065 1
1.023957409 1.353669065 1
1.091898189 1.353669065 1
1.16434692 1.353669065 1
1.241602709 1.353669065 1
1.323984511 1.353669065 1
1.411832443 1.353669065 1
1.505509188 1.353669065 1
1.605401496 1.353669065 1
1.711921776 1.353669065 1
1.825509802 1.353669065 1
1.946634528 1.353669065 1
2.075796021 1.353669065 1
2.213527532 1.353669065 1
2.36039769 1.353669065 1
2.517012857 1.353669065 1
2.684019625 1.353669065 1
2.862107488 1.353669065 1
3.05201169 1.353669065 0
3.254516261 1.353669065 0
3.470457248 1.353669065 0
3.700726173 1.353669065 0
3.946273713 1.353669065 0
4.208113622 1.353669065 0
4.487326917 1.353669065 0
4.785066343 1.353669065 0
5.10256113 1.353669065 0
5.44112207 1.353669065 0
5.802146928 1.353669065 0
6.18712621 1.353669065 0
6.597649321 1.353669065 0
7.035411124 1.353669065 0
7.502218938 1.353669065 0
8 1.353669065 0

0.05 1.396690647 1
0.05331755889 1.396690647 1
0.05685524171 1.396690647 1
0.06062765396 1.396690647 1
0.06465037021 1.396690647 1
0.06893999841 1.396690647 1
0.0735142485 1.396690647 1
0.07839200547 1.396690647 1
0.08359340736 1.396690647 1
0.08913992839 1.396690647 1
0.09505446762 1.396690647 1
0.1013614435 1.396690647 1
0.1080868946 1.396690647 1
0.1152585874 1.396690647 1
0.1229061304 1.396690647 1
0.1310610969 1.396690647 1
0.1397571551 1.396690647 1
0.1490302069 1.396690647 1
0.1589185367 1.396690647 1
0.1694629687 1.396690647 1
0.1807070363 1.396690647 1
0.192697161 1.396690647 1
0.2054828445 1.396690647 1
0.2191168733 1.396690647 1
0.2336555359 1.396690647 1
0.2491588559 1.396690647 1
0.2656908394 1.396690647 1
0.2833197395 1.396690647 1
0.3021183379 1.396690647 1
0.3221642455 1.396690647 1
0.3435402226 1.396690647 1
0.3663345209 1.396690647 1
0.3906412479 1.396690647 1
0.4165607547 1.396690647 1
0.4442000514 1.396690647 1
0.473673248 1.396690647 1
0.5051020258 1.396690647 1
0.5386161401 1.396690647 1
0.5743539554 1.396690647 1
0.6124630168 1.396690647 1
0.6531006592 1.396690647 1
0.6964346572 1.396690647 1
0.7426439169 1.396690647 1
0.7919192154 1.396690647 1
0.844463988 1.396690647 1
0.9004951682 1.396690647 1
0.9602440832 1.396690647 1
1.023957409 1.396690647 1
1.091898189 1.396690647 1
1.16434692 1.396690647 1
1.241602709 1.396690647 1
1.323984511 1.396690647 1
1.411832443 1.396690647 1
1.505509188 1.396690647 1
1.605401496 1.396690647 1
1.711921776 1.396690647 1
1.825509802 1.396690647 1
1.946634528 1.396690647 1
2.075796021 1.396690647 1
2.213527532 1.396690647 1
2.36039769 1.396690647 1
2.517012857 1.396690647 1
2.684019625 1.396690647 1
2.862107488 1.396690647 0
3.05201169 1.396690647 0
3.254516261 1.396690647 0
3.470457248 1.396690647 0
3.700726173 1.396690647 0
3.946273713 1.396690647 0
4.208113622 1.396690647 0
4.487326917 1.396690647 0
4.785066343 1.396690647 0
5.10256113 1.396690647 0
5.44112207 1.396690647 0
5.802146928 1.396690647 0
6.18712621 1.396690647 0
6.597649321 1.396690647 0
7.035411124 1.396690647 0
7.502218938 1.396690647 0
8 1.396690647 0

0.05 1.43971223 1
0.05331755889 1.43971223 1
0.05685524171 1.43971223 1
0.06062765396 1.43971223 1
0.06465037021 1.43971223 1
0.06893999841 1.43971223 1
0.0735142485 1.43971223 1
0.07839200547 1.43971223 1
0.08359340736 1.43971223 1
0.08913992839 1.43971223 1
0.09505446762 1.43971223 1
0.1013614435 1.43971223 1
0.1080868946 1.43971223 1
0.1152585874 1.43971223 1
0.1229061304 1.43971223 1
0.1310610969 1.43971223 1
0.1397571551 1.43971223 1
0.1490302069 1.43971223 1
0.1589185367 1.43971223 1
0.1694629687 1.43971223 1
0.1807070363 1.43971223 1
0.192697161 1.43971223 1
0.2054828445 1.43971223 1
0.2191168733 1.43971223 1
0.2336555359 1.43971223 1
0.2491588559 1.43971223 1
0.2656908394 1.43971223 1
0.2833197395 1.43971223 1
0.3021183379 1.43971223 1
0.3221642455 1.43971223 1
0.3435402226 1.43971223 1
0.3663345209 1.43971223 1
0.3906412479 1.43971223 1
0.4165607547 1.43971223 1
0.4442000514 1.43971223 1
0.473673248 1.43971223 1
0.5051020258 1.43971223 1
0.5386161401 1.43971223 1
0.5743539554 1.43971223 1
0.6124630168 1.43971223 1
0.6531006592 1.43971223 1
0.6964346572 1.43971223 1
0.7426439169 1.43971223 1
0.7919192154 1.43971223 1
0.844463988 1.43971223 1
0.9004951682 1.43971223 1
0.9602440832 1.43971223 1
1.023957409 1.43971223 1
1.091898189 1.43971223 1
1.16434692 1.43971223 1
1.241602709 1.43971223 1
1.323984511 1.43971223 1
1.411832443 1.43971223 1
1.505509188 1.43971223 1
1.605401496 1.43971223 1
1.711921776 1.43971223 1
1.825509802 1.43971223 1
1.946634528 1.43971223 1
2.075796021 1.43971223 1
2.213527532 1.43971223 1
2.36039769 1.43971223 1
2.517012857 1.43971223 1
2.684019625 1.43971223 0
2.862107488 1.43971223 0
3.05201169 1.43971223 0
3.254516261 1.43971223 0
3.470457248 1.43971223 0
3.700726173 1.43971223 0
3.946273713 1.43971223 0
4.208113622 1.43971223 0
4.487326917 1.43971223 0
4.785066343 1.43971223 0
5.10256113 1.43971223 0
5.44112207 1.43971223 0
5.802146928 1.43971223 0
6.18712621 1.43971223 0
6.597649321 1.43971223 0
7.035411124 1.43971223 0
7.502218938 1.43971223 0
8 1.43971223 0

0.05 1.482733813 1
0.05331755889 1.482733813 1
0.05685524171 1.482733813 1
0.06062765396 1.482733813 1
0.06465037021 1.482733813 1
0.06893999841 1.482733813 1
0.0735142485 1.482733813 1
0.07839200547 1.482733813 1
0.08359340736 1.482733813 1
0.08913992839 1.482733813 1
0.09505446762 1.482733813 1
0.1013614435 1.482733813 1
0.1080868946 1.482733813 1
0.1152585874 1.482733813 1
0.1229061304 1.482733813 1
0.1310610969 1.482733813 1
0.1397571551 1.482733813 1
0.1490302069 1.482733813 1
0.1589185367 1.482733813 1
0.1694629687 1.482733813 1
0.1807070363 1.482733813 1
0.192697161 1.482733813 1
0.2054828445 1.482733813 1
0.2191168733 1.482733813 1
0.2336555359 1.482733813 1
0.2491588559 1.482733813 1
0.2656908394 1.482733813 1
0.2833197395 1.482733813 1
0.3021183379 1.482733813 1
0.3221642455 1.482733813 1
0.3435402226 1.482733813 1
0.3663345209 1.482733813 1
0.3906412479 1.482733813 1
0.4165607547 1.482733813 1
0.4442000514 1.482733813 1
0.473673248 1.482733813 1
0.5051020258 1.482733813 1
0.5386161401 1.482733813 1
0.5743539554 1.482733813 1
0.6124630168 1.482733813 1
0.6531006592 1.482733813 1
0.6964346572 1.482733813 1
0.7426439169 1.482733813 1
0.7919192154 1.482733813 1
0.844463988 1.482733813 1
0.9004951682 1.482733813 1
0.9602440832 1.482733813 1
1.023957409 1.482733813 1
1.091898189 1.482733813 1
1.16434692 1.482733813 1
1.241602709 1.482733813 1
1.323984511 1.482733813 1
1.411832443 1.482733813 1
1.505509188 1.482733813 1
1.605401496 1.482733813 1
1.711921776 1.482733813 1
1.825509802 1.482733813 1
1.946634528 1.482733813 1
2.075796021 1.482733813 1
2.213527532 1.482733813 1
2.36039769 1.482733813 1
2.517012857 1.482733813 1
2.684019625 1.482733813 0
2.862107488 1.482733813 0
3.05201169 1.482733813 0
3.254516261 1.482733813 0
3.470457248 1.482733813 0
3.700726173 1.482733813 0
3.946273713 1.482733813 0
4.208113622 1.482733813 0
4.487326917 1.482733813 0
4.785066343 1.482733813 0
5.10256113 1.482733813 0
5.44112207 1.482733813 0
5.802146928 1.482733813 0
6.18712621 1.482733813 0
6.597649321 1.482733813 0
7.035411124 1.482733813 0
7.502218938 1.482733813 0
8 1.482733813 0

0.05 1.525755396 1
0.05331755889 1.525755396 1
0.05685524171 1.525755396 1
0.06062765396 1.525755396 1
0.06465037021 1.525755396 1
0.06893999841 1.525755396 1
0.0735142485 1.525755396 1
0.07839200547 1.525755396 1
0.08359340736 1.525755396 1
0.08913992839 1.525755396 1
0.09505446762 1.525755396 1
0.1013614435 1.525755396 1
0.1080868946 1.525755396 1
0.1152585874 1.525755396 1
0.1229061304 1.525755396 1
0.1310610969 1.525755396 1
0.1397571551 1.525755396 1
0.1490302069 1.525755396 1
0.1589185367 1.525755396 1
0.1694629687 1.525755396 1
0.1807070363 1.525755396 1
0.192697161 1.525755396 1
0.2054828445 1.525755396 1
0.2191168733 1.525755396 1
0.2336555359 1.525755396 1
0.2491588559 1.525755396 1
0.2656908394 1.525755396 1
0.2833197395 1.525755396 1
0.3021183379 1.525755396 1
0.3221642455 1.525755396 1
0.3435402226 1.525755396 1
0.3663345209 1.525755396 1
0.3906412479 1.525755396 1
0.4165607547 1.525755396 1
0.4442000514 1.525755396 1
0.473673248 1.525755396 1
0.5051020258 1.525755396 1
0.5386161401 1.525755396 1
0.5743539554 1.525755396 1
0.6124630168 1.525755396 1
0.6531006592 1.525755396 1
0.6964346572 1.525755396 1
0.7426439169 1.525755396 1
0.7919192154 1.525755396 1
0.844463988 1.525755396 1
0.9004951682 1.525755396 1
0.9602440832 1.525755396 1
1.023957409 1.525755396 1
1.091898189 1.525755396 1
1.16434692 1.525755396 1
1.241602709 1.525755396 1
1.323984511 1.525755396 1
1.411832443 1.525755396 1
1.505509188 1.525755396 1
1.605401496 1.525755396 1
1.711921776 1.525755396 1
1.825509802 1.525755396 1
1.946634528 1.525755396 1
2.075796021 1.525755396 1
2.213527532 1.525755396 1
2.36039769 1.525755396 1
2.517012857 1.525755396 0
2.684019625 1.525755396 0
2.862107488 1.525755396 0
3.05201169 1.525755396 0
3.254516261 1.525755396 0
3.470457248 1.525755396 0
3.700726173 1.525755396 0
3.946273713 1.525755396 0
4.208113622 1.525755396 0
4.487326917 1.525755396 0
4.785066343 1.525755396 0
5.10256113 1.525755396 0
5.44112207 1.525755396 0
5.802146928 1.525755396 0
6.18712621 1.525755396 0
6.597649321 1.525755396 0
7.035411124 1.525755396 0
7.502218938 1.525755396 0
8 1.525755396 0

0.05 1.568776978 1
0.05331755889 1.568776978 1
0.05685524171 1.568776978 1
0.06062765396 1.568776978 1
0.06465037021 1.568776978 1
0.06893999841 1.568776978 1
0.0735142485 1.568776978 1
0.07839200547 1.568776978 1
0.08359340736 1.568776978 1
0.08913992839 1.568776978 1
0.09505446762 1.568776978 1
0.1013614435 1.568776978 1
0.1080868946 1.568776978 1
0.1152585874 1.568776978 1
0.1229061304 1.568776978 1
0.1310610969 1.568776978 1
0.1397571551 1.568776978 1
0.1490302069 1.568776978 1
0.1589185367 1.568776978 1
0.1694629687 1.568776978 1
0.1807070363 1.568776978 1
0.192697161 1.568776978 1
0.2054828445 1.568776978 1
0.2191168733 1.568776978 1
0.2336555359 1.568776978 1
0.2491588559 1.568776978 1
0.2656908394 1.568776978 1
0.2833197395 1.568776978 1
0.3021183379 1.568776978 1
0.3221642455 1.568776978 1
0.3435402226 1.568776978 1
0.3663345209 1.568776978 1
0.3906412479 1.568776978 1
0.4165607547 1.568776978 1
0.4442000514 1.568776978 1
0.473673248 1.568776978 1
0.5051020258 1.568776978 1
0.5386161401 1.568776978 1
0.5743539554 1.568776978 1
0.6124630168 1.568776978 1
0.6531006592 1.568776978 1
0.6964346572 1.568776978 1
0.7426439169 1.568776978 1
0.7919192154 1.568776978 1
0.844463988 1.568776978 1
0.9004951682 1.568776978 1
0.9602440832 1.568776978 1
1.023957409 1.568776978 1
1.091898189 1.568776978 1
1.16434692 1.568776978 1
1.241602709 1.568776978 1
1.323984511 1.568776978 1
1.411832443 1.568776978 1
1.505509188 1.568776978 1
1.605401496 1.568776978 1
1.711921776 1.568776978 1
1.825509802 1.568776978 1
1.946634528 1.568776978 1
2.075796021 1.568776978 1
2.213527532 1.568776978 1
2.36039769 1.568776978 0
2.517012857 1.568776978 0
2.684019625 1.568776978 0
2.862107488 1.568776978 0
3.05201169 1.568776978 0
3.254516261 1.568776978 0
3.470457248 1.568776978 0
3.700726173 1.568776978 0
3.946273713 1.568776978 0
4.208113622 1.568776978 0
4.487326917 1.568776978 0
4.785066343 1.568776978 0
5.10256113 1.568776978 0
5.44112207 1.568776978 0
5.802146928 1.568776978 0
6.18712621 1.568776978 0
6.597649321 1.568776978 0
7.035411124 1.568776978 0
7.502218938 1.568776978 0
8 1.568776978 0

0.05 1.611798561 1
0.05331755889 1.611798561 1
0.05685524171 1.611798561 1
0.06062765396 1.611798561 1
0.06465037021 1.611798561 1
0.06893999841 1.611798561 1
0.0735142485 1.611798561 1
0.07839200547 1.611798561 1
0.08359340736 1.611798561 1
0.08913992839 1.611798561 1
0.09505446762 1.611798561 1
0.1013614435 1.611798561 1
0.1080868946 1.611798561 1
0.1152585874 1.611798561 1
0.1229061304 1.611798561 1
0.1310610969 1.611798561 1
0.1397571551 1.611798561 1
0.1490302069 1.611798561 1
0.1589185367 1.611798561 1
0.1694629687 1.611798561 1
0.1807070363 1.611798561 1
0.192697161 1.611798561 1
0.2054828445 1.611798561 1
0.2191168733 1.611798561 1
0.2336555359 1.611798561 1
0.2491588559 1.611798561 1
0.2656908394 1.611798561 1
0.2833197395 1.611798561 1
0.3021183379 1.611798561 1
0.3221642455 1.611798561 1
0.3435402226 1.611798561 1
0.3663345209 1.611798561 1
0.3906412479 1.611798561 1
0.4165607547 1.611798561 1
0.4442000514 1.611798561 1
0.473673248 1.611798561 1
0.5051020258 1.611798561 1
0.5386161401 1.611798561 1
0.5743539554 1.611798561 1
0.6124630168 1.611798561 1
0.6531006592 1.611798561 1
0.6964346572 1.611798561 1
0.7426439169 1.611798561 1
0.7919192154 1.611798561 1
0.844463988 1.611798561 1
0.9004951682 1.611798561 1
0.9602440832 1.611798561 1
1.023957409 1.611798561 1
1.091898189 1.611798561 1
1.16434692 1.611798561 1
1.241602709 1.611798561 1
1.323984511 1.611798561 1
1.411832443 1.611798561 1
1.505509188 1.611798561 1
1.605401496 1.611798561 1
1.711921776 1.611798561 1
1.825509802 1.611798561 1
1.946634528 1.611798561 1
2.075796021 1.611798561 1
2.213527532 1.611798561 0
2.36039769 1.611798561 0
2.517012857 1.611798561 0
2.684019625 1.611798561 0
2.862107488 1.611798561 0
3.05201169 1.611798561 0
3.254516261 1.611798561 0
3.470457248 1.611798561 0
3.700726173 1.611798561 0
3.946273713 1.611798561 0
4.208113622 1.611798561 0
4.487326917 1.611798561 0
4.785066343 1.611798561 0
5.10256113 1.611798561 0
5.44112207 1.611798561 0
5.802146928 1.611798561 0
6.18712621 1.611798561 0
6.597649321 1.611798561 0
7.035411124 1.611798561 0
7.502218938 1.611798561 0
8 1.611798561 0

0.05 1.654820144 1
0.05331755889 1.654820144 1
0.05685524171 1.654820144 1
0.06062765396 1.654820144 1
0.06465037021 1.654820144 1
0.06893999841 1.654820144 1
0.0735142485 1.654820144 1
0.07839200547 1.654820144 1
0.08359340736 1.654820144 1
0.08913992839 1.654820144 1
0.09505446762 1.654820144 1
0.1013614435 1.654820144 1
0.1080868946 1.654820144 1
0.1152585874 1.654820144 1
0.1229061304 1.654820144 1
0.1310610969 1.654820144 1
0.1397571551 1.654820144 1
0.1490302069 1.654820144 1
0.1589185367 1.654820144 1
0.1694629687 1.654820144 1
0.1807070363 1.654820144 1
0.192697161 1.654820144 1
0.2054828445 1.654820144 1
0.2191168733 1.654820144 1
0.2336555359 1.654820144 1
0.2491588559 1.654820144 1
0.2656908394 1.654820144 1
0.2833197395 1.654820144 1
0.3021183379 1.654820144 1
0.3221642455 1.654820144 1
0.3435402226 1.654820144 1
0.3663345209 1.654820144 1
0.3906412479 1.654820144 1
0.4165607547 1.654820144 1
0.4442000514 1.654820144 1
0.473673248 1.654820144 1
0.5051020258 1.654820144 1
0.5386161401 1.654820144 1
0.5743539554 1.654820144 1
0.6124630168 1.654820144 1
0.6531006592 1.654820144 1
0.6964346572 1.654820144 1
0.7426439169 1.654820144 1
0.7919192154 1.654820144 1
0.844463988 1.654820144 1
0.9004951682 1.654820144 1
0.9602440832 1.654820144 1
1.023957409 1.654820144 1
1.091898189 1.654820144 1
1.16434692 1.654820144 1
1.241602709 1.654820144 1
1.323984511 1.654820144 1
1.411832443 1.654820144 1
1.505509188 1.654820144 1
1.605401496 1.654820144 1
1.711921776 1.654820144 1
1.825509802 1.654820144 1
1.946634528 1.654820144 1
2.075796021 1.654820144 1
2.213527532 1.654820144 0
2.36039769 1.654820144 0
2.517012857 1.654820144 0
2.684019625 1.654820144 0
2.862107488 1.654820144 0
3.05201169 1.654820144 0
3.254516261 1.654820144 0
3.470457248 1.654820144 0
3.700726173 1.654820144 0
3.946273713 1.654820144 0
4.208113622 1.654820144 0
4.487326917 1.654820144 0
4.785066343 1.654820144 0
5.10256113 1.654820144 0
5.44112207 1.654820144 0
5.802146928 1.654820144 0
6.18712621 1.654820144 0
6.597649321 1.654820144 0
7.035411124 1.654820144 0
7.502218938 1.654820144 0
8 1.654820144 0

0.05 1.697841727 1
0.05331755889 1.697841727 1
0.05685524171 1.697841727 1
0.06062765396 1.697841727 1
0.06465037021 1.697841727 1
0.06893999841 1.697841727 1
0.0735142485 1.697841727 1
0.07839200547 1.697841727 1
0.08359340736 1.697841727 1
0.08913992839 1.697841727 1
0.09505446762 1.697841727 1
0.1013614435 1.697841727 1
0.1080868946 1.697841727 1
0.1152585874 1.697841727 1
0.1229061304 1.697841727 1
0.1310610969 1.697841727 1
0.1397571551 1.697841727 1
0.1490302069 1.697841727 1
0.1589185367 1.697841727 1
0.1694629687 1.697841727 1
0.1807070363 1.697841727 1
0.192697161 1.697841727 1
0.2054828445 1.697841727 1
0.2191168733 1.697841727 1
0.2336555359 1.697841727 1
0.2491588559 1.697841727 1
0.2656908394 1.697841727 1
0.2833197395 1.697841727 1
0.3021183379 1.697841727 1
0.3221642455 1.697841727 1
0.3435402226 1.697841727 1
0.3663345209 1.697841727 1
0.3906412479 1.697841727 1
0.4165607547 1.697841727 1
0.4442000514 1.697841727 1
0.473673248 1.697841727 1
0.5051020258 1.697841727 1
0.5386161401 1.697841727 1
0.5743539554 1.697841727 1
0.6124630168 1.697841727 1
0.6531006592 1.697841727 1
0.6964346572 1.697841727 1
0.7426439169 1.697841727 1
0.7919192154 1.697841727 1
0.844463988 1.697841727 1
0.9004951682 1.697841727 1
0.9602440832 1.697841727 1
1.023957409 1.697841727 1
1.091898189 1.697841727 1
1.16434692 1.697841727 1
1.241602709 1.697841727 1
1.323984511 1.697841727 1
1.411832443 1.697841727 1
1.505509188 1.697841727 1
1.605401496 1.697841727 1
1.711921776 1.697841727 1
1.825509802 1.697841727 1
1.946634528 1.697841727 1
2.075796021 1.697841727 0
2.213527532 1.697841727 0
2.36039769 1.697841727 0
2.517012857 1.697841727 0
2.684019625 1.697841727 0
2.862107488 1.697841727 0
3.05201169 1.697841727 0
3.254516261 1.697841727 0
3.470457248 1.697841727 0
3.700726173 1.697841727 0
3.946273713 1.697841727 0
4.208113622 1.697841727 0
4.487326917 1.697841727 0
4.785066343 1.697841727 0
5.10256113 1.697841727 0
5.44112207 1.697841727 0
5.802146928 1.697841727 0
6.18712621 1.697841727 0
6.597649321 1.697841727 0
7.035411124 1.697841727 0
7.502218938 1.697841727 0
8 1.697841727 0

0.05 1.740863309 1
0.05331755889 1.740863309 1
0.05685524171 1.740863309 1
0.06062765396 1.740863309 1
0.06465037021 1.740863309 1
0.06893999841 1.740863309 1
0.0735142485 1.740863309 1
0.07839200547 1.740863309 1
0.08359340736 1.740863309 1
0.08913992839 1.740863309 1
0.09505446762 1.740863309 1
0.1013614435 1.740863309 1
0.1080868946 1.740863309 1
0.1152585874 1.740863309 1
0.1229061304 1.740863309 1
0.1310610969 1.740863309 1
0.1397571551 1.740863309 1
0.1490302069 1.740863309 1
0.1589185367 1.740863309 1
0.1694629687 1.740863309 1
0.1807070363 1.740863309 1
0.192697161 1.740863309 1
0.2054828445 1.740863309 1
0.2191168733 1.740863309 1
0.2336555359 1.740863309 1
0.2491588559 1.740863309 1
0.2656908394 1.740863309 1
0.2833197395 1.740863309 1
0.3021183379 1.740863309 1
0.3221642455 1.740863309 1
0.3435402226 1.740863309 1
0.3663345209 1.740863309 1
0.3906412479 1.740863309 1
0.4165607547 1.740863309 1
0.4442000514 1.740863309 1
0.473673248 1.740863309 1
0.5051020258 1.740863309 1
0.5386161401 1.740863309 1
0.5743539554 1.740863309 1
0.6124630168 1.740863309 1
0.6531006592 1.740863309 1
0.6964346572 1.740863309 1
0.7426439169 1.740863309 1
0.7919192154 1.740863309 1
0.844463988 1.740863309 1
0.9004951682 1.740863309 1
0.9602440832 1.740863309 1
1.023957409 1.740863309 1
1.091898189 1.740863309 1
1.16434692 1.740863309 1
1.241602709 1.740863309 1
1.323984511 1.740863309 1
1.411832443 1.740863309 1
1.505509188 1.740863309 1
1.605401496 1.740863309 1
1.711921776 1.740863309 1
1.825509802 1.740863309 1
1.946634528 1.740863309 0
2.075796021 1.740863309 0
2.213527532 1.740863309 0
2.36039769 1.740863309 0
2.517012857 1.740863309 0
2.684019625 1.740863309 0
2.862107488 1.740863309 0
3.05201169 1.740863309 0
3.254516261 1.740863309 0
3.470457248 1.740863309 0
3.700726173 1.740863309 0
3.946273713 1.740863309 0
4.208113622 1.740863309 0
4.487326917 1.740863309 0
4.785066343 1.740863309 0
5.10256113 1.740863309 0
5.44112207 1.740863309 0
5.802146928 1.740863309 0
6.18712621 1.740863309 0
6.597649321 1.740863309 0
7.035411124 1.740863309 0
7.502218938 1.740863309 0
8 1.740863309 0

0.05 1.783884892 1
0.05331755889 1.783884892 1
0.05685524171 1.783884892 1
0.06062765396 1.783884892 1
0.06465037021 1.783884892 1
0.06893999841 1.783884892 1
0.0735142485 1.783884892 1
0.07839200547 1.783884892 1
0.08359340736 1.783884892 1
0.08913992839 1.783884892 1
0.09505446762 1.783884892 1
0.1013614435 1.783884892 1
0.1080868946 1.783884892 1
0.1152585874 1.783884892 1
0.1229061304 1.783884892 1
0.1310610969 1.783884892 1
0.1397571551 1.783884892 1
0.1490302069 1.783884892 1
0.1589185367 1.783884892 1
0.1694629687 1.783884892 1
0.1807070363 1.783884892 1
0.192697161 1.783884892 1
0.2054828445 1.783884892 1
0.2191168733 1.783884892 1
0.2336555359 1.783884892 1
0.2491588559 1.783884892 1
0.2656908394 1.783884892 1
0.2833197395 1.783884892 1
0.3021183379 1.783884892 1
0.3221642455 1.783884892 1
0.3435402226 1.783884892 1
0.3663345209 1.783884892 1
0.3906412479 1.783884892 1
0.4165607547 1.783884892 1
0.4442000514 1.783884892 1
0.473673248 1.783884892 1
0.5051020258 1.783884892 1
0.5386161401 1.783884892 1
0.5743539554 1.783884892 1
0.6124630168 1.783884892 1
0.6531006592 1.783884892 1
0.6964346572 1.783884892 1
0.7426439169 1.783884892 1
0.7919192154 1.783884892 1
0.844463988 1.783884892 1
0.9004951682 1.783884892 1
0.9602440832 1.783884892 1
1.023957409 1.783884892 1
1.091898189 1.783884892 1
1.16434692 1.783884892 1
1.241602709 1.783884892 1
1.323984511 1.783884892 1
1.411832443 1.783884892 1
1.505509188 1.783884892 1
1.605401496 1.783884892 1
1.711921776 1.783884892 1
1.825509802 1.783884892 1
1.946634528 1.783884892 0
2.075796021 1.783884892 0
2.213527532 1.783884892 0
2.36039769 1.783884892 0
2.517012857 1.783884892 0
2.684019625 1.783884892 0
2.862107488 1.783884892 0
3.05201169 1.783884892 0
3.254516261 1.783884892 0
3.470457248 1.783884892 0
3.700726173 1.783884892 0
3.946273713 1.783884892 0
4.208113622 1.783884892 0
4.487326917 1.783884892 0
4.785066343 1.783884892 0
5.10256113 1.783884892 0
5.44112207 1.783884892 0
5.802146928 1.783884892 0
6.18712621 1.783884892 0
6.597649321 1.783884892 0
7.035411124 1.783884892 0
7.502218938 1.783884892 0
8 1.783884892 0

0.05 1.826906475 1
0.05331755889 1.826906475 1
0.05685524171 1.826906475 1
0.06062765396 1.826906475 1
0.06465037021 1.826906475 1
0.06893999841 1.826906475 1
0.0735142485 1.826906475 1
0.07839200547 1.826906475 1
0.08359340736 1.826906475 1
0.08913992839 1.826906475 1
0.09505446762 1.826906475 1
0.1013614435 1.826906475 1
0.1080868946 1.826906475 1
0.1152585874 1.826906475 1
0.1229061304 1.826906475 1
0.1310610969 1.826906475 1
0.1397571551 1.826906475 1
0.1490302069 1.826906475 1
0.1589185367 1.826906475 1
0.1694629687 1.826906475 1
0.1807070363 1.826906475 1
0.192697161 1.826906475 1
0.2054828445 1.826906475 1
0.2191168733 1.826906475 1
0.2336555359 1.826906475 1
0.2491588559 1.826906475 1
0.2656908394 1.826906475 1
0.2833197395 1.826906475 1
0.3021183379 1.826906475 1
0.3221642455 1.826906475 1
0.3435402226 1.826906475 1
0.3663345209 1.826906475 1
0.3906412479 1.826906475 1
0.4165607547 1.826906475 1
0.4442000514 1.826906475 1
0.473673248 1.826906475 1
0.5051020258 1.826906475 1
0.5386161401 1.826906475 1
0.5743539554 1.826906475 1
0.6124630168 1.826906475 1
0.6531006592 1.826906475 1
0.6964346572 1.826906475 1
0.7426439169 1.826906475 1
0.7919192154 1.826906475 1
0.844463988 1.826906475 1
0.9004951682 1.826906475 1
0.9602440832 1.826906475 1
1.023957409 1.826906475 1
1.091898189 1.826906475 1
1.16434692 1.826906475 1
1.241602709 1.826906475 1
1.323984511 1.826906475 1
1.411832443 1.826906475 1
1.505509188 1.826906475 1
1.605401496 1.826906475 1
1.711921776 1.826906475 1
1.825509802 1.826906475 0
1.946634528 1.826906475 0
2.075796021 1.826906475 0
2.213527532 1.826906475 0
2.36039769 1.826906475 0
2.517012857 1.826906475 0
2.684019625 1.826906475 0
2.862107488 1.826906475 0
3.05201169 1.826906475 0
3.254516261 1.826906475 0
3.470457248 1.826906475 0
3.700726173 1.826906475 0
3.946273713 1.826906475 0
4.208113622 1.826906475 0
4.487326917 1.826906475 0
4.785066343 1.826906475 0
5.10256113 1.826906475 0
5.44112207 1.826906475 0
5.802146928 1.826906475 0
6.18712621 1.826906475 0
6.597649321 1.826906475 0
7.035411124 1.826906475 0
7.502218938 1.826906475 0
8 1.826906475 0

0.05 1.869928058 1
0.05331755889 1.869928058 1
0.05685524171 1.869928058 1
0.06062765396 1.869928058 1
0.06465037021 1.869928058 1
0.06893999841 1.869928058 1
0.0735142485 1.869928058 1
0.07839200547 1.869928058 1
0.08359340736 1.869928058 1
0.08913992839 1.869928058 1
0.09505446762 1.869928058 1
0.1013614435 1.869928058 1
0.1080868946 1.869928058 1
0.1152585874 1.869928058 1
0.1229061304 1.869928058 1
0.1310610969 1.869928058 1
0.1397571551 1.869928058 1
0.1490302069 1.869928058 1
0.1589185367 1.869928058 1
0.1694629687 1.869928058 1
0.1807070363 1.869928058 1
0.192697161 1.869928058 1
0.2054828445 1.869928058 1
0.2191168733 1.869928058 1
0.2336555359 1.869928058 1
0.2491588559 1.869928058 1
0.2656908394 1.869928058 1
0.2833197395 1.869928058 1
0.3021183379 1.869928058 1
0.3221642455 1.869928058 1
0.3435402226 1.869928058 1
0.3663345209 1.869928058 1
0.3906412479 1.869928058 1
0.4165607547 1.869928058 1
0.4442000514 1.869928058 1
0.473673248 1.869928058 1
0.5051020258 1.869928058 1
0.5386161401 1.869928058 1
0.5743539554 1.869928058 1
0.6124630168 1.869928058 1
0.6531006592 1.869928058 1
0.6964346572 1.869928058 1
0.7426439169 1.869928058 1
0.7919192154 1.869928058 1
0.844463988 1.869928058 1
0.9004951682 1.869928058 1
0.9602440832 1.869928058 1
1.023957409 1.869928058 1
1.091898189 1.869928058 1
1.16434692 1.869928058 1
1.241602709 1.869928058 1
1.323984511 1.869928058 1
1.411832443 1.869928058 1
1.505509188 1.869928058 1
1.605401496 1.869928058 1
1.711921776 1.869928058 0
1.825509802 1.869928058 0
1.946634528 1.869928058 0
2.075796021 1.869928058 0
2.213527532 1.869928058 0
2.36039769 1.869928058 0
2.517012857 1.869928058 0
2.684019625 1.869928058 0
2.862107488 1.869928058 0
3.05201169 1.869928058 0
3.254516261 1.869928058 0
3.470457248 1.869928058 0
3.700726173 1.869928058 0
3.946273713 1.869928058 0
4.208113622 1.869928058 0
4.487326917 1.869928058 0
4.785066343 1.869928058 0
5.10256113 1.869928058 0
5.44112207 1.869928058 0
5.802146928 1.869928058 0
6.18712621 1.869928058 0
6.597649321 1.869928058 0
7.035411124 1.869928058 0
7.502218938 1.869928058 0
8 1.869928058 0

0.05 1.91294964 1
0.05331755889 1.91294964 1
0.05685524171 1.91294964 1
0.06062765396 1.91294964 1
0.06465037021 1.91294964 1
0.06893999841 1.91294964 1
0.0735142485 1.91294964 1
0.07839200547 1.91294964 1
0.08359340736 1.91294964 1
0.08913992839 1.91294964 1
0.09505446762 1.91294964 1
0.1013614435 1.91294964 1
0.1080868946 1.91294964 1
0.1152585874 1.91294964 1
0.1229061304 1.91294964 1
0.1310610969 1.91294964 1
0.1397571551 1.91294964 1
0.1490302069 1.91294964 1
0.1589185367 1.91294964 1
0.1694629687 1.91294964 1
0.1807070363 1.91294964 1
0.192697161 1.91294964 1
0.2054828445 1.91294964 1
0.2191168733 1.91294964 1
0.2336555359 1.91294964 1
0.2491588559 1.91294964 1
0.2656908394 1.91294964 1
0.2833197395 1.91294964 1
0.3021183379 1.91294964 1
0.3221642455 1.91294964 1
0.3435402226 1.91294964 1
0.3663345209 1.91294964 1
0.3906412479 1.91294964 1
0.4165607547 1.91294964 1
0.4442000514 1.91294964 1
0.473673248 1.91294964 1
0.5051020258 1.91294964 1
0.5386161401 1.91294964 1
0.5743539554 1.91294964 1
0.6124630168 1.91294964 1
0.6531006592 1.91294964 1
0.6964346572 1.91294964 1
0.7426439169 1.91294964 1
0.7919192154 1.91294964 1
0.844463988 1.91294964 1
0.9004951682 1.91294964 1
0.9602440832 1.91294964 1
1.023957409 1.91294964 1
1.091898189 1.91294964 1
1.16434692 1.91294964 1
1.241602709 1.91294964 1
1.323984511 1.91294964 1
1.411832443 1.91294964 1
1.505509188 1.91294964 1
1.605401496 1.91294964 1
1.711921776 1.91294964 0
1.825509802 1.91294964 0
1.946634528 1.91294964 0
2.075796021 1.91294964 0
2.213527532 1.91294964 0
2.36039769 1.91294964 0
2.517012857 1.91294964 0
2.684019625 1.91294964 0
2.862107488 1.91294964 0
3.05201169 1.91294964 0
3.254516261 1.91294964 0
3.470457248 1.91294964 0
3.700726173 1.91294964 0
3.946273713 1.91294964 0
4.208113622 1.91294964 0
4.487326917 1.91294964 0
4.785066343 1.91294964 0
5.10256113 1.91294964 0
5.44112207 1.91294964 0
5.802146928 1.91294964 0
6.18712621 1.91294964 0
6.597649321 1.91294964 0
7.035411124 1.91294964 0
7.502218938 1.91294964 0
8 1.91294964 0

0.05 1.955971223 1
0.05331755889 1.955971223 1
0.05685524171 1.955971223 1
0.06062765396 1.955971223 1
0.06465037021 1.955971223 1
0.06893999841 1.955971223 1
0.0735142485 1.955971223 1
0.07839200547 1.955971223 1
0.08359340736 1.955971223 1
0.08913992839 1.955971223 1
0.09505446762 1.955971223 1
0.1013614435 1.955971223 1
0.1080868946 1.955971223 1
0.1152585874 1.955971223 1
0.1229061304 1.955971223 1
0.1310610969 1.955971223 1
0.1397571551 1.955971223 1
0.1490302069 1.955971223 1
0.1589185367 1.955971223 1
0.1694629687 1.955971223 1
0.1807070363 1.955971223 1
0.192697161 1.955971223 1
0.2054828445 1.955971223 1
0.2191168733 1.955971223 1
0.2336555359 1.955971223 1
0.2491588559 1.955971223 1
0.2656908394 1.955971223 1
0.2833197395 1.955971223 1
0.3021183379 1.955971223 1
0.3221642455 1.955971223 1
0.3435402226 1.955971223 1
0.3663345209 1.955971223 1
0.3906412479 1.955971223 1
0.4165607547 1.955971223 1
0.4442000514 1.955971223 1
0.473673248 1.955971223 1
0.5051020258 1.955971223 1
0.5386161401 1.955971223 1
0.5743539554 1.955971223 1
0.6124630168 1.955971223 1
0.6531006592 1.955971223 1
0.6964346572 1.955971223 1
0.7426439169 1.955971223 1
0.7919192154 1.955971223 1
0.844463988 1.955971223 1
0.9004951682 1.955971223 1
0.9602440832 1.955971223 1
1.023957409 1.955971223 1
1.091898189 1.955971223 1
1.16434692 1.955971223 1
1.241602709 1.955971223 1
1.323984511 1.955971223 1
1.411832443 1.955971223 1
1.505509188 1.955971223 1
1.605401496 1.955971223 0
1.711921776 1.955971223 0
1.825509802 1.955971223 0
1.946634528 1.955971223 0
2.075796021 1.955971223 0
2.213527532 1.955971223 0
2.36039769 1.955971223 0
2.517012857 1.955971223 0
2.684019625 1.955971223 0
2.862107488 1.955971223 0
3.05201169 1.955971223 0
3.254516261 1.955971223 0
3.470457248 1.955971223 0
3.700726173 1.955971223 0
3.946273713 1.955971223 0
4.208113622 1.955971223 0
4.487326917 1.955971223 0
4.785066343 1.955971223 0
5.10256113 1.955971223 0
5.44112207 1.955971223 0
5.802146928 1.955971223 0
6.18712621 1.955971223 0
6.597649321 1.955971223 0
7.035411124 1.955971223 0
7.502218938 1.955971223 0
8 1.955971223 0

0.05 1.998992806 1
0.05331755889 1.998992806 1
0.05685524171 1.998992806 1
0.06062765396 1.998992806 1
0.06465037021 1.998992806 1
0.06893999841 1.998992806 1
0.0735142485 1.998992806 1
0.07839200547 1.998992806 1
0.08359340736 1.998992806 1
0.08913992839 1.998992806 1
0.09505446762 1.998992806 1
0.1013614435 1.998992806 1
0.1080868946 1.998992806 1
0.1152585874 1.998992806 1
0.1229061304 1.998992806 1
0.1310610969 1.998992806 1
0.1397571551 1.998992806 1
0.1490302069 1.998992806 1
0.1589185367 1.998992806 1
0.1694629687 1.998992806 1
0.1807070363 1.998992806 1
0.192697161 1.998992806 1
0.2054828445 1.998992806 1
0.2191168733 1.998992806 1
0.2336555359 1.998992806 1
0.2491588559 1.998992806 1
0.2656908394 1.998992806 1
0.2833197395 1.998992806 1
0.3021183379 1.998992806 1
0.3221642455 1.998992806 1
0.3435402226 1.998992806 1
0.3663345209 1.998992806 1
0.3906412479 1.998992806 1
0.4165607547 1.998992806 1
0.4442000514 1.998992806 1
0.473673248 1.998992806 1
0.5051020258 1.998992806 1
0.5386161401 1.998992806 1
0.5743539554 1.998992806 1
0.6124630168 1.998992806 1
0.6531006592 1.998992806 1
0.6964346572 1.998992806 1
0.7426439169 1.998992806 1
0.7919192154 1.998992806 1
0.844463988 1.998992806 1
0.9004951682 1.998992806 1
0.9602440832 1.998992806 1
1.023957409 1.998992806 1
1.091898189 1.998992806 1
1.16434692 1.998992806 1
1.241602709 1.998992806 1
1.323984511 1.998992806 1
1.411832443 1.998992806 1
1.505509188 1.998992806 1
1.605401496 1.998992806 0
1.711921776 1.998992806 0
1.825509802 1.998992806 0
1.946634528 1.998992806 0
2.075796021 1.998992806 0
2.213527532 1.998992806 0
2.36039769 1.998992806 0
2.517012857 1.998992806 0
2.684019625 1.998992806 0
2.862107488 1.998992806 0
3.05201169 1.998992806 0
3.254516261 1.998992806 0
3.470457248 1.998992806 0
3.700726173 1.998992806 0
3.946273713 1.998992806 0
4.208113622 1.998992806 0
4.487326917 1.998992806 0
4.785066343 1.998992806 0
5.10256113 1.998992806 0
5.44112207 1.998992806 0
5.802146928 1.998992806 0
6.18712621 1.998992806 0
6.597649321 1.998992806 0
7.035411124 1.998992806 0
7.502218938 1.998992806 0
8 1.998992806 0

0.05 2.042014388 1
0.05331755889 2.042014388 1
0.05685524171 2.042014388 1
0.06062765396 2.042014388 1
0.06465037021 2.042014388 1
0.06893999841 2.042014388 1
0.0735142485 2.042014388 1
0.07839200547 2.042014388 1
0.08359340736 2.042014388 1
0.08913992839 2.042014388 1
0.09505446762 2.042014388 1
0.1013614435 2.042014388 1
0.1080868946 2.042014388 1
0.1152585874 2.042014388 1
0.1229061304 2.042014388 1
0.1310610969 2.042014388 1
0.1397571551 2.042014388 1
0.1490302069 2.042014388 1
0.1589185367 2.042014388 1
0.1694629687 2.042014388 1
0.1807070363 2.042014388 1
0.192697161 2.042014388 1
0.2054828445 2.042014388 1
0.2191168733 2.042014388 1
0.2336555359 2.042014388 1
0.2491588559 2.042014388 1
0.2656908394 2.042014388 1
0.2833197395 2.042014388 1
0.3021183379 2.042014388 1
0.3221642455 2.042014388 1
0.3435402226 2.042014388 1
0.3663345209 2.042014388 1
0.3906412479 2.042014388 1
0.4165607547 2.042014388 1
0.4442000514 2.042014388 1
0.473673248 2.042014388 1
0.5051020258 2.042014388 1
0.5386161401 2.042014388 1
0.5743539554 2.042014388 1
0.6124630168 2.042014388 1
0.6531006592 2.042014388 1
0.6964346572 2.042014388 1
0.7426439169 2.042014388 1
0.7919192154 2.042014388 1
0.844463988 2.042014388 1
0.9004951682 2.042014388 1
0.9602440832 2.042014388 1
1.023957409 2.042014388 1
1.091898189 2.042014388 1
1.16434692 2.042014388 1
1.241602709 2.042014388 1
1.323984511 2.042014388 1
1.411832443 2.042014388 1
1.505509188 2.042014388 0
1.605401496 2.042014388 0
1.711921776 2.042014388 0
1.825509802 2.042014388 0
1.946634528 2.042014388 0
2.075796021 2.042014388 0
2.213527532 2.042014388 0
2.36039769 2.042014388 0
2.517012857 2.042014388 0
2.684019625 2.042014388 0
2.862107488 2.042014388 0
3.05201169 2.042014388 0
3.254516261 2.042014388 0
3.470457248 2.042014388 0
3.700726173 2.042014388 0
3.946273713 2.042014388 0
4.208113622 2.042014388 0
4.487326917 2.042014388 0
4.785066343 2.042014388 0
5.10256113 2.042014388 0
5.44112207 2.042014388 0
5.802146928 2.042014388 0
6.18712621 2.042014388 0
6.597649321 2.042014388 0
7.035411124 2.042014388 0
7.502218938 2.042014388 0
8 2.042014388 0

0.05 2.085035971 1
0.05331755889 2.085035971 1
0.05685524171 2.085035971 1
0.06062765396 2.085035971 1
0.06465037021 2.085035971 1
0.06893999841 2.085035971 1
0.0735142485 2.085035971 1
0.07839200547 2.085035971 1
0.08359340736 2.085035971 1
0.08913992839 2.085035971 1
0.09505446762 2.085035971 1
0.1013614435 2.085035971 1
0.1080868946 2.085035971 1
0.1152585874 2.085035971 1
0.1229061304 2.085035971 1
0.1310610969 2.085035971 1
0.1397571551 2.085035971 1
0.1490302069 2.085035971 1
0.1589185367 2.085035971 1
0.1694629687 2.085035971 1
0.1807070363 2.085035971 1
0.192697161 2.085035971 1
0.2054828445 2.085035971 1
0.2191168733 2.085035971 1
0.2336555359 2.085035971 1
0.2491588559 2.085035971 1
0.2656908394 2.085035971 1
0.2833197395 2.085035971 1
0.3021183379 2.085035971 1
0.3221642455 2.085035971 1
0.3435402226 2.085035971 1
0.3663345209 2.085035971 1
0.3906412479 2.085035971 1
0.4165607547 2.085035971 1
0.4442000514 2.085035971 1
0.473673248 2.085035971 1
0.5051020258 2.085035971 1
0.5386161401 2.085035971 1
0.5743539554 2.085035971 1
0.6124630168 2.085035971 1
0.6531006592 2.085035971 1
0.6964346572 2.085035971 1
0.7426439169 2.085035971 1
0.7919192154 2.085035971 1
0.844463988 2.085035971 1
0.9004951682 2.085035971 1
0.9602440832 2.085035971 1
1.023957409 2.085035971 1
1.091898189 2.085035971 1
1.16434692 2.085035971 1
1.241602709 2.085035971 1
1.323984511 2.085035971 1
1.411832443 2.085035971 1
1.505509188 2.085035971 0
1.605401496 2.085035971 0
1.711921776 2.085035971 0
1.825509802 2.085035971 0
1.946634528 2.085035971 0
2.075796021 2.085035971 0
2.213527532 2.085035971 0
2.36039769 2.085035971 0
2.517012857 2.085035971 0
2.684019625 2.085035971 0
2.862107488 2.085035971 0
3.05201169 2.085035971 0
3.254516261 2.085035971 0
3.470457248 2.085035971 0
3.700726173 2.085035971 0
3.946273713 2.085035971 0
4.208113622 2.085035971 0
4.487326917 2.085035971 0
4.785066343 2.085035971 0
5.10256113 2.085035971 0
5.44112207 2.085035971 0
5.802146928 2.085035971 0
6.18712621 2.085035971 0
6.597649321 2.085035971 0
7.035411124 2.085035971 0
7.502218938 2.085035971 0
8 2.085035971 0

0.05 2.128057554 1
0.05331755889 2.128057554 1
0.05685524171 2.128057554 1
0.06062765396 2.128057554 1
0.06465037021 2.128057554 1
0.06893999841 2.128057554 1
0.0735142485 2.128057554 1
0.07839200547 2.128057554 1
0.08359340736 2.128057554 1
0.08913992839 2.128057554 1
0.09505446762 2.128057554 1
0.1013614435 2.128057554 1
0.1080868946 2.128057554 1
0.1152585874 2.128057554 1
0.1229061304 2.128057554 1
0.1310610969 2.128057554 1
0.1397571551 2.128057554 1
0.1490302069 2.128057554 1
0.1589185367 2.128057554 1
0.1694629687 2.128057554 1
0.1807070363 2.128057554 1
0.192697161 2.128057554 1
0.2054828445 2.128057554 1
0.2191168733 2.128057554 1
0.2336555359 2.128057554 1
0.2491588559 2.128057554 1
0.2656908394 2.128057554 1
0.2833197395 2.128057554 1
0.3021183379 2.128057554 1
0.3221642455 2.128057554 1
0.3435402226 2.128057554 1
0.3663345209 2.128057554 1
0.3906412479 2.128057554 1
0.4165607547 2.128057554 1
0.4442000514 2.128057554 1
0.473673248 2.128057554 1
0.5051020258 2.128057554 1
0.5386161401 2.128057554 1
0.5743539554 2.128057554 1
0.6124630168 2.128057554 1
0.6531006592 2.128057554 1
0.6964346572 2.128057554 1
0.7426439169 2.128057554 1
0.7919192154 2.128057554 1
0.844463988 2.128057554 1
0.9004951682 2.128057554 1
0.9602440832 2.128057554 1
1.023957409 2.128057554 1
1.091898189 2.128057554 1
1.16434692 2.128057554 1
1.241602709 2.128057554 1
1.323984511 2.128057554 1
1.411832443 2.128057554 0
1.505509188 2.128057554 0
1.605401496 2.128057554 0
1.711921776 2.128057554 0
1.825509802 2.128057554 0
1.946634528 2.128057554 0
2.075796021 2.128057554 0
2.213527532 2.128057554 0
2.36039769 2.128057554 0
2.517012857 2.128057554 0
2.684019625 2.128057554 0
2.862107488 2.128057554 0
3.05201169 2.128057554 0
3.254516261 2.128057554 0
3.470457248 2.128057554 0
3.700726173 2.128057554 0
3.946273713 2.128057554 0
4.208113622 2.128057554 0
4.487326917 2.128057554 0
4.785066343 2.128057554 0
5.10256113 2.128057554 0
5.44112207 2.128057554 0
5.802146928 2.128057554 0
6.18712621 2.128057554 0
6.597649321 2.128057554 0
7.035411124 2.128057554 0
7.502218938 2.128057554 0
8 2.128057554 0

0.05 2.171079137 1
0.05331755889 2.171079137 1
0.05685524171 2.171079137 1
0.06062765396 2.171079137 1
0.06465037021 2.171079137 1
0.06893999841 2.171079137 1
0.0735142485 2.171079137 1
0.07839200547 2.171079137 1
0.08359340736 2.171079137 1
0.08913992839 2.171079137 1
0.09505446762 2.171079137 1
0.1013614435 2.171079137 1
0.1080868946 2.171079137 1
0.1152585874 2.171079137 1
0.1229061304 2.171079137 1
0.1310610969 2.171079137 1
0.1397571551 2.171079137 1
0.1490302069 2.171079137 1
0.1589185367 2.171079137 1
0.1694629687 2.171079137 1
0.1807070363 2.171079137 1
0.192697161 2.171079137 1
0.2054828445 2.171079137 1
0.2191168733 2.171079137 1
0.2336555359 2.171079137 1
0.2491588559 2.171079137 1
0.2656908394 2.171079137 1
0.2833197395 2.171079137 1
0.3021183379 2.171079137 1
0.3221642455 2.171079137 1
0.3435402226 2.171079137 1
0.3663345209 2.171079137 1
0.3906412479 2.171079137 1
0.4165607547 2.171079137 1
0.4442000514 2.171079137 1
0.473673248 2.171079137 1
0.5051020258 2.171079137 1
0.5386161401 2.171079137 1
0.5743539554 2.171079137 1
0.6124630168 2.171079137 1
0.6531006592 2.171079137 1
0.6964346572 2.171079137 1
0.7426439169 2.171079137 1
0.7919192154 2.171079137 1
0.844463988 2.171079137 1
0.9004951682 2.171079137 1
0.9602440832 2.171079137 1
1.023957409 2.171079137 1
1.091898189 2.171079137 1
1.16434692 2.171079137 1
1.241602709 2.171079137 1
1.323984511 2.171079137 1
1.411832443 2.171079137 0
1.505509188 2.171079137 0
1.605401496 2.171079137 0
1.711921776 2.171079137 0
1.825509802 2.171079137 0
1.946634528 2.171079137 0
2.075796021 2.171079137 0
2.213527532 2.171079137 0
2.36039769 2.171079137 0
2.517012857 2.171079137 0
2.684019625 2.171079137 0
2.862107488 2.171079137 0
3.05201169 2.171079137 0
3.254516261 2.171079137 0
3.470457248 2.171079137 0
3.700726173 2.171079137 0
3.946273713 2.171079137 0
4.208113622 2.171079137 0
4.487326917 2.171079137 0
4.785066343 2.171079137 0
5.10256113 2.171079137 0
5.44112207 2.171079137 0
5.802146928 2.171079137 0
6.18712621 2.171079137 0
6.597649321 2.171079137 0
7.035411124 2.171079137 0
7.502218938 2.171079137 0
8 2.171079137 0

0.05 2.214100719 1
0.05331755889 2.214100719 1
0.05685524171 2.214100719 1
0.06062765396 2.214100719 1
0.06465037021 2.214100719 1
0.06893999841 2.214100719 1
0.0735142485 2.214100719 1
0.07839200547 2.214100719 1
0.08359340736 2.214100719 1
0.08913992839 2.214100719 1
0.09505446762 2.214100719 1
0.1013614435 2.214100719 1
0.1080868946 2.214100719 1
0.1152585874 2.214100719 1
0.1229061304 2.214100719 1
0.1310610969 2.214100719 1
0.1397571551 2.214100719 1
0.1490302069 2.214100719 1
0.1589185367 2.214100719 1
0.1694629687 2.214100719 1
0.1807070363 2.214100719 1
0.192697161 2.214100719 1
0.2054828445 2.214100719 1
0.2191168733 2.214100719 1
0.2336555359 2.214100719 1
0.2491588559 2.214100719 1
0.2656908394 2.214100719 1
0.2833197395 2.214100719 1
0.3021183379 2.214100719 1
0.3221642455 2.214100719 1
0.3435402226 2.214100719 1
0.3663345209 2.214100719 1
0.3906412479 2.214100719 1
0.4165607547 2.214100719 1
0.4442000514 2.214100719 1
0.473673248 2.214100719 1
0.5051020258 2.214100719 1
0.5386161401 2.214100719 1
0.5743539554 2.214100719 1
0.6124630168 2.214100719 1
0.6531006592 2.214100719 1
0.6964346572 2.214100719 1
0.7426439169 2.214100719 1
0.7919192154 2.214100719 1
0.844463988 2.214100719 1
0.9004951682 2.214100719 1
0.9602440832 2.214100719 1
1.023957409 2.214100719 1
1.091898189 2.214100719 1
1.16434692 2.214100719 1
1.241602709 2.214100719 1
1.323984511 2.214100719 0
1.411832443 2.214100719 0
1.505509188 2.214100719 0
1.605401496 2.214100719 0
1.711921776 2.214100719 0
1.825509802 2.214100719 0
1.946634528 2.214100719 0
2.075796021 2.214100719 0
2.213527532 2.214100719 0
2.36039769 2.214100719 0
2.517012857 2.214100719 0
2.684019625 2.214100719 0
2.862107488 2.214100719 0
3.05201169 2.214100719 0
3.254516261 2.214100719 0
3.470457248 2.214100719 0
3.700726173 2.214100719 0
3.946273713 2.214100719 0
4.208113622 2.214100719 0
4.487326917 2.214100719 0
4.785066343 2.214100719 0
5.10256113 2.214100719 0
5.44112207 2.214100719 0
5.802146928 2.214100719 0
6.18712621 2.214100719 0
6.597649321 2.214100719 0
7.035411124 2.214100719 0
7.502218938 2.214100719 0
8 2.214100719 0

0.05 2.257122302 1
0.05331755889 2.257122302 1
0.05685524171 2.257122302 1
0.06062765396 2.257122302 1
0.06465037021 2.257122302 1
0.06893999841 2.257122302 1
0.0735142485 2.257122302 1
0.07839200547 2.257122302 1
0.08359340736 2.257122302 1
0.08913992839 2.257122302 1
0.09505446762 2.257122302 1
0.1013614435 2.257122302 1
0.1080868946 2.257122302 1
0.1152585874 2.257122302 1
0.1229061304 2.257122302 1
0.1310610969 2.257122302 1
0.1397571551 2.257122302 1
0.1490302069 2.257122302 1
0.1589185367 2.257122302 1
0.1694629687 2.257122302 1
0.1807070363 2.257122302 1
0.192697161 2.257122302 1
0.2054828445 2.257122302 1
0.2191168733 2.257122302 1
0.2336555359 2.257122302 1
0.2491588559 2.257122302 1
0.2656908394 2.257122302 1
0.2833197395 2.257122302 1
0.3021183379 2.257122302 1
0.3221642455 2.257122302 1
0.3435402226 2.257122302 1
0.3663345209 2.257122302 1
0.3906412479 2.257122302 1
0.4165607547 2.257122302 1
0.4442000514 2.257122302 1
0.473673248 2.257122302 1
0.5051020258 2.257122302 1
0.5386161401 2.257122302 1
0.5743539554 2.257122302 1
0.6124630168 2.257122302 1
0.6531006592 2.257122302 1
0.6964346572 2.257122302 1
0.7426439169 2.257122302 1
0.7919192154 2.257122302 1
0.844463988 2.257122302 1
0.9004951682 2.257122302 1
0.9602440832 2.257122302 1
1.023957409 2.257122302 1
1.091898189 2.257122302 1
1.16434692 2.257122302 1
1.241602709 2.257122302 1
1.323984511 2.257122302 0
1.411832443 2.257122302 0
1.505509188 2.257122302 0
1.605401496 2.257122302 0
1.711921776 2.257122302 0
1.825509802 2.257122302 0
1.946634528 2.257122302 0
2.075796021 2.257122302 0
2.213527532 2.257122302 0
2.36039769 2.257122302 0
2.517012857 2.257122302 0
2.684019625 2.257122302 0
2.862107488 2.257122302 0
3.05201169 2.257122302 0
3.254516261 2.257122302 0
3.470457248 2.257122302 0
3.700726173 2.257122302 0
3.946273713 2.257122302 0
4.208113622 2.257122302 0
4.487326917 2.257122302 0
4.785066343 2.257122302 0
5.10256113 2.257122302 0
5.44112207 2.257122302 0
5.802146928 2.257122302 0
6.18712621 2.257122302 0
6.597649321 2.257122302 0
7.035411124 2.257122302 0
7.502218938 2.257122302 0
8 2.257122302 0

0.05 2.300143885 1
0.05331755889 2.300143885 1
0.05685524171 2.300143885 1
0.06062765396 2.300143885 1
0.06465037021 2.300143885 1
0.06893999841 2.300143885 1
0.0735142485 2.300143885 1
0.07839200547 2.300143885 1
0.08359340736 2.300143885 1
0.08913992839 2.300143885 1
0.09505446762 2.300143885 1
0.1013614435 2.300143885 1
0.1080868946 2.300143885 1
0.1152585874 2.300143885 1
0.1229061304 2.300143885 1
0.1310610969 2.300143885 1
0.1397571551 2.300143885 1
0.1490302069 2.300143885 1
0.1589185367 2.300143885 1
0.1694629687 2.300143885 1
0.1807070363 2.300143885 1
0.192697161 2.300143885 1
0.2054828445 2.300143885 1
0.2191168733 2.300143885 1
0.2336555359 2.300143885 1
0.2491588559 2.300143885 1
0.2656908394 2.300143885 1
0.2833197395 2.300143885 1
0.3021183379 2.300143885 1
0.3221642455 2.300143885 1
0.3435402226 2.300143885 1
0.3663345209 2.300143885 1
0.3906412479 2.300143885 1
0.4165607547 2.300143885 1
0.4442000514 2.300143885 1
0.473673248 2.300143885 1
0.5051020258 2.300143885 1
0.5386161401 2.300143885 1
0.5743539554 2.300143885 1
0.6124630168 2.300143885 1
0.6531006592 2.300143885 1
0.6964346572 2.300143885 1
0.7426439169 2.300143885 1
0.7919192154 2.300143885 1
0.844463988 2.300143885 1
0.9004951682 2.300143885 1
0.9602440832 2.300143885 1
1.023957409 2.300143885 1
1.091898189 2.300143885 1
1.16434692 2.300143885 1
1.241602709 2.300143885 0
1.323984511 2.300143885 0
1.411832443 2.300143885 0
1.505509188 2.300143885 0
1.605401496 2.300143885 0
1.711921776 2.300143885 0
1.825509802 2.300143885 0
1.946634528 2.300143885 0
2.075796021 2.300143885 0
2.213527532 2.300143885 0
2.36039769 2.300143885 0
2.517012857 2.300143885 0
2.684019625 2.300143885 0
2.862107488 2.300143885 0
3.05201169 2.300143885 0
3.254516261 2.300143885 0
3.470457248 2.300143885 0
3.700726173 2.300143885 0
3.946273713 2.300143885 0
4.208113622 2.300143885 0
4.487326917 2.300143885 0
4.785066343 2.300143885 0
5.10256113 2.300143885 0
5.44112207 2.300143885 0
5.802146928 2.300143885 0
6.18712621 2.300143885 0
6.597649321 2.300143885 0
7.035411124 2.300143885 0
7.502218938 2.300143885 0
8 2.300143885 0

0.05 2.343165468 1
0.05331755889 2.343165468 1
0.05685524171 2.343165468 1
0.06062765396 2.343165468 1
0.06465037021 2.343165468 1
0.06893999841 2.343165468 1
0.0735142485 2.343165468 1
0.07839200547 2.343165468 1
0.08359340736 2.343165468 1
0.08913992839 2.343165468 1
0.09505446762 2.343165468 1
0.1013614435 2.343165468 1
0.1080868946 2.343165468 1
0.1152585874 2.343165468 1
0.1229061304 2.343165468 1
0.1310610969 2.343165468 1
0.1397571551 2.343165468 1
0.1490302069 2.343165468 1
0.1589185367 2.343165468 1
0.1694629687 2.343165468 1
0.1807070363 2.343165468 1
0.192697161 2.343165468 1
0.2054828445 2.343165468 1
0.2191168733 2.343165468 1
0.2336555359 2.343165468 1
0.2491588559 2.343165468 1
0.2656908394 2.343165468 1
0.2833197395 2.343165468 1
0.3021183379 2.343165468 1
0.3221642455 2.343165468 1
0.3435402226 2.343165468 1
0.3663345209 2.343165468 1
0.3906412479 2.343165468 1
0.4165607547 2.343165468 1
0.4442000514 2.343165468 1
0.473673248 2.343165468 1
0.5051020258 2.343165468 1
0.5386161401 2.343165468 1
0.5743539554 2.343165468 1
0.6124630168 2.343165468 1
0.6531006592 2.343165468 1
0.6964346572 2.343165468 1
0.7426439169 2.343165468 1
0.7919192154 2.343165468 1
0.844463988 2.343165468 1
0.9004951682 2.343165468 1
0.9602440832 2.343165468 1
1.023957409 2.343165468 1
1.091898189 2.343165468 1
1.16434692 2.343165468 1
1.241602709 2.343165468 0
1.323984511 2.343165468 0
1.411832443 2.343165468 0
1.505509188 2.343165468 0
1.605401496 2.343165468 0
1.711921776 2.343165468 0
1.825509802 2.343165468 0
1.946634528 2.343165468 0
2.075796021 2.343165468 0
2.213527532 2.343165468 0
2.36039769 2.343165468 0
2.517012857 2.343165468 0
2.684019625 2.343165468 0
2.862107488 2.343165468 0
3.05201169 2.343165468 0
3.254516261 2.343165468 0
3.470457248 2.343165468 0
3.700726173 2.343165468 0
3.946273713 2.343165468 0
4.208113622 2.343165468 0
4.487326917 2.343165468 0
4.785066343 2.343165468 0
5.10256113 2.343165468 0
5.44112207 2.343165468 0
5.802146928 2.343165468 0
6.18712621 2.343165468 0
6.597649321 2.343165468 0
7.035411124 2.343165468 0
7.502218938 2.343165468 0
8 2.343165468 0

0.05 2.38618705 1
0.05331755889 2.38618705 1
0.05685524171 2.38618705 1
0.06062765396 2.38618705 1
0.06465037021 2.38618705 1
0.06893999841 2.38618705 1
0.0735142485 2.38618705 1
0.07839200547 2.38618705 1
0.08359340736 2.38618705 1
0.08913992839 2.38618705 1
0.09505446762 2.38618705 1
0.1013614435 2.38618705 1
0.1080868946 2.38618705 1
0.1152585874 2.38618705 1
0.1229061304 2.38618705 1
0.1310610969 2.38618705 1
0.1397571551 2.38618705 1
0.1490302069 2.38618705 1
0.1589185367 2.38618705 1
0.1694629687 2.38618705 1
0.1807070363 2.38618705 1
0.192697161 2.38618705 1
0.2054828445 2.38618705 1
0.2191168733 2.38618705 1
0.2336555359 2.38618705 1
0.2491588559 2.38618705 1
0.2656908394 2.38618705 1
0.2833197395 2.38618705 1
0.3021183379 2.38618705 1
0.3221642455 2.38618705 1
0.3435402226 2.38618705 1
0.3663345209 2.38618705 1
0.3906412479 2.38618705 1
0.4165607547 2.38618705 1
0.4442000514 2.38618705 1
0.473673248 2.38618705 1
0.5051020258 2.38618705 1
0.5386161401 2.38618705 1
0.5743539554 2.38618705 1
0.6124630168 2.38618705 1
0.6531006592 2.38618705 1
0.6964346572 2.38618705 1
0.7426439169 2.38618705 1
0.7919192154 2.38618705 1
0.844463988 2.38618705 1
0.9004951682 2.38618705 1
0.9602440832 2.38618705 1
1.023957409 2.38618705 1
1.091898189 2.38618705 1
1.16434692 2.38618705 0
1.241602709 2.38618705 0
1.323984511 2.38618705 0
1.411832443 2.38618705 0
1.505509188 2.38618705 0
1.605401496 2.38618705 0
1.711921776 2.38618705 0
1.825509802 2.38618705 0
1.946634528 2.38618705 0
2.075796021 2.38618705 0
2.213527532 2.38618705 0
2.36039769 2.38618705 0
2.517012857 2.38618705 0
2.684019625 2.38618705 0
2.862107488 2.38618705 0
3.05201169 2.38618705 0
3.254516261 2.38618705 0
3.470457248 2.38618705 0
3.700726173 2.38618705 0
3.946273713 2.38618705 0
4.208113622 2.38618705 0
4.487326917 2.38618705 0
4.785066343 2.38618705 0
5.10256113 2.38618705 0
5.44112207 2.38618705 0
5.802146928 2.38618705 0
6.18712621 2.38618705 0
6.597649321 2.38618705 0
7.035411124 2.38618705 0
7.502218938 2.38618705 0
8 2.38618705 0

0.05 2.429208633 1
0.05331755889 2.429208633 1
0.05685524171 2.429208633 1
0.06062765396 2.429208633 1
0.06465037021 2.429208633 1
0.06893999841 2.429208633 1
0.0735142485 2.429208633 1
0.07839200547 2.429208633 1
0.08359340736 2.429208633 1
0.08913992839 2.429208633 1
0.09505446762 2.429208633 1
0.1013614435 2.429208633 1
0.1080868946 2.429208633 1
0.1152585874 2.429208633 1
0.1229061304 2.429208633 1
0.1310610969 2.429208633 1
0.1397571551 2.429208633 1
0.1490302069 2.429208633 1
0.1589185367 2.429208633 1
0.1694629687 2.429208633 1
0.1807070363 2.429208633 1
0.192697161 2.429208633 1
0.2054828445 2.429208633 1
0.2191168733 2.429208633 1
0.2336555359 2.429208633 1
0.2491588559 2.429208633 1
0.2656908394 2.429208633 1
0.2833197395 2.429208633 1
0.3021183379 2.429208633 1
0.3221642455 2.429208633 1
0.3435402226 2.429208633 1
0.3663345209 2.429208633 1
0.3906412479 2.429208633 1
0.4165607547 2.429208633 1
0.4442000514 2.429208633 1
0.473673248 2.429208633 1
0.5051020258 2.429208633 1
0.5386161401 2.429208633 1
0.5743539554 2.429208633 1
0.6124630168 2.429208633 1
0.6531006592 2.429208633 1
0.6964346572 2.429208633 1
0.7426439169 2.429208633 1
0.7919192154 2.429208633 1
0.844463988 2.429208633 1
0.9004951682 2.429208633 1
0.9602440832 2.429208633 1
1.023957409 2.429208633 1
1.091898189 2.429208633 1
1.16434692 2.429208633 0
1.241602709 2.429208633 0
1.323984511 2.429208633 0
1.411832443 2.429208633 0
1.505509188 2.429208633 0
1.605401496 2.429208633 0
1.711921776 2.429208633 0
1.825509802 2.429208633 0
1.946634528 2.429208633 0
2.075796021 2.429208633 0
2.213527532 2.429208633 0
2.36039769 2.429208633 0
2.517012857 2.429208633 0
2.684019625 2.429208633 0
2.862107488 2.429208633 0
3.05201169 2.429208633 0
3.254516261 2.429208633 0
3.470457248 2.429208633 0
3.700726173 2.429208633 0
3.946273713 2.429208633 0
4.208113622 2.429208633 0
4.487326917 2.429208633 0
4.785066343 2.429208633 0
5.10256113 2.429208633 0
5.44112207 2.429208633 0
5.802146928 2.429208633 0
6.18712621 2.429208633 0
6.597649321 2.429208633 0
7.035411124 2.429208633 0
7.502218938 2.429208633 0
8 2.429208633 0

0.05 2.472230216 1
0.05331755889 2.472230216 1
0.05685524171 2.472230216 1
0.06062765396 2.472230216 1
0.06465037021 2.472230216 1
0.06893999841 2.472230216 1
0.0735142485 2.472230216 1
0.07839200547 2.472230216 1
0.08359340736 2.472230216 1
0.08913992839 2.472230216 1
0.09505446762 2.472230216 1
0.1013614435 2.472230216 1
0.1080868946 2.472230216 1
0.1152585874 2.472230216 1
0.1229061304 2.472230216 1
0.1310610969 2.472230216 1
0.1397571551 2.472230216 1
0.1490302069 2.472230216 1
0.1589185367 2.472230216 1
0.1694629687 2.472230216 1
0.1807070363 2.472230216 1
0.192697161 2.472230216 1
0.2054828445 2.472230216 1
0.2191168733 2.472230216 1
0.2336555359 2.472230216 1
0.2491588559 2.472230216 1
0.2656908394 2.472230216 1
0.2833197395 2.472230216 1
0.3021183379 2.472230216 1
0.3221642455 2.472230216 1
0.3435402226 2.472230216 1
0.3663345209 2.472230216 1
0.3906412479 2.472230216 1
0.4165607547 2.472230216 1
0.4442000514 2.472230216 1
0.473673248 2.472230216 1
0.5051020258 2.472230216 1
0.5386161401 2.472230216 1
0.5743539554 2.472230216 1
0.6124630168 2.472230216 1
0.6531006592 2.472230216 1
0.6964346572 2.472230216 1
0.7426439169 2.472230216 1
0.7919192154 2.472230216 1
0.844463988 2.472230216 1
0.9004951682 2.472230216 1
0.9602440832 2.472230216 1
1.023957409 2.472230216 1
1.091898189 2.472230216 0
1.16434692 2.472230216 0
1.241602709 2.472230216 0
1.323984511 2.472230216 0
1.411832443 2.472230216 0
1.505509188 2.472230216 0
1.605401496 2.472230216 0
1.711921776 2.472230216 0
1.825509802 2.472230216 0
1.946634528 2.472230216 0
2.075796021 2.472230216 0
2.213527532 2.472230216 0
2.36039769 2.472230216 0
2.517012857 2.472230216 0
2.684019625 2.472230216 0
2.862107488 2.472230216 0
3.05201169 2.472230216 0
3.254516261 2.472230216 0
3.470457248 2.472230216 0
3.700726173 2.472230216 0
3.946273713 2.472230216 0
4.208113622 2.472230216 0
4.487326917 2.472230216 0
4.785066343 2.472230216 0
5.10256113 2.472230216 0
5.44112207 2.472230216 0
5.802146928 2.472230216 0
6.18712621 2.472230216 0
6.597649321 2.472230216 0
7.035411124 2.472230216 0
7.502218938 2.472230216 0
8 2.472230216 0

0.05 2.515251799 1
0.05331755889 2.515251799 1
0.05685524171 2.515251799 1
0.06062765396 2.515251799 1
0.06465037021 2.515251799 1
0.06893999841 2.515251799 1
0.0735142485 2.515251799 1
0.07839200547 2.515251799 1
0.08359340736 2.515251799 1
0.08913992839 2.515251799 1
0.09505446762 2.515251799 1
0.1013614435 2.515251799 1
0.1080868946 2.515251799 1
0.1152585874 2.515251799 1
0.1229061304 2.515251799 1
0.1310610969 2.515251799 1
0.1397571551 2.515251799 1
0.1490302069 2.515251799 1
0.1589185367 2.515251799 1
0.1694629687 2.515251799 1
0.1807070363 2.515251799 1
0.192697161 2.515251799 1
0.2054828445 2.515251799 1
0.2191168733 2.515251799 1
0.2336555359 2.515251799 1
0.2491588559 2.515251799 1
0.2656908394 2.515251799 1
0.2833197395 2.515251799 1
0.3021183379 2.515251799 1
0.3221642455 2.515251799 1
0.3435402226 2.515251799 1
0.3663345209 2.515251799 1
0.3906412479 2.515251799 1
0.4165607547 2.515251799 1
0.4442000514 2.515251799 1
0.473673248 2.515251799 1
0.5051020258 2.515251799 1
0.5386161401 2.515251799 1
0.5743539554 2.515251799 1
0.6124630168 2.515251799 1
0.6531006592 2.515251799 1
0.6964346572 2.515251799 1
0.7426439169 2.515251799 1
0.7919192154 2.515251799 1
0.844463988 2.515251799 1
0.9004951682 2.515251799 1
0.9602440832 2.515251799 1
1.023957409 2.515251799 1
1.091898189 2.515251799 0
1.16434692 2.515251799 0
1.241602709 2.515251799 0
1.323984511 2.515251799 0
1.411832443 2.515251799 0
1.505509188 2.515251799 0
1.605401496 2.515251799 0
1.711921776 2.515251799 0
1.825509802 2.515251799 0
1.946634528 2.515251799 0
2.075796021 2.515251799 0
2.213527532 2.515251799 0
2.36039769 2.515251799 0
2.517012857 2.515251799 0
2.684019625 2.515251799 0
2.862107488 2.515251799 0
3.05201169 2.515251799 0
3.254516261 2.515251799 0
3.470457248 2.515251799 0
3.700726173 2.515251799 0
3.946273713 2.515251799 0
4.208113622 2.515251799 0
4.487326917 2.515251799 0
4.785066343 2.515251799 0
5.10256113 2.515251799 0
5.44112207 2.515251799 0
5.802146928 2.515251799 0
6.18712621 2.515251799 0
6.597649321 2.515251799 0
7.035411124 2.515251799 0
7.502218938 2.515251799 0
8 2.515251799 0

0.05 2.558273381 1
0.05331755889 2.558273381 1
0.05685524171 2.558273381 1
0.06062765396 2.558273381 1
0.06465037021 2.558273381 1
0.06893999841 2.558273381 1
0.0735142485 2.558273381 1
0.07839200547 2.558273381 1
0.08359340736 2.558273381 1
0.08913992839 2.558273381 1
0.09505446762 2.558273381 1
0.1013614435 2.558273381 1
0.1080868946 2.558273381 1
0.1152585874 2.558273381 1
0.1229061304 2.558273381 1
0.1310610969 2.558273381 1
0.1397571551 2.558273381 1
0.1490302069 2.558273381 1
0.1589185367 2.558273381 1
0.1694629687 2.558273381 1
0.1807070363 2.558273381 1
0.192697161 2.558273381 1
0.2054828445 2.558273381 1
0.2191168733 2.558273381 1
0.2336555359 2.558273381 1
0.2491588559 2.558273381 1
0.2656908394 2.558273381 1
0.2833197395 2.558273381 1
0.3021183379 2.558273381 1
0.3221642455 2.558273381 1
0.3435402226 2.558273381 1
0.3663345209 2.558273381 1
0.3906412479 2.558273381 1
0.4165607547 2.558273381 1
0.4442000514 2.558273381 1
0.473673248 2.558273381 1
0.5051020258 2.558273381 1
0.5386161401 2.558273381 1
0.5743539554 2.558273381 1
0.6124630168 2.558273381 1
0.6531006592 2.558273381 1
0.6964346572 2.558273381 1
0.7426439169 2.558273381 1
0.7919192154 2.558273381 1
0.844463988 2.558273381 1
0.9004951682 2.558273381 1
0.9602440832 2.558273381 1
1.023957409 2.558273381 0
1.091898189 2.558273381 0
1.16434692 2.558273381 0
1.241602709 2.558273381 0
1.323984511 2.558273381 0
1.411832443 2.558273381 0
1.505509188 2.558273381 0
1.605401496 2.558273381 0
1.711921776 2.558273381 0
1.825509802 2.558273381 0
1.946634528 2.558273381 0
2.075796021 2.558273381 0
2.213527532 2.558273381 0
2.36039769 2.558273381 0
2.517012857 2.558273381 0
2.684019625 2.558273381 0
2.862107488 2.558273381 0
3.05201169 2.558273381 0
3.254516261 2.558273381 0
3.470457248 2.558273381 0
3.700726173 2.558273381 0
3.946273713 2.558273381 0
4.208113622 2.558273381 0
4.487326917 2.558273381 0
4.785066343 2.558273381 0
5.10256113 2.558273381 0
5.44112207 2.558273381 0
5.802146928 2.558273381 0
6.18712621 2.558273381 0
6.597649321 2.558273381 0
7.035411124 2.558273381 0
7.502218938 2.558273381 0
8 2.558273381 0

0.05 2.601294964 1
0.05331755889 2.601294964 1
0.05685524171 2.601294964 1
0.06062765396 2.601294964 1
0.06465037021 2.601294964 1
0.06893999841 2.601294964 1
0.0735142485 2.601294964 1
0.07839200547 2.601294964 1
0.08359340736 2.601294964 1
0.08913992839 2.601294964 1
0.09505446762 2.601294964 1
0.1013614435 2.601294964 1
0.1080868946 2.601294964 1
0.1152585874 2.601294964 1
0.1229061304 2.601294964 1
0.1310610969 2.601294964 1
0.1397571551 2.601294964 1
0.1490302069 2.601294964 1
0.1589185367 2.601294964 1
0.1694629687 2.601294964 1
0.1807070363 2.601294964 1
0.192697161 2.601294964 1
0.2054828445 2.601294964 1
0.2191168733 2.601294964 1
0.2336555359 2.601294964 1
0.2491588559 2.601294964 1
0.2656908394 2.601294964 1
0.2833197395 2.601294964 1
0.3021183379 2.601294964 1
0.3221642455 2.601294964 1
0.3435402226 2.601294964 1
0.3663345209 2.601294964 1
0.3906412479 2.601294964 1
0.4165607547 2.601294964 1
0.4442000514 2.601294964 1
0.473673248 2.601294964 1
0.5051020258 2.601294964 1
0.5386161401 2.601294964 1
0.5743539554 2.601294964 1
0.6124630168 2.601294964 1
0.6531006592 2.601294964 1
0.6964346572 2.601294964 1
0.7426439169 2.601294964 1
0.7919192154 2.601294964 1
0.844463988 2.601294964 1
0.9004951682 2.601294964 1
0.9602440832 2.601294964 1
1.023957409 2.601294964 0
1.091898189 2.601294964 0
1.16434692 2.601294964 0
1.241602709 2.601294964 0
1.323984511 2.601294964 0
1.411832443 2.601294964 0
1.505509188 2.601294964 0
1.605401496 2.601294964 0
1.711921776 2.601294964 0
1.825509802 2.601294964 0
1.946634528 2.601294964 0
2.075796021 2.601294964 0
2.213527532 2.601294964 0
2.36039769 2.601294964 0
2.517012857 2.601294964 0
2.684019625 2.601294964 0
2.862107488 2.601294964 0
3.05201169 2.601294964 0
3.254516261 2.601294964 0
3.470457248 2.601294964 0
3.700726173 2.601294964 0
3.946273713 2.601294964 0
4.208113622 2.601294964 0
4.487326917 2.601294964 0
4.785066343 2.601294964 0
5.10256113 2.601294964 0
5.44112207 2.601294964 0
5.802146928 2.601294964 0
6.18712621 2.601294964 0
6.597649321 2.601294964 0
7.035411124 2.601294964 0
7.502218938 2.601294964 0
8 2.601294964 0

0.05 2.644316547 1
0.05331755889 2.644316547 1
0.05685524171 2.644316547 1
0.06062765396 2.644316547 1
0.06465037021 2.644316547 1
0.06893999841 2.644316547 1
0.0735142485 2.644316547 1
0.07839200547 2.644316547 1
0.08359340736 2.644316547 1
0.08913992839 2.644316547 1
0.09505446762 2.644316547 1
0.1013614435 2.644316547 1
0.1080868946 2.644316547 1
0.1152585874 2.644316547 1
0.1229061304 2.644316547 1
0.1310610969 2.644316547 1
0.1397571551 2.644316547 1
0.1490302069 2.644316547 1
0.1589185367 2.644316547 1
0.1694629687 2.644316547 1
0.1807070363 2.644316547 1
0.192697161 2.644316547 1
0.2054828445 2.644316547 1
0.2191168733 2.644316547 1
0.2336555359 2.644316547 1
0.2491588559 2.644316547 1
0.2656908394 2.644316547 1
0.2833197395 2.644316547 1
0.3021183379 2.644316547 1
0.3221642455 2.644316547 1
0.3435402226 2.644316547 1
0.3663345209 2.644316547 1
0.3906412479 2.644316547 1
0.4165607547 2.644316547 1
0.4442000514 2.644316547 1
0.473673248 2.644316547 1
0.5051020258 2.644316547 1
0.5386161401 2.644316547 1
0.5743539554 2.644316547 1
0.6124630168 2.644316547 1
0.6531006592 2.644316547 1
0.6964346572 2.644316547 1
0.7426439169 2.644316547 1
0.7919192154 2.644316547 1
0.844463988 2.644316547 1
0.9004951682 2.644316547 1
0.9602440832 2.644316547 1
1.023957409 2.644316547 0
1.091898189 2.644316547 0
1.16434692 2.644316547 0
1.241602709 2.644316547 0
1.323984511 2.644316547 0
1.411832443 2.644316547 0
1.505509188 2.644316547 0
1.605401496 2.644316547 0
1.711921776 2.644316547 0
1.825509802 2.644316547 0
1.946634528 2.644316547 0
2.075796021 2.644316547 0
2.213527532 2.644316547 0
2.36039769 2.644316547 0
2.517012857 2.644316547 0
2.684019625 2.644316547 0
2.862107488 2.644316547 0
3.05201169 2.644316547 0
3.254516261 2.644316547 0
3.470457248 2.644316547 0
3.700726173 2.644316547 0
3.946273713 2.644316547 0
4.208113622 2.644316547 0
4.487326917 2.644316547 0
4.785066343 2.644316547 0
5.10256113 2.644316547 0
5.44112207 2.644316547 0
5.802146928 2.644316547 0
6.18712621 2.644316547 0
6.597649321 2.644316547 0
7.035411124 2.644316547 0
7.502218938 2.644316547 0
8 2.644316547 0

0.05 2.687338129 1
0.05331755889 2.687338129 1
0.05685524171 2.687338129 1
0.06062765396 2.687338129 1
0.06465037021 2.687338129 1
0.06893999841 2.687338129 1
0.0735142485 2.687338129 1
0.07839200547 2.687338129 1
0.08359340736 2.687338129 1
0.08913992839 2.687338129 1
0.09505446762 2.687338129 1
0.1013614435 2.687338129 1
0.1080868946 2.687338129 1
0.1152585874 2.687338129 1
0.1229061304 2.687338129 1
0.1310610969 2.687338129 1
0.1397571551 2.687338129 1
0.1490302069 2.687338129 1
0.1589185367 2.687338129 1
0.1694629687 2.687338129 1
0.1807070363 2.687338129 1
0.192697161 2.687338129 1
0.2054828445 2.687338129 1
0.2191168733 2.687338129 1
0.2336555359 2.687338129 1
0.2491588559 2.687338129 1
0.2656908394 2.687338129 1
0.2833197395 2.687338129 1
0.3021183379 2.687338129 1
0.3221642455 2.687338129 1
0.3435402226 2.687338129 1
0.3663345209 2.687338129 1
0.3906412479 2.687338129 1
0.4165607547 2.687338129 1
0.4442000514 2.687338129 1
0.473673248 2.687338129 1
0.5051020258 2.687338129 1
0.5386161401 2.687338129 1
0.5743539554 2.687338129 1
0.6124630168 2.687338129 1
0.6531006592 2.687338129 1
0.6964346572 2.687338129 1
0.7426439169 2.687338129 1
0.7919192154 2.687338129 1
0.844463988 2.687338129 1
0.9004951682 2.687338129 1
0.9602440832 2.687338129 0
1.023957409 2.687338129 0
1.091898189 2.687338129 0
1.16434692 2.687338129 0
1.241602709 2.687338129 0
1.323984511 2.687338129 0
1.411832443 2.687338129 0
1.505509188 2.687338129 0
1.605401496 2.687338129 0
1.711921776 2.687338129 0
1.825509802 2.687338129 0
1.946634528 2.687338129 0
2.075796021 2.687338129 0
2.213527532 2.687338129 0
2.36039769 2.687338129 0
2.517012857 2.687338129 0
2.684019625 2.687338129 0
2.862107488 2.687338129 0
3.05201169 2.687338129 0
3.254516261 2.687338129 0
3.470457248 2.687338129 0
3.700726173 2.687338129 0
3.946273713 2.687338129 0
4.208113622 2.687338129 0
4.487326917 2.687338129 0
4.785066343 2.687338129 0
5.10256113 2.687338129 0
5.44112207 2.687338129 0
5.802146928 2.687338129 0
6.18712621 2.687338129 0
6.597649321 2.687338129 0
7.035411124 2.687338129 0
7.502218938 2.687338129 0
8 2.687338129 0

0.05 2.730359712 1
0.05331755889 2.730359712 1
0.05685524171 2.730359712 1
0.06062765396 2.730359712 1
0.06465037021 2.730359712 1
0.06893999841 2.730359712 1
0.0735142485 2.730359712 1
0.07839200547 2.730359712 1
0.08359340736 2.730359712 1
0.08913992839 2.730359712 1
0.09505446762 2.730359712 1
0.1013614435 2.730359712 1
0.1080868946 2.730359712 1
0.1152585874 2.730359712 1
0.1229061304 2.730359712 1
0.1310610969 2.730359712 1
0.1397571551 2.730359712 1
0.1490302069 2.730359712 1
0.1589185367 2.730359712 1
0.1694629687 2.730359712 1
0.1807070363 2.730359712 1
0.192697161 2.730359712 1
0.2054828445 2.730359712 1
0.2191168733 2.730359712 1
0.2336555359 2.730359712 1
0.2491588559 2.730359712 1
0.2656908394 2.730359712 1
0.2833197395 2.730359712 1
0.3021183379 2.730359712 1
0.3221642455 2.730359712 1
0.3435402226 2.730359712 1
0.3663345209 2.730359712 1
0.3906412479 2.730359712 1
0.4165607547 2.730359712 1
0.4442000514 2.730359712 1
0.473673248 2.730359712 1
0.5051020258 2.730359712 1
0.5386161401 2.730359712 1
0.5743539554 2.730359712 1
0.6124630168 2.730359712 1
0.6531006592 2.730359712 1
0.6964346572 2.730359712 1
0.7426439169 2.730359712 1
0.7919192154 2.730359712 1
0.844463988 2.730359712 1
0.9004951682 2.730359712 1
0.9602440832 2.730359712 0
1.023957409 2.730359712 0
1.091898189 2.730359712 0
1.16434692 2.730359712 0
1.241602709 2.730359712 0
1.323984511 2.730359712 0
1.411832443 2.730359712 0
1.505509188 2.730359712 0
1.605401496 2.730359712 0
1.711921776 2.730359712 0
1.825509802 2.730359712 0
1.946634528 2.730359712 0
2.075796021 2.730359712 0
2.213527532 2.730359712 0
2.36039769 2.730359712 0
2.517012857 2.730359712 0
2.684019625 2.730359712 0
2.862107488 2.730359712 0
3.05201169 2.730359712 0
3.254516261 2.730359712 0
3.470457248 2.730359712 0
3.700726173 2.730359712 0
3.946273713 2.730359712 0
4.208113622 2.730359712 0
4.487326917 2.730359712 0
4.785066343 2.730359712 0
5.10256113 2.730359712 0
5.44112207 2.730359712 0
5.802146928 2.730359712 0
6.18712621 2.730359712 0
6.597649321 2.730359712 0
7.035411124 2.730359712 0
7.502218938 2.730359712 0
8 2.730359712 0

0.05 2.773381295 1
0.05331755889 2.773381295 1
0.05685524171 2.773381295 1
0.06062765396 2.773381295 1
0.06465037021 2.773381295 1
0.06893999841 2.773381295 1
0.0735142485 2.773381295 1
0.07839200547 2.773381295 1
0.08359340736 2.773381295 1
0.08913992839 2.773381295 1
0.09505446762 2.773381295 1
0.1013614435 2.773381295 1
0.1080868946 2.773381295 1
0.1152585874 2.773381295 1
0.1229061304 2.773381295 1
0.1310610969 2.773381295 1
0.1397571551 2.773381295 1
0.1490302069 2.773381295 1
0.1589185367 2.773381295 1
0.1694629687 2.773381295 1
0.1807070363 2.773381295 1
0.192697161 2.773381295 1
0.2054828445 2.773381295 1
0.2191168733 2.773381295 1
0.2336555359 2.773381295 1
0.2491588559 2.773381295 1
0.2656908394 2.773381295 1
0.2833197395 2.773381295 1
0.3021183379 2.773381295 1
0.3221642455 2.773381295 1
0.3435402226 2.773381295 1
0.3663345209 2.773381295 1
0.3906412479 2.773381295 1
0.4165607547 2.773381295 1
0.4442000514 2.773381295 1
0.473673248 2.773381295 1
0.5051020258 2.773381295 1
0.5386161401 2.773381295 1
0.5743539554 2.773381295 1
0.6124630168 2.773381295 1
0.6531006592 2.773381295 1
0.6964346572 2.773381295 1
0.7426439169 2.773381295 1
0.7919192154 2.773381295 1
0.844463988 2.773381295 1
0.9004951682 2.773381295 0
0.9602440832 2.773381295 0
1.023957409 2.773381295 0
1.091898189 2.773381295 0
1.16434692 2.773381295 0
1.241602709 2.773381295 0
1.323984511 2.773381295 0
1.411832443 2.773381295 0
1.505509188 2.773381295 0
1.605401496 2.773381295 0
1.711921776 2.773381295 0
1.825509802 2.773381295 0
1.946634528 2.773381295 0
2.075796021 2.773381295 0
2.213527532 2.773381295 0
2.36039769 2.773381295 0
2.517012857 2.773381295 0
2.684019625 2.773381295 0
2.862107488 2.773381295 0
3.05201169 2.773381295 0
3.254516261 2.773381295 0
3.470457248 2.773381295 0
3.700726173 2.773381295 0
3.946273713 2.773381295 0
4.208113622 2.773381295 0
4.487326917 2.773381295 0
4.785066343 2.773381295 0
5.10256113 2.773381295 0
5.44112207 2.773381295 0
5.802146928 2.773381295 0
6.18712621 2.773381295 0
6.597649321 2.773381295 0
7.035411124 2.773381295 0
7.502218938 2.773381295 0
8 2.773381295 0

0.05 2.816402878 1
0.05331755889 2.816402878 1
0.05685524171 2.816402878 1
0.06062765396 2.816402878 1
0.06465037021 2.816402878 1
0.06893999841 2.816402878 1
0.0735142485 2.816402878 1
0.07839200547 2.816402878 1
0.08359340736 2.816402878 1
0.08913992839 2.816402878 1
0.09505446762 2.816402878 1
0.1013614435 2.816402878 1
0.1080868946 2.816402878 1
0.1152585874 2.816402878 1
0.1229061304 2.816402878 1
0.1310610969 2.816402878 1
0.1397571551 2.816402878 1
0.1490302069 2.816402878 1
0.1589185367 2.816402878 1
0.1694629687 2.816402878 1
0.1807070363 2.816402878 1
0.192697161 2.816402878 1
0.2054828445 2.816402878 1
0.2191168733 2.816402878 1
0.2336555359 2.816402878 1
0.2491588559 2.816402878 1
0.2656908394 2.816402878 1
0.2833197395 2.816402878 1
0.3021183379 2.816402878 1
0.3221642455 2.816402878 1
0.3435402226 2.816402878 1
0.3663345209 2.816402878 1
0.3906412479 2.816402878 1
0.4165607547 2.816402878 1
0.4442000514 2.816402878 1
0.473673248 2.816402878 1
0.5051020258 2.816402878 1
0.5386161401 2.816402878 1
0.5743539554 2.816402878 1
0.6124630168 2.816402878 1
0.6531006592 2.816402878 1
0.6964346572 2.816402878 1
0.7426439169 2.816402878 1
0.7919192154 2.816402878 1
0.844463988 2.816402878 1
0.9004951682 2.816402878 0
0.9602440832 2.816402878 0
1.023957409 2.816402878 0
1.091898189 2.816402878 0
1.16434692 2.816402878 0
1.241602709 2.816402878 0
1.323984511 2.816402878 0
1.411832443 2.816402878 0
1.505509188 2.816402878 0
1.605401496 2.816402878 0
1.711921776 2.816402878 0
1.825509802 2.816402878 0
1.946634528 2.816402878 0
2.075796021 2.816402878 0
2.213527532 2.816402878 0
2.36039769 2.816402878 0
2.517012857 2.816402878 0
2.684019625 2.816402878 0
2.862107488 2.816402878 0
3.05201169 2.816402878 0
3.254516261 2.816402878 0
3.470457248 2.816402878 0
3.700726173 2.816402878 0
3.946273713 2.816402878 0
4.208113622 2.816402878 0
4.487326917 2.816402878 0
4.785066343 2.816402878 0
5.10256113 2.816402878 0
5.44112207 2.816402878 0
5.802146928 2.816402878 0
6.18712621 2.816402878 0
6.597649321 2.816402878 0
7.035411124 2.816402878 0
7.502218938 2.816402878 0
8 2.816402878 0

0.05 2.85942446 1
0.05331755889 2.85942446 1
0.05685524171 2.85942446 1
0.06062765396 2.85942446 1
0.06465037021 2.85942446 1
0.06893999841 2.85942446 1
0.0735142485 2.85942446 1
0.07839200547 2.85942446 1
0.08359340736 2.85942446 1
0.08913992839 2.85942446 1
0.09505446762 2.85942446 1
0.1013614435 2.85942446 1
0.1080868946 2.85942446 1
0.1152585874 2.85942446 1
0.1229061304 2.85942446 1
0.1310610969 2.85942446 1
0.1397571551 2.85942446 1
0.1490302069 2.85942446 1
0.1589185367 2.85942446 1
0.1694629687 2.85942446 1
0.1807070363 2.85942446 1
0.192697161 2.85942446 1
0.2054828445 2.85942446 1
0.2191168733 2.85942446 1
0.2336555359 2.85942446 1
0.2491588559 2.85942446 1
0.2656908394 2.85942446 1
0.2833197395 2.85942446 1
0.3021183379 2.85942446 1
0.3221642455 2.85942446 1
0.3435402226 2.85942446 1
0.3663345209 2.85942446 1
0.3906412479 2.85942446 1
0.4165607547 2.85942446 1
0.4442000514 2.85942446 1
0.473673248 2.85942446 1
0.5051020258 2.85942446 1
0.5386161401 2.85942446 1
0.5743539554 2.85942446 1
0.6124630168 2.85942446 1
0.6531006592 2.85942446 1
0.6964346572 2.85942446 1
0.7426439169 2.85942446 1
0.7919192154 2.85942446 1
0.844463988 2.85942446 1
0.9004951682 2.85942446 0
0.9602440832 2.85942446 0
1.023957409 2.85942446 0
1.091898189 2.85942446 0
1.16434692 2.85942446 0
1.241602709 2.85942446 0
1.323984511 2.85942446 0
1.411832443 2.85942446 0
1.505509188 2.85942446 0
1.605401496 2.85942446 0
1.711921776 2.85942446 0
1.825509802 2.85942446 0
1.946634528 2.85942446 0
2.075796021 2.85942446 0
2.213527532 2.85942446 0
2.36039769 2.85942446 0
2.517012857 2.85942446 0
2.684019625 2.85942446 0
2.862107488 2.85942446 0
3.05201169 2.85942446 0
3.254516261 2.85942446 0
3.470457248 2.85942446 0
3.700726173 2.85942446 0
3.946273713 2.85942446 0
4.208113622 2.85942446 0
4.487326917 2.85942446 0
4.785066343 2.85942446 0
5.10256113 2.85942446 0
5.44112207 2.85942446 0
5.802146928 2.85942446 0
6.18712621 2.85942446 0
6.597649321 2.85942446 0
7.035411124 2.85942446 0
7.502218938 2.85942446 0
8 2.85942446 0

0.05 2.902446043 1
0.05331755889 2.902446043 1
0.05685524171 2.902446043 1
0.06062765396 2.902446043 1
0.06465037021 2.902446043 1
0.06893999841 2.902446043 1
0.0735142485 2.902446043 1
0.07839200547 2.902446043 1
0.08359340736 2.902446043 1
0.08913992839 2.902446043 1
0.09505446762 2.902446043 1
0.1013614435 2.902446043 1
0.1080868946 2.902446043 1
0.1152585874 2.902446043 1
0.1229061304 2.902446043 1
0.1310610969 2.902446043 1
0.1397571551 2.902446043 1
0.1490302069 2.902446043 1
0.1589185367 2.902446043 1
0.1694629687 2.902446043 1
0.1807070363 2.902446043 1
0.192697161 2.902446043 1
0.2054828445 2.902446043 1
0.2191168733 2.902446043 1
0.2336555359 2.902446043 1
0.2491588559 2.902446043 1
0.2656908394 2.902446043 1
0.2833197395 2.902446043 1
0.3021183379 2.902446043 1
0.3221642455 2.902446043 1
0.3435402226 2.902446043 1
0.3663345209 2.902446043 1
0.3906412479 2.902446043 1
0.4165607547 2.902446043 1
0.4442000514 2.902446043 1
0.473673248 2.902446043 1
0.5051020258 2.902446043 1
0.5386161401 2.902446043 1
0.5743539554 2.902446043 1
0.6124630168 2.902446043 1
0.6531006592 2.902446043 1
0.6964346572 2.902446043 1
0.7426439169 2.902446043 1
0.7919192154 2.902446043 1
0.844463988 2.902446043 0
0.9004951682 2.902446043 0
0.9602440832 2.902446043 0
1.023957409 2.902446043 0
1.091898189 2.902446043 0
1.16434692 2.902446043 0
1.241602709 2.902446043 0
1.323984511 2.902446043 0
1.411832443 2.902446043 0
1.505509188 2.902446043 0
1.605401496 2.902446043 0
1.711921776 2.902446043 0
1.825509802 2.902446043 0
1.946634528 2.902446043 0
2.075796021 2.902446043 0
2.213527532 2.902446043 0
2.36039769 2.902446043 0
2.517012857 2.902446043 0
2.684019625 2.902446043 0
2.862107488 2.902446043 0
3.05201169 2.902446043 0
3.254516261 2.902446043 0
3.470457248 2.902446043 0
3.700726173 2.902446043 0
3.946273713 2.902446043 0
4.208113622 2.902446043 0
4.487326917 2.902446043 0
4.785066343 2.902446043 0
5.10256113 2.902446043 0
5.44112207 2.902446043 0
5.802146928 2.902446043 0
6.18712621 2.902446043 0
6.597649321 2.902446043 0
7.035411124 2.902446043 0
7.502218938 2.902446043 0
8 2.902446043 0

0.05 2.945467626 1
0.05331755889 2.945467626 1
0.05685524171 2.945467626 1
0.06062765396 2.945467626 1
0.06465037021 2.945467626 1
0.06893999841 2.945467626 1
0.0735142485 2.945467626 1
0.07839200547 2.945467626 1
0.08359340736 2.945467626 1
0.08913992839 2.945467626 1
0.09505446762 2.945467626 1
0.1013614435 2.945467626 1
0.1080868946 2.945467626 1
0.1152585874 2.945467626 1
0.1229061304 2.945467626 1
0.1310610969 2.945467626 1
0.1397571551 2.945467626 1
0.1490302069 2.945467626 1
0.1589185367 2.945467626 1
0.1694629687 2.945467626 1
0.1807070363 2.945467626 1
0.192697161 2.945467626 1
0.2054828445 2.945467626 1
0.2191168733 2.945467626 1
0.2336555359 2.945467626 1
0.2491588559 2.945467626 1
0.2656908394 2.945467626 1
0.2833197395 2.945467626 1
0.3021183379 2.945467626 1
0.3221642455 2.945467626 1
0.3435402226 2.945467626 1
0.3663345209 2.945467626 1
0.3906412479 2.945467626 1
0.4165607547 2.945467626 1
0.4442000514 2.945467626 1
0.473673248 2.945467626 1
0.5051020258 2.945467626 1
0.5386161401 2.945467626 1
0.5743539554 2.945467626 1
0.6124630168 2.945467626 1
0.6531006592 2.945467626 1
0.6964346572 2.945467626 1
0.7426439169 2.945467626 1
0.7919192154 2.945467626 1
0.844463988 2.945467626 0
0.9004951682 2.945467626 0
0.9602440832 2.945467626 0
1.023957409 2.945467626 0
1.091898189 2.945467626 0
1.16434692 2.945467626 0
1.241602709 2.945467626 0
1.323984511 2.945467626 0
1.411832443 2.945467626 0
1.505509188 2.945467626 0
1.605401496 2.945467626 0
1.711921776 2.945467626 0
1.825509802 2.945467626 0
1.946634528 2.945467626 0
2.075796021 2.945467626 0
2.213527532 2.945467626 0
2.36039769 2.945467626 0
2.517012857 2.945467626 0
2.684019625 2.945467626 0
2.862107488 2.945467626 0
3.05201169 2.945467626 0
3.254516261 2.945467626 0
3.470457248 2.945467626 0
3.700726173 2.945467626 0
3.946273713 2.945467626 0
4.208113622 2.945467626 0
4.487326917 2.945467626 0
4.785066343 2.945467626 0
5.10256113 2.945467626 0
5.44112207 2.945467626 0
5.802146928 2.945467626 0
6.18712621 2.945467626 0
6.597649321 2.945467626 0
7.035411124 2.945467626 0
7.502218938 2.945467626 0
8 2.945467626 0

0.05 2.988489209 1
0.05331755889 2.988489209 1
0.05685524171 2.988489209 1
0.06062765396 2.988489209 1
0.06465037021 2.988489209 1
0.06893999841 2.988489209 1
0.0735142485 2.988489209 1
0.07839200547 2.988489209 1
0.08359340736 2.988489209 1
0.08913992839 2.988489209 1
0.09505446762 2.988489209 1
0.1013614435 2.988489209 1
0.1080868946 2.988489209 1
0.1152585874 2.988489209 1
0.1229061304 2.988489209 1
0.1310610969 2.988489209 1
0.1397571551 2.988489209 1
0.1490302069 2.988489209 1
0.1589185367 2.988489209 1
0.1694629687 2.988489209 1
0.1807070363 2.988489209 1
0.192697161 2.988489209 1
0.2054828445 2.988489209 1
0.2191168733 2.988489209 1
0.2336555359 2.988489209 1
0.2491588559 2.988489209 1
0.2656908394 2.988489209 1
0.2833197395 2.988489209 1
0.3021183379 2.988489209 1
0.3221642455 2.988489209 1
0.3435402226 2.988489209 1
0.3663345209 2.988489209 1
0.3906412479 2.988489209 1
0.4165607547 2.988489209 1
0.4442000514 2.988489209 1
0.473673248 2.988489209 1
0.5051020258 2.988489209 1
0.5386161401 2.988489209 1
0.5743539554 2.988489209 1
0.6124630168 2.988489209 1
0.6531006592 2.988489209 1
0.6964346572 2.988489209 1
0.7426439169 2.988489209 1
0.7919192154 2.988489209 0
0.844463988 2.988489209 0
0.9004951682 2.988489209 0
0.9602440832 2.988489209 0
1.023957409 2.988489209 0
1.091898189 2.988489209 0
1.16434692 2.988489209 0
1.241602709 2.988489209 0
1.323984511 2.988489209 0
1.411832443 2.988489209 0
1.505509188 2.988489209 0
1.605401496 2.988489209 0
1.711921776 2.988489209 0
1.825509802 2.988489209 0
1.946634528 2.988489209 0
2.075796021 2.988489209 0
2.213527532 2.988489209 0
2.36039769 2.988489209 0
2.517012857 2.988489209 0
2.684019625 2.988489209 0
2.862107488 2.988489209 0
3.05201169 2.988489209 0
3.254516261 2.988489209 0
3.470457248 2.988489209 0
3.700726173 2.988489209 0
3.946273713 2.988489209 0
4.208113622 2.988489209 0
4.487326917 2.988489209 0
4.785066343 2.988489209 0
5.10256113 2.988489209 0
5.44112207 2.988489209 0
5.802146928 2.988489209 0
6.18712621 2.988489209 0
6.597649321 2.988489209 0
7.035411124 2.988489209 0
7.502218938 2.988489209 0
8 2.988489209 0

0.05 3.031510791 1
0.05331755889 3.031510791 1
0.05685524171 3.031510791 1
0.06062765396 3.031510791 1
0.06465037021 3.031510791 1
0.06893999841 3.031510791 1
0.0735142485 3.031510791 1
0.07839200547 3.031510791 1
0.08359340736 3.031510791 1
0.08913992839 3.031510791 1
0.09505446762 3.031510791 1
0.1013614435 3.031510791 1
0.1080868946 3.031510791 1
0.1152585874 3.031510791 1
0.1229061304 3.031510791 1
0.1310610969 3.031510791 1
0.1397571551 3.031510791 1
0.1490302069 3.031510791 1
0.1589185367 3.031510791 1
0.1694629687 3.031510791 1
0.1807070363 3.031510791 1
0.192697161 3.031510791 1
0.2054828445 3.031510791 1
0.2191168733 3.031510791 1
0.2336555359 3.031510791 1
0.2491588559 3.031510791 1
0.2656908394 3.031510791 1
0.2833197395 3.031510791 1
0.3021183379 3.031510791 1
0.3221642455 3.031510791 1
0.3435402226 3.031510791 1
0.3663345209 3.031510791 1
0.3906412479 3.031510791 1
0.4165607547 3.031510791 1
0.4442000514 3.031510791 1
0.473673248 3.031510791 1
0.5051020258 3.031510791 1
0.5386161401 3.031510791 1
0.5743539554 3.031510791 1
0.6124630168 3.031510791 1
0.6531006592 3.031510791 1
0.6964346572 3.031510791 1
0.7426439169 3.031510791 1
0.7919192154 3.031510791 0
0.844463988 3.031510791 0
0.9004951682 3.031510791 0
0.9602440832 3.031510791 0
1.023957409 3.031510791 0
1.091898189 3.031510791 0
1.16434692 3.031510791 0
1.241602709 3.031510791 0
1.323984511 3.031510791 0
1.411832443 3.031510791 0
1.505509188 3.031510791 0
1.605401496 3.031510791 0
1.711921776 3.031510791 0
1.825509802 3.031510791 0
1.946634528 3.031510791 0
2.075796021 3.031510791 0
2.213527532 3.031510791 0
2.36039769 3.031510791 0
2.517012857 3.031510791 0
2.684019625 3.031510791 0
2.862107488 3.031510791 0
3.05201169 3.031510791 0
3.254516261 3.031510791 0
3.470457248 3.031510791 0
3.700726173 3.031510791 0
3.946273713 3.031510791 0
4.208113622 3.031510791 0
4.487326917 3.031510791 0
4.785066343 3.031510791 0
5.10256113 3.031510791 0
5.44112207 3.031510791 0
5.802146928 3.031510791 0
6.18712621 3.031510791 0
6.597649321 3.031510791 0
7.035411124 3.031510791 0
7.502218938 3.031510791 0
8 3.031510791 0

0.05 3.074532374 1
0.05331755889 3.074532374 1
0.05685524171 3.074532374 1
0.06062765396 3.074532374 1
0.06465037021 3.074532374 1
0.06893999841 3.074532374 1
0.0735142485 3.074532374 1
0.07839200547 3.074532374 1
0.08359340736 3.074532374 1
0.08913992839 3.074532374 1
0.09505446762 3.074532374 1
0.1013614435 3.074532374 1
0.1080868946 3.074532374 1
0.1152585874 3.074532374 1
0.1229061304 3.074532374 1
0.1310610969 3.074532374 1
0.1397571551 3.074532374 1
0.1490302069 3.074532374 1
0.1589185367 3.074532374 1
0.1694629687 3.074532374 1
0.1807070363 3.074532374 1
0.192697161 3.074532374 1
0.2054828445 3.074532374 1
0.2191168733 3.074532374 1
0.2336555359 3.074532374 1
0.2491588559 3.074532374 1
0.2656908394 3.074532374 1
0.2833197395 3.074532374 1
0.3021183379 3.074532374 1
0.3221642455 3.074532374 1
0.3435402226 3.074532374 1
0.3663345209 3.074532374 1
0.3906412479 3.074532374 1
0.4165607547 3.074532374 1
0.4442000514 3.074532374 1
0.473673248 3.074532374 1
0.5051020258 3.074532374 1
0.5386161401 3.074532374 1
0.5743539554 3.074532374 1
0.6124630168 3.074532374 1
0.6531006592 3.074532374 1
0.6964346572 3.074532374 1
0.7426439169 3.074532374 1
0.7919192154 3.074532374 0
0.844463988 3.074532374 0
0.9004951682 3.074532374 0
0.9602440832 3.074532374 0
1.023957409 3.074532374 0
1.091898189 3.074532374 0
1.16434692 3.074532374 0
1.241602709 3.074532374 0
1.323984511 3.074532374 0
1.411832443 3.074532374 0
1.505509188 3.074532374 0
1.605401496 3.074532374 0
1.711921776 3.074532374 0
1.825509802 3.074532374 0
1.946634528 3.074532374 0
2.075796021 3.074532374 0
2.213527532 3.074532374 0
2.36039769 3.074532374 0
2.517012857 3.074532374 0
2.684019625 3.074532374 0
2.862107488 3.074532374 0
3.05201169 3.074532374 0
3.254516261 3.074532374 0
3.470457248 3.074532374 0
3.700726173 3.074532374 0
3.946273713 3.074532374 0
4.208113622 3.074532374 0
4.487326917 3.074532374 0
4.785066343 3.074532374 0
5.10256113 3.074532374 0
5.44112207 3.074532374 0
5.802146928 3.074532374 0
6.18712621 3.074532374 0
6.597649321 3.074532374 0
7.035411124 3.074532374 0
7.502218938 3.074532374 0
8 3.074532374 0

0.05 3.117553957 1
0.05331755889 3.117553957 1
0.05685524171 3.117553957 1
0.06062765396 3.117553957 1
0.06465037021 3.117553957 1
0.06893999841 3.117553957 1
0.0735142485 3.117553957 1
0.07839200547 3.117553957 1
0.08359340736 3.117553957 1
0.08913992839 3.117553957 1
0.09505446762 3.117553957 1
0.1013614435 3.117553957 1
0.1080868946 3.117553957 1
0.1152585874 3.117553957 1
0.1229061304 3.117553957 1
0.1310610969 3.117553957 1
0.1397571551 3.117553957 1
0.1490302069 3.117553957 1
0.1589185367 3.117553957 1
0.1694629687 3.117553957 1
0.1807070363 3.117553957 1
0.192697161 3.117553957 1
0.2054828445 3.117553957 1
0.2191168733 3.117553957 1
0.2336555359 3.117553957 1
0.2491588559 3.117553957 1
0.2656908394 3.117553957 1
0.2833197395 3.117553957 1
0.3021183379 3.117553957 1
0.3221642455 3.117553957 1
0.3435402226 3.117553957 1
0.3663345209 3.117553957 1
0.3906412479 3.117553957 1
0.4165607547 3.117553957 1
0.4442000514 3.117553957 1
0.473673248 3.117553957 1
0.5051020258 3.117553957 1
0.5386161401 3.117553957 1
0.5743539554 3.117553957 1
0.6124630168 3.117553957 1
0.6531006592 3.117553957 1
0.6964346572 3.117553957 1
0.7426439169 3.117553957 0
0.7919192154 3.117553957 0
0.844463988 3.117553957 0
0.9004951682 3.117553957 0
0.9602440832 3.117553957 0
1.023957409 3.117553957 0
1.091898189 3.117553957 0
1.16434692 3.117553957 0
1.241602709 3.117553957 0
1.323984511 3.117553957 0
1.411832443 3.117553957 0
1.505509188 3.117553957 0
1.605401496 3.117553957 0
1.711921776 3.117553957 0
1.825509802 3.117553957 0
1.946634528 3.117553957 0
2.075796021 3.117553957 0
2.213527532 3.117553957 0
2.36039769 3.117553957 0
2.517012857 3.117553957 0
2.684019625 3.117553957 0
2.862107488 3.117553957 0
3.05201169 3.117553957 0
3.254516261 3.117553957 0
3.470457248 3.117553957 0
3.700726173 3.117553957 0
3.946273713 3.117553957 0
4.208113622 3.117553957 0
4.487326917 3.117553957 0
4.785066343 3.117553957 0
5.10256113 3.117553957 0
5.44112207 3.117553957 0
5.802146928 3.117553957 0
6.18712621 3.117553957 0
6.597649321 3.117553957 0
7.035411124 3.117553957 0
7.502218938 3.117553957 0
8 3.117553957 0

0.05 3.16057554 1
0.05331755889 3.16057554 1
0.05685524171 3.16057554 1
0.06062765396 3.16057554 1
0.06465037021 3.16057554 1
0.06893999841 3.16057554 1
0.0735142485 3.16057554 1
0.07839200547 3.16057554 1
0.08359340736 3.16057554 1
0.08913992839 3.16057554 1
0.09505446762 3.16057554 1
0.1013614435 3.16057554 1
0.1080868946 3.16057554 1
0.1152585874 3.16057554 1
0.1229061304 3.16057554 1
0.1310610969 3.16057554 1
0.1397571551 3.16057554 1
0.1490302069 3.16057554 1
0.1589185367 3.16057554 1
0.1694629687 3.16057554 1
0.1807070363 3.16057554 1
0.192697161 3.16057554 1
0.2054828445 3.16057554 1
0.2191168733 3.16057554 1
0.2336555359 3.16057554 1
0.2491588559 3.16057554 1
0.2656908394 3.16057554 1
0.2833197395 3.16057554 1
0.3021183379 3.16057554 1
0.3221642455 3.16057554 1
0.3435402226 3.16057554 1
0.3663345209 3.16057554 1
0.3906412479 3.16057554 1
0.4165607547 3.16057554 1
0.4442000514 3.16057554 1
0.473673248 3.16057554 1
0.5051020258 3.16057554 1
0.5386161401 3.16057554 1
0.5743539554 3.16057554 1
0.6124630168 3.16057554 1
0.6531006592 3.16057554 1
0.6964346572 3.16057554 1
0.7426439169 3.16057554 0
0.7919192154 3.16057554 0
0.844463988 3.16057554 0
0.9004951682 3.16057554 0
0.9602440832 3.16057554 0
1.023957409 3.16057554 0
1.091898189 3.16057554 0
1.16434692 3.16057554 0
1.241602709 3.16057554 0
1.323984511 3.16057554 0
1.411832443 3.16057554 0
1.505509188 3.16057554 0
1.605401496 3.16057554 0
1.711921776 3.16057554 0
1.825509802 3.16057554 0
1.946634528 3.16057554 0
2.075796021 3.16057554 0
2.213527532 3.16057554 0
2.36039769 3.16057554 0
2.517012857 3.16057554 0
2.684019625 3.16057554 0
2.862107488 3.16057554 0
3.05201169 3.16057554 0
3.254516261 3.16057554 0
3.470457248 3.16057554 0
3.700726173 3.16057554 0
3.946273713 3.16057554 0
4.208113622 3.16057554 0
4.487326917 3.16057554 0
4.785066343 3.16057554 0
5.10256113 3.16057554 0
5.44112207 3.16057554 0
5.802146928 3.16057554 0
6.18712621 3.16057554 0
6.597649321 3.16057554 0
7.035411124 3.16057554 0
7.502218938 3.16057554 0
8 3.16057554 0

0.05 3.203597122 1
0.05331755889 3.203597122 1
0.05685524171 3.203597122 1
0.06062765396 3.203597122 1
0.06465037021 3.203597122 1
0.06893999841 3.203597122 1
0.0735142485 3.203597122 1
0.07839200547 3.203597122 1
0.08359340736 3.203597122 1
0.08913992839 3.203597122 1
0.09505446762 3.203597122 1
0.1013614435 3.203597122 1
0.1080868946 3.203597122 1
0.1152585874 3.203597122 1
0.1229061304 3.203597122 1
0.1310610969 3.203597122 1
0.1397571551 3.203597122 1
0.1490302069 3.203597122 1
0.1589185367 3.203597122 1
0.1694629687 3.203597122 1
0.1807070363 3.203597122 1
0.192697161 3.203597122 1
0.2054828445 3.203597122 1
0.2191168733 3.203597122 1
0.2336555359 3.203597122 1
0.2491588559 3.203597122 1
0.2656908394 3.203597122 1
0.2833197395 3.203597122 1
0.3021183379 3.203597122 1
0.3221642455 3.203597122 1
0.3435402226 3.203597122 1
0.3663345209 3.203597122 1
0.3906412479 3.203597122 1
0.4165607547 3.203597122 1
0.4442000514 3.203597122 1
0.473673248 3.203597122 1
0.5051020258 3.203597122 1
0.5386161401 3.203597122 1
0.5743539554 3.203597122 1
0.6124630168 3.203597122 1
0.6531006592 3.203597122 1
0.6964346572 3.203597122 1
0.7426439169 3.203597122 0
0.7919192154 3.203597122 0
0.844463988 3.203597122 0
0.9004951682 3.203597122 0
0.9602440832 3.203597122 0
1.023957409 3.203597122 0
1.091898189 3.203597122 0
1.16434692 3.203597122 0
1.241602709 3.203597122 0
1.323984511 3.203597122 0
1.411832443 3.203597122 0
1.505509188 3.203597122 0
1.605401496 3.203597122 0
1.711921776 3.203597122 0
1.825509802 3.203597122 0
1.946634528 3.203597122 0
2.075796021 3.203597122 0
2.213527532 3.203597122 0
2.36039769 3.203597122 0
2.517012857 3.203597122 0
2.684019625 3.203597122 0
2.862107488 3.203597122 0
3.05201169 3.203597122 0
3.254516261 3.203597122 0
3.470457248 3.203597122 0
3.700726173 3.203597122 0
3.946273713 3.203597122 0
4.208113622 3.203597122 0
4.487326917 3.203597122 0
4.785066343 3.203597122 0
5.10256113 3.203597122 0
5.44112207 3.203597122 0
5.802146928 3.203597122 0
6.18712621 3.203597122 0
6.597649321 3.203597122 0
7.035411124 3.203597122 0
7.502218938 3.203597122 0
8 3.203597122 0

0.05 3.246618705 1
0.05331755889 3.246618705 1
0.05685524171 3.246618705 1
0.06062765396 3.246618705 1
0.06465037021 3.246618705 1
0.06893999841 3.246618705 1
0.0735142485 3.246618705 1
0.07839200547 3.246618705 1
0.08359340736 3.246618705 1
0.08913992839 3.246618705 1
0.09505446762 3.246618705 1
0.1013614435 3.246618705 1
0.1080868946 3.246618705 1
0.1152585874 3.246618705 1
0.1229061304 3.246618705 1
0.1310610969 3.246618705 1
0.1397571551 3.246618705 1
0.1490302069 3.246618705 1
0.1589185367 3.246618705 1
0.1694629687 3.246618705 1
0.1807070363 3.246618705 1
0.192697161 3.246618705 1
0.2054828445 3.246618705 1
0.2191168733 3.246618705 1
0.2336555359 3.246618705 1
0.2491588559 3.246618705 1
0.2656908394 3.246618705 1
0.2833197395 3.246618705 1
0.3021183379 3.246618705 1
0.3221642455 3.246618705 1
0.3435402226 3.246618705 1
0.3663345209 3.246618705 1
0.3906412479 3.246618705 1
0.4165607547 3.246618705 1
0.4442000514 3.246618705 1
0.473673248 3.246618705 1
0.5051020258 3.246618705 1
0.5386161401 3.246618705 1
0.5743539554 3.246618705 1
0.6124630168 3.246618705 1
0.6531006592 3.246618705 1
0.6964346572 3.246618705 0
0.7426439169 3.246618705 0
0.7919192154 3.246618705 0
0.844463988 3.246618705 0
0.9004951682 3.246618705 0
0.9602440832 3.246618705 0
1.023957409 3.246618705 0
1.091898189 3.246618705 0
1.16434692 3.246618705 0
1.241602709 3.246618705 0
1.323984511 3.246618705 0
1.411832443 3.246618705 0
1.505509188 3.246618705 0
1.605401496 3.246618705 0
1.711921776 3.246618705 0
1.825509802 3.246618705 0
1.946634528 3.246618705 0
2.075796021 3.246618705 0
2.213527532 3.246618705 0
2.36039769 3.246618705 0
2.517012857 3.246618705 0
2.684019625 3.246618705 0
2.862107488 3.246618705 0
3.05201169 3.246618705 0
3.254516261 3.246618705 0
3.470457248 3.246618705 0
3.700726173 3.246618705 0
3.946273713 3.246618705 0
4.208113622 3.246618705 0
4.487326917 3.246618705 0
4.785066343 3.246618705 0
5.10256113 3.246618705 0
5.44112207 3.246618705 0
5.802146928 3.246618705 0
6.18712621 3.246618705 0
6.597649321 3.246618705 0
7.035411124 3.246618705 0
7.502218938 3.246618705 0
8 3.246618705 0

0.05 3.289640288 1
0.05331755889 3.289640288 1
0.05685524171 3.289640288 1
0.06062765396 3.289640288 1
0.06465037021 3.289640288 1
0.06893999841 3.289640288 1
0.0735142485 3.289640288 1
0.07839200547 3.289640288 1
0.08359340736 3.289640288 1
0.08913992839 3.289640288 1
0.09505446762 3.289640288 1
0.1013614435 3.289640288 1
0.1080868946 3.289640288 1
0.1152585874 3.289640288 1
0.1229061304 3.289640288 1
0.1310610969 3.289640288 1
0.1397571551 3.289640288 1
0.1490302069 3.289640288 1
0.1589185367 3.289640288 1
0.1694629687 3.289640288 1
0.1807070363 3.289640288 1
0.192697161 3.289640288 1
0.2054828445 3.289640288 1
0.2191168733 3.289640288 1
0.2336555359 3.289640288 1
0.2491588559 3.289640288 1
0.2656908394 3.289640288 1
0.2833197395 3.289640288 1
0.3021183379 3.289640288 1
0.3221642455 3.289640288 1
0.3435402226 3.289640288 1
0.3663345209 3.289640288 1
0.3906412479 3.289640288 1
0.4165607547 3.289640288 1
0.4442000514 3.289640288 1
0.473673248 3.289640288 1
0.5051020258 3.289640288 1
0.5386161401 3.289640288 1
0.5743539554 3.289640288 1
0.6124630168 3.289640288 1
0.6531006592 3.289640288 1
0.6964346572 3.289640288 0
0.7426439169 3.289640288 0
0.7919192154 3.289640288 0
0.844463988 3.289640288 0
0.9004951682 3.289640288 0
0.9602440832 3.289640288 0
1.023957409 3.289640288 0
1.091898189 3.289640288 0
1.16434692 3.289640288 0
1.241602709 3.289640288 0
1.323984511 3.289640288 0
1.411832443 3.289640288 0
1.505509188 3.289640288 0
1.605401496 3.289640288 0
1.711921776 3.289640288 0
1.825509802 3.289640288 0
1.946634528 3.289640288 0
2.075796021 3.289640288 0
2.213527532 3.289640288 0
2.36039769 3.289640288 0
2.517012857 3.289640288 0
2.684019625 3.289640288 0
2.862107488 3.289640288 0
3.05201169 3.289640288 0
3.254516261 3.289640288 0
3.470457248 3.289640288 0
3.700726173 3.289640288 0
3.946273713 3.289640288 0
4.208113622 3.289640288 0
4.487326917 3.289640288 0
4.785066343 3.289640288 0
5.10256113 3.289640288 0
5.44112207 3.289640288 0
5.802146928 3.289640288 0
6.18712621 3.289640288 0
6.597649321 3.289640288 0
7.035411124 3.289640288 0
7.502218938 3.289640288 0
8 3.289640288 0

0.05 3.332661871 1
0.05331755889 3.332661871 1
0.05685524171 3.332661871 1
0.06062765396 3.332661871 1
0.06465037021 3.332661871 1
0.06893999841 3.332661871 1
0.0735142485 3.332661871 1
0.07839200547 3.332661871 1
0.08359340736 3.332661871 1
0.08913992839 3.332661871 1
0.09505446762 3.332661871 1
0.1013614435 3.332661871 1
0.1080868946 3.332661871 1
0.1152585874 3.332661871 1
0.1229061304 3.332661871 1
0.1310610969 3.332661871 1
0.1397571551 3.332661871 1
0.1490302069 3.332661871 1
0.1589185367 3.332661871 1
0.1694629687 3.332661871 1
0.1807070363 3.332661871 1
0.192697161 3.332661871 1
0.2054828445 3.332661871 1
0.2191168733 3.332661871 1
0.2336555359 3.332661871 1
0.2491588559 3.332661871 1
0.2656908394 3.332661871 1
0.2833197395 3.332661871 1
0.3021183379 3.332661871 1
0.3221642455 3.332661871 1
0.3435402226 3.332661871 1
0.3663345209 3.332661871 1
0.3906412479 3.332661871 1
0.4165607547 3.332661871 1
0.4442000514 3.332661871 1
0.473673248 3.332661871 1
0.5051020258 3.332661871 1
0.5386161401 3.332661871 1
0.5743539554 3.332661871 1
0.6124630168 3.332661871 1
0.6531006592 3.332661871 1
0.6964346572 3.332661871 0
0.7426439169 3.332661871 0
0.7919192154 3.332661871 0
0.844463988 3.332661871 0
0.9004951682 3.332661871 0
0.9602440832 3.332661871 0
1.023957409 3.332661871 0
1.091898189 3.332661871 0
1.16434692 3.332661871 0
1.241602709 3.332661871 0
1.323984511 3.332661871 0
1.411832443 3.332661871 0
1.505509188 3.332661871 0
1.605401496 3.332661871 0
1.711921776 3.332661871 0
1.825509802 3.332661871 0
1.946634528 3.332661871 0
2.075796021 3.332661871 0
2.213527532 3.332661871 0
2.36039769 3.332661871 0
2.517012857 3.332661871 0
2.684019625 3.332661871 0
2.862107488 3.332661871 0
3.05201169 3.332661871 0
3.254516261 3.332661871 0
3.470457248 3.332661871 0
3.700726173 3.332661871 0
3.946273713 3.332661871 0
4.208113622 3.332661871 0
4.487326917 3.332661871 0
4.785066343 3.332661871 0
5.10256113 3.332661871 0
5.44112207 3.332661871 0
5.802146928 3.332661871 0
6.18712621 3.332661871 0
6.597649321 3.332661871 0
7.035411124 3.332661871 0
7.502218938 3.332661871 0
8 3.332661871 0

0.05 3.375683453 1
0.05331755889 3.375683453 1
0.05685524171 3.375683453 1
0.06062765396 3.375683453 1
0.06465037021 3.375683453 1
0.06893999841 3.375683453 1
0.0735142485 3.375683453 1
0.07839200547 3.375683453 1
0.08359340736 3.375683453 1
0.08913992839 3.375683453 1
0.09505446762 3.375683453 1
0.1013614435 3.375683453 1
0.1080868946 3.375683453 1
0.1152585874 3.375683453 1
0.1229061304 3.375683453 1
0.1310610969 3.375683453 1
0.1397571551 3.375683453 1
0.1490302069 3.375683453 1
0.1589185367 3.375683453 1
0.1694629687 3.375683453 1
0.1807070363 3.375683453 1
0.192697161 3.375683453 1
0.2054828445 3.375683453 1
0.2191168733 3.375683453 1
0.2336555359 3.375683453 1
0.2491588559 3.375683453 1
0.2656908394 3.375683453 1
0.2833197395 3.375683453 1
0.3021183379 3.375683453 1
0.3221642455 3.375683453 1
0.3435402226 3.375683453 1
0.3663345209 3.375683453 1
0.3906412479 3.375683453 1
0.4165607547 3.375683453 1
0.4442000514 3.375683453 1
0.473673248 3.375683453 1
0.5051020258 3.375683453 1
0.5386161401 3.375683453 1
0.5743539554 3.375683453 1
0.6124630168 3.375683453 1
0.6531006592 3.375683453 0
0.6964346572 3.375683453 0
0.7426439169 3.375683453 0
0.7919192154 3.375683453 0
0.844463988 3.375683453 0
0.9004951682 3.375683453 0
0.9602440832 3.375683453 0
1.023957409 3.375683453 0
1.091898189 3.375683453 0
1.16434692 3.375683453 0
1.241602709 3.375683453 0
1.323984511 3.375683453 0
1.411832443 3.375683453 0
1.505509188 3.375683453 0
1.605401496 3.375683453 0
1.711921776 3.375683453 0
1.825509802 3.375683453 0
1.946634528 3.375683453 0
2.075796021 3.375683453 0
2.213527532 3.375683453 0
2.36039769 3.375683453 0
2.517012857 3.375683453 0
2.684019625 3.375683453 0
2.862107488 3.375683453 0
3.05201169 3.375683453 0
3.254516261 3.375683453 0
3.470457248 3.375683453 0
3.700726173 3.375683453 0
3.946273713 3.375683453 0
4.208113622 3.375683453 0
4.487326917 3.375683453 0
4.785066343 3.375683453 0
5.10256113 3.375683453 0
5.44112207 3.375683453 0
5.802146928 3.375683453 0
6.18712621 3.375683453 0
6.597649321 3.375683453 0
7.035411124 3.375683453 0
7.502218938 3.375683453 0
8 3.375683453 0

0.05 3.418705036 1
0.05331755889 3.418705036 1
0.05685524171 3.418705036 1
0.06062765396 3.418705036 1
0.06465037021 3.418705036 1
0.06893999841 3.418705036 1
0.0735142485 3.418705036 1
0.07839200547 3.418705036 1
0.08359340736 3.418705036 1
0.08913992839 3.418705036 1
0.09505446762 3.418705036 1
0.1013614435 3.418705036 1
0.1080868946 3.418705036 1
0.1152585874 3.418705036 1
0.1229061304 3.418705036 1
0.1310610969 3.418705036 1
0.1397571551 3.418705036 1
0.1490302069 3.418705036 1
0.1589185367 3.418705036 1
0.1694629687 3.418705036 1
0.1807070363 3.418705036 1
0.192697161 3.418705036 1
0.2054828445 3.418705036 1
0.2191168733 3.418705036 1
0.2336555359 3.418705036 1
0.2491588559 3.418705036 1
0.2656908394 3.418705036 1
0.2833197395 3.418705036 1
0.3021183379 3.418705036 1
0.3221642455 3.418705036 1
0.3435402226 3.418705036 1
0.3663345209 3.418705036 1
0.3906412479 3.418705036 1
0.4165607547 3.418705036 1
0.4442000514 3.418705036 1
0.473673248 3.418705036 1
0.5051020258 3.418705036 1
0.5386161401 3.418705036 1
0.5743539554 3.418705036 1
0.6124630168 3.418705036 1
0.6531006592 3.418705036 0
0.6964346572 3.418705036 0
0.7426439169 3.418705036 0
0.7919192154 3.418705036 0
0.844463988 3.418705036 0
0.9004951682 3.418705036 0
0.9602440832 3.418705036 0
1.023957409 3.418705036 0
1.091898189 3.418705036 0
1.16434692 3.418705036 0
1.241602709 3.418705036 0
1.323984511 3.418705036 0
1.411832443 3.418705036 0
1.505509188 3.418705036 0
1.605401496 3.418705036 0
1.711921776 3.418705036 0
1.825509802 3.418705036 0
1.946634528 3.418705036 0
2.075796021 3.418705036 0
2.213527532 3.418705036 0
2.36039769 3.418705036 0
2.517012857 3.418705036 0
2.684019625 3.418705036 0
2.862107488 3.418705036 0
3.05201169 3.418705036 0
3.254516261 3.418705036 0
3.470457248 3.418705036 0
3.700726173 3.418705036 0
3.946273713 3.418705036 0
4.208113622 3.418705036 0
4.487326917 3.418705036 0
4.785066343 3.418705036 0
5.10256113 3.418705036 0
5.44112207 3.418705036 0
5.802146928 3.418705036 0
6.18712621 3.418705036 0
6.597649321 3.418705036 0
7.035411124 3.418705036 0
7.502218938 3.418705036 0
8 3.418705036 0

0.05 3.461726619 1
0.05331755889 3.461726619 1
0.05685524171 3.461726619 1
0.06062765396 3.461726619 1
0.06465037021 3.461726619 1
0.06893999841 3.461726619 1
0.0735142485 3.461726619 1
0.07839200547 3.461726619 1
0.08359340736 3.461726619 1
0.08913992839 3.461726619 1
0.09505446762 3.461726619 1
0.1013614435 3.461726619 1
0.1080868946 3.461726619 1
0.1152585874 3.461726619 1
0.1229061304 3.461726619 1
0.1310610969 3.461726619 1
0.1397571551 3.461726619 1
0.1490302069 3.461726619 1
0.1589185367 3.461726619 1
0.1694629687 3.461726619 1
0.1807070363 3.461726619 1
0.192697161 3.461726619 1
0.2054828445 3.461726619 1
0.2191168733 3.461726619 1
0.2336555359 3.461726619 1
0.2491588559 3.461726619 1
0.2656908394 3.461726619 1
0.2833197395 3.461726619 1
0.3021183379 3.461726619 1
0.3221642455 3.461726619 1
0.3435402226 3.461726619 1
0.3663345209 3.461726619 1
0.3906412479 3.461726619 1
0.4165607547 3.461726619 1
0.4442000514 3.461726619 1
0.473673248 3.461726619 1
0.5051020258 3.461726619 1
0.5386161401 3.461726619 1
0.5743539554 3.461726619 1
0.6124630168 3.461726619 1
0.6531006592 3.461726619 0
0.6964346572 3.461726619 0
0.7426439169 3.461726619 0
0.7919192154 3.461726619 0
0.844463988 3.461726619 0
0.9004951682 3.461726619 0
0.9602440832 3.461726619 0
1.023957409 3.461726619 0
1.091898189 3.461726619 0
1.16434692 3.461726619 0
1.241602709 3.461726619 0
1.323984511 3.461726619 0
1.411832443 3.461726619 0
1.505509188 3.461726619 0
1.605401496 3.461726619 0
1.711921776 3.461726619 0
1.825509802 3.461726619 0
1.946634528 3.461726619 0
2.075796021 3.461726619 0
2.213527532 3.461726619 0
2.36039769 3.461726619 0
2.517012857 3.461726619 0
2.684019625 3.461726619 0
2.862107488 3.461726619 0
3.05201169 3.461726619 0
3.254516261 3.461726619 0
3.470457248 3.461726619 0
3.700726173 3.461726619 0
3.946273713 3.461726619 0
4.208113622 3.461726619 0
4.487326917 3.461726619 0
4.785066343 3.461726619 0
5.10256113 3.461726619 0
5.44112207 3.461726619 0
5.802146928 3.461726619 0
6.18712621 3.461726619 0
6.597649321 3.461726619 0
7.035411124 3.461726619 0
7.502218938 3.461726619 0
8 3.461726619 0

0.05 3.504748201 1
0.05331755889 3.504748201 1
0.05685524171 3.504748201 1
0.06062765396 3.504748201 1
0.06465037021 3.504748201 1
0.06893999841 3.504748201 1
0.0735142485 3.504748201 1
0.07839200547 3.504748201 1
0.08359340736 3.504748201 1
0.08913992839 3.504748201 1
0.09505446762 3.504748201 1
0.1013614435 3.504748201 1
0.1080868946 3.504748201 1
0.1152585874 3.504748201 1
0.1229061304 3.504748201 1
0.1310610969 3.504748201 1
0.1397571551 3.504748201 1
0.1490302069 3.504748201 1
0.1589185367 3.504748201 1
0.1694629687 3.504748201 1
0.1807070363 3.504748201 1
0.192697161 3.504748201 1
0.2054828445 3.504748201 1
0.2191168733 3.504748201 1
0.2336555359 3.504748201 1
0.2491588559 3.504748201 1
0.2656908394 3.504748201 1
0.2833197395 3.504748201 1
0.3021183379 3.504748201 1
0.3221642455 3.504748201 1
0.3435402226 3.504748201 1
0.3663345209 3.504748201 1
0.3906412479 3.504748201 1
0.4165607547 3.504748201 1
0.4442000514 3.504748201 1
0.473673248 3.504748201 1
0.5051020258 3.504748201 1
0.5386161401 3.504748201 1
0.5743539554 3.504748201 1
0.6124630168 3.504748201 1
0.6531006592 3.504748201 0
0.6964346572 3.504748201 0
0.7426439169 3.504748201 0
0.7919192154 3.504748201 0
0.844463988 3.504748201 0
0.9004951682 3.504748201 0
0.9602440832 3.504748201 0
1.023957409 3.504748201 0
1.091898189 3.504748201 0
1.16434692 3.504748201 0
1.241602709 3.504748201 0
1.323984511 3.504748201 0
1.411832443 3.504748201 0
1.505509188 3.504748201 0
1.605401496 3.504748201 0
1.711921776 3.504748201 0
1.825509802 3.504748201 0
1.946634528 3.504748201 0
2.075796021 3.504748201 0
2.213527532 3.504748201 0
2.36039769 3.504748201 0
2.517012857 3.504748201 0
2.684019625 3.504748201 0
2.862107488 3.504748201 0
3.05201169 3.504748201 0
3.254516261 3.504748201 0
3.470457248 3.504748201 0
3.700726173 3.504748201 0
3.946273713 3.504748201 0
4.208113622 3.504748201 0
4.487326917 3.504748201 0
4.785066343 3.504748201 0
5.10256113 3.504748201 0
5.44112207 3.504748201 0
5.802146928 3.504748201 0
6.18712621 3.504748201 0
6.597649321 3.504748201 0
7.035411124 3.504748201 0
7.502218938 3.504748201 0
8 3.504748201 0

0.05 3.547769784 1
0.05331755889 3.547769784 1
0.05685524171 3.547769784 1
0.06062765396 3.547769784 1
0.06465037021 3.547769784 1
0.06893999841 3.547769784 1
0.0735142485 3.547769784 1
0.07839200547 3.547769784 1
0.08359340736 3.547769784 1
0.08913992839 3.547769784 1
0.09505446762 3.547769784 1
0.1013614435 3.547769784 1
0.1080868946 3.547769784 1
0.1152585874 3.547769784 1
0.1229061304 3.547769784 1
0.1310610969 3.547769784 1
0.1397571551 3.547769784 1
0.1490302069 3.547769784 1
0.1589185367 3.547769784 1
0.1694629687 3.547769784 1
0.1807070363 3.547769784 1
0.192697161 3.547769784 1
0.2054828445 3.547769784 1
0.2191168733 3.547769784 1
0.2336555359 3.547769784 1
0.2491588559 3.547769784 1
0.2656908394 3.547769784 1
0.2833197395 3.547769784 1
0.3021183379 3.547769784 1
0.3221642455 3.547769784 1
0.3435402226 3.547769784 1
0.3663345209 3.547769784 1
0.3906412479 3.547769784 1
0.4165607547 3.547769784 1
0.4442000514 3.547769784 1
0.473673248 3.547769784 1
0.5051020258 3.547769784 1
0.5386161401 3.547769784 1
0.5743539554 3.547769784 1
0.6124630168 3.547769784 0
0.6531006592 3.547769784 0
0.6964346572 3.547769784 0
0.7426439169 3.547769784 0
0.7919192154 3.547769784 0
0.844463988 3.547769784 0
0.9004951682 3.547769784 0
0.9602440832 3.547769784 0
1.023957409 3.547769784 0
1.091898189 3.547769784 0
1.16434692 3.547769784 0
1.241602709 3.547769784 0
1.323984511 3.547769784 0
1.411832443 3.547769784 0
1.505509188 3.547769784 0
1.605401496 3.547769784 0
1.711921776 3.547769784 0
1.825509802 3.547769784 0
1.946634528 3.547769784 0
2.075796021 3.547769784 0
2.213527532 3.547769784 0
2.36039769 3.547769784 0
2.517012857 3.547769784 0
2.684019625 3.547769784 0
2.862107488 3.547769784 0
3.05201169 3.547769784 0
3.254516261 3.547769784 0
3.470457248 3.547769784 0
3.700726173 3.547769784 0
3.946273713 3.547769784 0
4.208113622 3.547769784 0
4.487326917 3.547769784 0
4.785066343 3.547769784 0
5.10256113 3.547769784 0
5.44112207 3.547769784 0
5.802146928 3.547769784 0
6.18712621 3.547769784 0
6.597649321 3.547769784 0
7.035411124 3.547769784 0
7.502218938 3.547769784 0
8 3.547769784 0

0.05 3.590791367 1
0.05331755889 3.590791367 1
0.05685524171 3.590791367 1
0.06062765396 3.590791367 1
0.06465037021 3.590791367 1
0.06893999841 3.590791367 1
0.0735142485 3.590791367 1
0.07839200547 3.590791367 1
0.08359340736 3.590791367 1
0.08913992839 3.590791367 1
0.09505446762 3.590791367 1
0.1013614435 3.590791367 1
0.1080868946 3.590791367 1
0.1152585874 3.590791367 1
0.1229061304 3.590791367 1
0.1310610969 3.590791367 1
0.1397571551 3.590791367 1
0.1490302069 3.590791367 1
0.1589185367 3.590791367 1
0.1694629687 3.590791367 1
0.1807070363 3.590791367 1
0.192697161 3.590791367 1
0.2054828445 3.590791367 1
0.2191168733 3.590791367 1
0.2336555359 3.590791367 1
0.2491588559 3.590791367 1
0.2656908394 3.590791367 1
0.2833197395 3.590791367 1
0.3021183379 3.590791367 1
0.3221642455 3.590791367 1
0.3435402226 3.590791367 1
0.3663345209 3.590791367 1
0.3906412479 3.590791367 1
0.4165607547 3.590791367 1
0.4442000514 3.590791367 1
0.473673248 3.590791367 1
0.5051020258 3.590791367 1
0.5386161401 3.590791367 1
0.5743539554 3.590791367 1
0.6124630168 3.590791367 0
0.6531006592 3.590791367 0
0.6964346572 3.590791367 0
0.7426439169 3.590791367 0
0.7919192154 3.590791367 0
0.844463988 3.590791367 0
0.9004951682 3.590791367 0
0.9602440832 3.590791367 0
1.023957409 3.590791367 0
1.091898189 3.590791367 0
1.16434692 3.590791367 0
1.241602709 3.590791367 0
1.323984511 3.590791367 0
1.411832443 3.590791367 0
1.505509188 3.590791367 0
1.605401496 3.590791367 0
1.711921776 3.590791367 0
1.825509802 3.590791367 0
1.946634528 3.590791367 0
2.075796021 3.590791367 0
2.213527532 3.590791367 0
2.36039769 3.590791367 0
2.517012857 3.590791367 0
2.684019625 3.590791367 0
2.862107488 3.590791367 0
3.05201169 3.590791367 0
3.254516261 3.590791367 0
3.470457248 3.590791367 0
3.700726173 3.590791367 0
3.946273713 3.590791367 0
4.208113622 3.590791367 0
4.487326917 3.590791367 0
4.785066343 3.590791367 0
5.10256113 3.590791367 0
5.44112207 3.590791367 0
5.802146928 3.590791367 0
6.18712621 3.590791367 0
6.597649321 3.590791367 0
7.035411124 3.590791367 0
7.502218938 3.590791367 0
8 3.590791367 0

0.05 3.63381295 1
0.05331755889 3.63381295 1
0.05685524171 3.63381295 1
0.06062765396 3.63381295 1
0.06465037021 3.63381295 1
0.06893999841 3.63381295 1
0.0735142485 3.63381295 1
0.07839200547 3.63381295 1
0.08359340736 3.63381295 1
0.08913992839 3.63381295 1
0.09505446762 3.63381295 1
0.1013614435 3.63381295 1
0.1080868946 3.63381295 1
0.1152585874 3.63381295 1
0.1229061304 3.63381295 1
0.1310610969 3.63381295 1
0.1397571551 3.63381295 1
0.1490302069 3.63381295 1
0.1589185367 3.63381295 1
0.1694629687 3.63381295 1
0.1807070363 3.63381295 1
0.192697161 3.63381295 1
0.2054828445 3.63381295 1
0.2191168733 3.63381295 1
0.2336555359 3.63381295 1
0.2491588559 3.63381295 1
0.2656908394 3.63381295 1
0.2833197395 3.63381295 1
0.3021183379 3.63381295 1
0.3221642455 3.63381295 1
0.3435402226 3.63381295 1
0.3663345209 3.63381295 1
0.3906412479 3.63381295 1
0.4165607547 3.63381295 1
0.4442000514 3.63381295 1
0.473673248 3.63381295 1
0.5051020258 3.63381295 1
0.5386161401 3.63381295 1
0.5743539554 3.63381295 1
0.6124630168 3.63381295 0
0.6531006592 3.63381295 0
0.6964346572 3.63381295 0
0.7426439169 3.63381295 0
0.7919192154 3.63381295 0
0.844463988 3.63381295 0
0.9004951682 3.63381295 0
0.9602440832 3.63381295 0
1.023957409 3.63381295 0
1.091898189 3.63381295 0
1.16434692 3.63381295 0
1.241602709 3.63381295 0
1.323984511 3.63381295 0
1.411832443 3.63381295 0
1.505509188 3.63381295 0
1.605401496 3.63381295 0
1.711921776 3.63381295 0
1.825509802 3.63381295 0
1.946634528 3.63381295 0
2.075796021 3.63381295 0
2.213527532 3.63381295 0
2.36039769 3.63381295 0
2.517012857 3.63381295 0
2.684019625 3.63381295 0
2.862107488 3.63381295 0
3.05201169 3.63381295 0
3.254516261 3.63381295 0
3.470457248 3.63381295 0
3.700726173 3.63381295 0
3.946273713 3.63381295 0
4.208113622 3.63381295 0
4.487326917 3.63381295 0
4.785066343 3.63381295 0
5.10256113 3.63381295 0
5.44112207 3.63381295 0
5.802146928 3.63381295 0
6.18712621 3.63381295 0
6.597649321 3.63381295 0
7.035411124 3.63381295 0
7.502218938 3.63381295 0
8 3.63381295 0

0.05 3.676834532 1
0.05331755889 3.676834532 1
0.05685524171 3.676834532 1
0.06062765396 3.676834532 1
0.06465037021 3.676834532 1
0.06893999841 3.676834532 1
0.0735142485 3.676834532 1
0.07839200547 3.676834532 1
0.08359340736 3.676834532 1
0.08913992839 3.676834532 1
0.09505446762 3.676834532 1
0.1013614435 3.676834532 1
0.1080868946 3.676834532 1
0.1152585874 3.676834532 1
0.1229061304 3.676834532 1
0.1310610969 3.676834532 1
0.1397571551 3.676834532 1
0.1490302069 3.676834532 1
0.1589185367 3.676834532 1
0.1694629687 3.676834532 1
0.1807070363 3.676834532 1
0.192697161 3.676834532 1
0.2054828445 3.676834532 1
0.2191168733 3.676834532 1
0.2336555359 3.676834532 1
0.2491588559 3.676834532 1
0.2656908394 3.676834532 1
0.2833197395 3.676834532 1
0.3021183379 3.676834532 1
0.3221642455 3.676834532 1
0.3435402226 3.676834532 1
0.3663345209 3.676834532 1
0.3906412479 3.676834532 1
0.4165607547 3.676834532 1
0.4442000514 3.676834532 1
0.473673248 3.676834532 1
0.5051020258 3.676834532 1
0.5386161401 3.676834532 1
0.5743539554 3.676834532 0
0.6124630168 3.676834532 0
0.6531006592 3.676834532 0
0.6964346572 3.676834532 0
0.7426439169 3.676834532 0
0.7919192154 3.676834532 0
0.844463988 3.676834532 0
0.9004951682 3.676834532 0
0.9602440832 3.676834532 0
1.023957409 3.676834532 0
1.091898189 3.676834532 0
1.16434692 3.676834532 0
1.241602709 3.676834532 0
1.323984511 3.676834532 0
1.411832443 3.676834532 0
1.505509188 3.676834532 0
1.605401496 3.676834532 0
1.711921776 3.676834532 0
1.825509802 3.676834532 0
1.946634528 3.676834532 0
2.075796021 3.676834532 0
2.213527532 3.676834532 0
2.36039769 3.676834532 0
2.517012857 3.676834532 0
2.684019625 3.676834532 0
2.862107488 3.676834532 0
3.05201169 3.676834532 0
3.254516261 3.676834532 0
3.470457248 3.676834532 0
3.700726173 3.676834532 0
3.946273713 3.676834532 0
4.208113622 3.676834532 0
4.487326917 3.676834532 0
4.785066343 3.676834532 0
5.10256113 3.676834532 0
5.44112207 3.676834532 0
5.802146928 3.676834532 0
6.18712621 3.676834532 0
6.597649321 3.676834532 0
7.035411124 3.676834532 0
7.502218938 3.676834532 0
8 3.676834532 0

0.05 3.719856115 1
0.05331755889 3.719856115 1
0.05685524171 3.719856115 1
0.06062765396 3.719856115 1
0.06465037021 3.719856115 1
0.06893999841 3.719856115 1
0.0735142485 3.719856115 1
0.07839200547 3.719856115 1
0.08359340736 3.719856115 1
0.08913992839 3.719856115 1
0.09505446762 3.719856115 1
0.1013614435 3.719856115 1
0.1080868946 3.719856115 1
0.1152585874 3.719856115 1
0.1229061304 3.719856115 1
0.1310610969 3.719856115 1
0.1397571551 3.719856115 1
0.1490302069 3.719856115 1
0.1589185367 3.719856115 1
0.1694629687 3.719856115 1
0.1807070363 3.719856115 1
0.192697161 3.719856115 1
0.2054828445 3.719856115 1
0.2191168733 3.719856115 1
0.2336555359 3.719856115 1
0.2491588559 3.719856115 1
0.2656908394 3.719856115 1
0.2833197395 3.719856115 1
0.3021183379 3.719856115 1
0.3221642455 3.719856115 1
0.3435402226 3.719856115 1
0.3663345209 3.719856115 1
0.3906412479 3.719856115 1
0.4165607547 3.719856115 1
0.4442000514 3.719856115 1
0.473673248 3.719856115 1
0.5051020258 3.719856115 1
0.5386161401 3.719856115 1
0.5743539554 3.719856115 0
0.6124630168 3.719856115 0
0.6531006592 3.719856115 0
0.6964346572 3.719856115 0
0.7426439169 3.719856115 0
0.7919192154 3.719856115 0
0.844463988 3.719856115 0
0.9004951682 3.719856115 0
0.9602440832 3.719856115 0
1.023957409 3.719856115 0
1.091898189 3.719856115 0
1.16434692 3.719856115 0
1.241602709 3.719856115 0
1.323984511 3.719856115 0
1.411832443 3.719856115 0
1.505509188 3.719856115 0
1.605401496 3.719856115 0
1.711921776 3.719856115 0
1.825509802 3.719856115 0
1.946634528 3.719856115 0
2.075796021 3.719856115 0
2.213527532 3.719856115 0
2.36039769 3.719856115 0
2.517012857 3.719856115 0
2.684019625 3.719856115 0
2.862107488 3.719856115 0
3.05201169 3.719856115 0
3.254516261 3.719856115 0
3.470457248 3.719856115 0
3.700726173 3.719856115 0
3.946273713 3.719856115 0
4.208113622 3.719856115 0
4.487326917 3.719856115 0
4.785066343 3.719856115 0
5.10256113 3.719856115 0
5.44112207 3.719856115 0
5.802146928 3.719856115 0
6.18712621 3.719856115 0
6.597649321 3.719856115 0
7.035411124 3.719856115 0
7.502218938 3.719856115 0
8 3.719856115 0

0.05 3.762877698 1
0.05331755889 3.762877698 1
0.05685524171 3.762877698 1
0.06062765396 3.762877698 1
0.06465037021 3.762877698 1
0.06893999841 3.762877698 1
0.0735142485 3.762877698 1
0.07839200547 3.762877698 1
0.08359340736 3.762877698 1
0.08913992839 3.762877698 1
0.09505446762 3.762877698 1
0.1013614435 3.762877698 1
0.1080868946 3.762877698 1
0.1152585874 3.762877698 1
0.1229061304 3.762877698 1
0.1310610969 3.762877698 1
0.1397571551 3.762877698 1
0.1490302069 3.762877698 1
0.1589185367 3.762877698 1
0.1694629687 3.762877698 1
0.1807070363 3.762877698 1
0.192697161 3.762877698 1
0.2054828445 3.762877698 1
0.2191168733 3.762877698 1
0.2336555359 3.762877698 1
0.2491588559 3.762877698 1
0.2656908394 3.762877698 1
0.2833197395 3.762877698 1
0.3021183379 3.762877698 1
0.3221642455 3.762877698 1
0.3435402226 3.762877698 1
0.3663345209 3.762877698 1
0.3906412479 3.762877698 1
0.4165607547 3.762877698 1
0.4442000514 3.762877698 1
0.473673248 3.762877698 1
0.5051020258 3.762877698 1
0.5386161401 3.762877698 1
0.5743539554 3.762877698 0
0.6124630168 3.762877698 0
0.6531006592 3.762877698 0
0.6964346572 3.762877698 0
0.7426439169 3.762877698 0
0.7919192154 3.762877698 0
0.844463988 3.762877698 0
0.9004951682 3.762877698 0
0.9602440832 3.762877698 0
1.023957409 3.762877698 0
1.091898189 3.762877698 0
1.16434692 3.762877698 0
1.241602709 3.762877698 0
1.323984511 3.762877698 0
1.411832443 3.762877698 0
1.505509188 3.762877698 0
1.605401496 3.762877698 0
1.711921776 3.762877698 0
1.825509802 3.762877698 0
1.946634528 3.762877698 0
2.075796021 3.762877698 0
2.213527532 3.762877698 0
2.36039769 3.762877698 0
2.517012857 3.762877698 0
2.684019625 3.762877698 0
2.862107488 3.762877698 0
3.05201169 3.762877698 0
3.254516261 3.762877698 0
3.470457248 3.762877698 0
3.700726173 3.762877698 0
3.946273713 3.762877698 0
4.208113622 3.762877698 0
4.487326917 3.762877698 0
4.785066343 3.762877698 0
5.10256113 3.762877698 0
5.44112207 3.762877698 0
5.802146928 3.762877698 0
6.18712621 3.762877698 0
6.597649321 3.762877698 0
7.035411124 3.762877698 0
7.502218938 3.762877698 0
8 3.762877698 0

0.05 3.805899281 1
0.05331755889 3.805899281 1
0.05685524171 3.805899281 1
0.06062765396 3.805899281 1
0.06465037021 3.805899281 1
0.06893999841 3.805899281 1
0.0735142485 3.805899281 1
0.07839200547 3.805899281 1
0.08359340736 3.805899281 1
0.08913992839 3.805899281 1
0.09505446762 3.805899281 1
0.1013614435 3.805899281 1
0.1080868946 3.805899281 1
0.1152585874 3.805899281 1
0.1229061304 3.805899281 1
0.1310610969 3.805899281 1
0.1397571551 3.805899281 1
0.1490302069 3.805899281 1
0.1589185367 3.805899281 1
0.1694629687 3.805899281 1
0.1807070363 3.805899281 1
0.192697161 3.805899281 1
0.2054828445 3.805899281 1
0.2191168733 3.805899281 1
0.2336555359 3.805899281 1
0.2491588559 3.805899281 1
0.2656908394 3.805899281 1
0.2833197395 3.805899281 1
0.3021183379 3.805899281 1
0.3221642455 3.805899281 1
0.3435402226 3.805899281 1
0.3663345209 3.805899281 1
0.3906412479 3.805899281 1
0.4165607547 3.805899281 1
0.4442000514 3.805899281 1
0.473673248 3.805899281 1
0.5051020258 3.805899281 1
0.5386161401 3.805899281 1
0.5743539554 3.805899281 0
0.6124630168 3.805899281 0
0.6531006592 3.805899281 0
0.6964346572 3.805899281 0
0.7426439169 3.805899281 0
0.7919192154 3.805899281 0
0.844463988 3.805899281 0
0.9004951682 3.805899281 0
0.9602440832 3.805899281 0
1.023957409 3.805899281 0
1.091898189 3.805899281 0
1.16434692 3.805899281 0
1.241602709 3.805899281 0
1.323984511 3.805899281 0
1.411832443 3.805899281 0
1.505509188 3.805899281 0
1.605401496 3.805899281 0
1.711921776 3.805899281 0
1.825509802 3.805899281 0
1.946634528 3.805899281 0
2.075796021 3.805899281 0
2.213527532 3.805899281 0
2.36039769 3.805899281 0
2.517012857 3.805899281 0
2.684019625 3.805899281 0
2.862107488 3.805899281 0
3.05201169 3.805899281 0
3.254516261 3.805899281 0
3.470457248 3.805899281 0
3.700726173 3.805899281 0
3.946273713 3.805899281 0
4.208113622 3.805899281 0
4.487326917 3.805899281 0
4.785066343 3.805899281 0
5.10256113 3.805899281 0
5.44112207 3.805899281 0
5.802146928 3.805899281 0
6.18712621 3.805899281 0
6.597649321 3.805899281 0
7.035411124 3.805899281 0
7.502218938 3.805899281 0
8 3.805899281 0

0.05 3.848920863 1
0.05331755889 3.848920863 1
0.05685524171 3.848920863 1
0.06062765396 3.848920863 1
0.06465037021 3.848920863 1
0.06893999841 3.848920863 1
0.0735142485 3.848920863 1
0.07839200547 3.848920863 1
0.08359340736 3.848920863 1
0.08913992839 3.848920863 1
0.09505446762 3.848920863 1
0.1013614435 3.848920863 1
0.1080868946 3.848920863 1
0.1152585874 3.848920863 1
0.1229061304 3.848920863 1
0.1310610969 3.848920863 1
0.1397571551 3.848920863 1
0.1490302069 3.848920863 1
0.1589185367 3.848920863 1
0.1694629687 3.848920863 1
0.1807070363 3.848920863 1
0.192697161 3.848920863 1
0.2054828445 3.848920863 1
0.2191168733 3.848920863 1
0.2336555359 3.848920863 1
0.2491588559 3.848920863 1
0.2656908394 3.848920863 1
0.2833197395 3.848920863 1
0.3021183379 3.848920863 1
0.3221642455 3.848920863 1
0.3435402226 3.848920863 1
0.3663345209 3.848920863 1
0.3906412479 3.848920863 1
0.4165607547 3.848920863 1
0.4442000514 3.848920863 1
0.473673248 3.848920863 1
0.5051020258 3.848920863 1
0.5386161401 3.848920863 0
0.5743539554 3.848920863 0
0.6124630168 3.848920863 0
0.6531006592 3.848920863 0
0.6964346572 3.848920863 0
0.7426439169 3.848920863 0
0.7919192154 3.848920863 0
0.844463988 3.848920863 0
0.9004951682 3.848920863 0
0.9602440832 3.848920863 0
1.023957409 3.848920863 0
1.091898189 3.848920863 0
1.16434692 3.848920863 0
1.241602709 3.848920863 0
1.323984511 3.848920863 0
1.411832443 3.848920863 0
1.505509188 3.848920863 0
1.605401496 3.848920863 0
1.711921776 3.848920863 0
1.825509802 3.848920863 0
1.946634528 3.848920863 0
2.075796021 3.848920863 0
2.213527532 3.848920863 0
2.36039769 3.848920863 0
2.517012857 3.848920863 0
2.684019625 3.848920863 0
2.862107488 3.848920863 0
3.05201169 3.848920863 0
3.254516261 3.848920863 0
3.470457248 3.848920863 0
3.700726173 3.848920863 0
3.946273713 3.848920863 0
4.208113622 3.848920863 0
4.487326917 3.848920863 0
4.785066343 3.848920863 0
5.10256113 3.848920863 0
5.44112207 3.848920863 0
5.802146928 3.848920863 0
6.18712621 3.848920863 0
6.597649321 3.848920863 0
7.035411124 3.848920863 0
7.502218938 3.848920863 0
8 3.848920863 0

0.05 3.891942446 1
0.05331755889 3.891942446 1
0.05685524171 3.891942446 1
0.06062765396 3.891942446 1
0.06465037021 3.891942446 1
0.06893999841 3.891942446 1
0.0735142485 3.891942446 1
0.07839200547 3.891942446 1
0.08359340736 3.891942446 1
0.08913992839 3.891942446 1
0.09505446762 3.891942446 1
0.1013614435 3.891942446 1
0.1080868946 3.891942446 1
0.1152585874 3.891942446 1
0.1229061304 3.891942446 1
0.1310610969 3.891942446 1
0.1397571551 3.891942446 1
0.1490302069 3.891942446 1
0.1589185367 3.891942446 1
0.1694629687 3.891942446 1
0.1807070363 3.891942446 1
0.192697161 3.891942446 1
0.2054828445 3.891942446 1
0.2191168733 3.891942446 1
0.2336555359 3.891942446 1
0.2491588559 3.891942446 1
0.2656908394 3.891942446 1
0.2833197395 3.891942446 1
0.3021183379 3.891942446 1
0.3221642455 3.891942446 1
0.3435402226 3.891942446 1
0.3663345209 3.891942446 1
0.3906412479 3.891942446 1
0.4165607547 3.891942446 1
0.4442000514 3.891942446 1
0.473673248 3.891942446 1
0.5051020258 3.891942446 1
0.5386161401 3.891942446 0
0.5743539554 3.891942446 0
0.6124630168 3.891942446 0
0.6531006592 3.891942446 0
0.6964346572 3.891942446 0
0.7426439169 3.891942446 0
0.7919192154 3.891942446 0
0.844463988 3.891942446 0
0.9004951682 3.891942446 0
0.9602440832 3.891942446 0
1.023957409 3.891942446 0
1.091898189 3.891942446 0
1.16434692 3.891942446 0
1.241602709 3.891942446 0
1.323984511 3.891942446 0
1.411832443 3.891942446 0
1.505509188 3.891942446 0
1.605401496 3.891942446 0
1.711921776 3.891942446 0
1.825509802 3.891942446 0
1.946634528 3.891942446 0
2.075796021 3.891942446 0
2.213527532 3.891942446 0
2.36039769 3.891942446 0
2.517012857 3.891942446 0
2.684019625 3.891942446 0
2.862107488 3.891942446 0
3.05201169 3.891942446 0
3.254516261 3.891942446 0
3.470457248 3.891942446 0
3.700726173 3.891942446 0
3.946273713 3.891942446 0
4.208113622 3.891942446 0
4.487326917 3.891942446 0
4.785066343 3.891942446 0
5.10256113 3.891942446 0
5.44112207 3.891942446 0
5.802146928 3.891942446 0
6.18712621 3.891942446 0
6.597649321 3.891942446 0
7.035411124 3.891942446 0
7.502218938 3.891942446 0
8 3.891942446 0

0.05 3.934964029 1
0.05331755889 3.934964029 1
0.05685524171 3.934964029 1
0.06062765396 3.934964029 1
0.06465037021 3.934964029 1
0.06893999841 3.934964029 1
0.0735142485 3.934964029 1
0.07839200547 3.934964029 1
0.08359340736 3.934964029 1
0.08913992839 3.934964029 1
0.09505446762 3.934964029 1
0.1013614435 3.934964029 1
0.1080868946 3.934964029 1
0.1152585874 3.934964029 1
0.1229061304 3.934964029 1
0.1310610969 3.934964029 1
0.1397571551 3.934964029 1
0.1490302069 3.934964029 1
0.1589185367 3.934964029 1
0.1694629687 3.934964029 1
0.1807070363 3.934964029 1
0.192697161 3.934964029 1
0.2054828445 3.934964029 1
0.2191168733 3.934964029 1
0.2336555359 3.934964029 1
0.2491588559 3.934964029 1
0.2656908394 3.934964029 1
0.2833197395 3.934964029 1
0.3021183379 3.934964029 1
0.3221642455 3.934964029 1
0.3435402226 3.934964029 1
0.3663345209 3.934964029 1
0.3906412479 3.934964029 1
0.4165607547 3.934964029 1
0.4442000514 3.934964029 1
0.473673248 3.934964029 1
0.5051020258 3.934964029 1
0.5386161401 3.934964029 0
0.5743539554 3.934964029 0
0.6124630168 3.934964029 0
0.6531006592 3.934964029 0
0.6964346572 3.934964029 0
0.7426439169 3.934964029 0
0.7919192154 3.934964029 0
0.844463988 3.934964029 0
0.9004951682 3.934964029 0
0.9602440832 3.934964029 0
1.023957409 3.934964029 0
1.091898189 3.934964029 0
1.16434692 3.934964029 0
1.241602709 3.934964029 0
1.323984511 3.934964029 0
1.411832443 3.934964029 0
1.505509188 3.934964029 0
1.605401496 3.934964029 0
1.711921776 3.934964029 0
1.825509802 3.934964029 0
1.946634528 3.934964029 0
2.075796021 3.934964029 0
2.213527532 3.934964029 0
2.36039769 3.934964029 0
2.517012857 3.934964029 0
2.684019625 3.934964029 0
2.862107488 3.934964029 0
3.05201169 3.934964029 0
3.254516261 3.934964029 0
3.470457248 3.934964029 0
3.700726173 3.934964029 0
3.946273713 3.934964029 0
4.208113622 3.934964029 0
4.487326917 3.934964029 0
4.785066343 3.934964029 0
5.10256113 3.934964029 0
5.44112207 3.934964029 0
5.802146928 3.934964029 0
6.18712621 3.934964029 0
6.597649321 3.934964029 0
7.035411124 3.934964029 0
7.502218938 3.934964029 0
8 3.934964029 0

0.05 3.977985612 1
0.05331755889 3.977985612 1
0.05685524171 3.977985612 1
0.06062765396 3.977985612 1
0.06465037021 3.977985612 1
0.06893999841 3.977985612 1
0.0735142485 3.977985612 1
0.07839200547 3.977985612 1
0.08359340736 3.977985612 1
0.08913992839 3.977985612 1
0.09505446762 3.977985612 1
0.1013614435 3.977985612 1
0.1080868946 3.977985612 1
0.1152585874 3.977985612 1
0.1229061304 3.977985612 1
0.1310610969 3.977985612 1
0.1397571551 3.977985612 1
0.1490302069 3.977985612 1
0.1589185367 3.977985612 1
0.1694629687 3.977985612 1
0.1807070363 3.977985612 1
0.192697161 3.977985612 1
0.2054828445 3.977985612 1
0.2191168733 3.977985612 1
0.2336555359 3.977985612 1
0.2491588559 3.977985612 1
0.2656908394 3.977985612 1
0.2833197395 3.977985612 1
0.3021183379 3.977985612 1
0.3221642455 3.977985612 1
0.3435402226 3.977985612 1
0.3663345209 3.977985612 1
0.3906412479 3.977985612 1
0.4165607547 3.977985612 1
0.4442000514 3.977985612 1
0.473673248 3.977985612 1
0.5051020258 3.977985612 0
0.5386161401 3.977985612 0
0.5743539554 3.977985612 0
0.6124630168 3.977985612 0
0.6531006592 3.977985612 0
0.6964346572 3.977985612 0
0.7426439169 3.977985612 0
0.7919192154 3.977985612 0
0.844463988 3.977985612 0
0.9004951682 3.977985612 0
0.9602440832 3.977985612 0
1.023957409 3.977985612 0
1.091898189 3.977985612 0
1.16434692 3.977985612 0
1.241602709 3.977985612 0
1.323984511 3.977985612 0
1.411832443 3.977985612 0
1.505509188 3.977985612 0
1.605401496 3.977985612 0
1.711921776 3.977985612 0
1.825509802 3.977985612 0
1.946634528 3.977985612 0
2.075796021 3.977985612 0
2.213527532 3.977985612 0
2.36039769 3.977985612 0
2.517012857 3.977985612 0
2.684019625 3.977985612 0
2.862107488 3.977985612 0
3.05201169 3.977985612 0
3.254516261 3.977985612 0
3.470457248 3.977985612 0
3.700726173 3.977985612 0
3.946273713 3.977985612 0
4.208113622 3.977985612 0
4.487326917 3.977985612 0
4.785066343 3.977985612 0
5.10256113 3.977985612 0
5.44112207 3.977985612 0
5.802146928 3.977985612 0
6.18712621 3.977985612 0
6.597649321 3.977985612 0
7.035411124 3.977985612 0
7.502218938 3.977985612 0
8 3.977985612 0

0.05 4.021007194 1
0.05331755889 4.021007194 1
0.05685524171 4.021007194 1
0.06062765396 4.021007194 1
0.06465037021 4.021007194 1
0.06893999841 4.021007194 1
0.0735142485 4.021007194 1
0.07839200547 4.021007194 1
0.08359340736 4.021007194 1
0.08913992839 4.021007194 1
0.09505446762 4.021007194 1
0.1013614435 4.021007194 1
0.1080868946 4.021007194 1
0.1152585874 4.021007194 1
0.1229061304 4.021007194 1
0.1310610969 4.021007194 1
0.1397571551 4.021007194 1
0.1490302069 4.021007194 1
0.1589185367 4.021007194 1
0.1694629687 4.021007194 1
0.1807070363 4.021007194 1
0.192697161 4.021007194 1
0.2054828445 4.021007194 1
0.2191168733 4.021007194 1
0.2336555359 4.021007194 1
0.2491588559 4.021007194 1
0.2656908394 4.021007194 1
0.2833197395 4.021007194 1
0.3021183379 4.021007194 1
0.3221642455 4.021007194 1
0.3435402226 4.021007194 1
0.3663345209 4.021007194 1
0.3906412479 4.021007194 1
0.4165607547 4.021007194 1
0.4442000514 4.021007194 1
0.473673248 4.021007194 1
0.5051020258 4.021007194 0
0.5386161401 4.021007194 0
0.5743539554 4.021007194 0
0.6124630168 4.021007194 0
0.6531006592 4.021007194 0
0.6964346572 4.021007194 0
0.7426439169 4.021007194 0
0.7919192154 4.021007194 0
0.844463988 4.021007194 0
0.9004951682 4.021007194 0
0.9602440832 4.021007194 0
1.023957409 4.021007194 0
1.091898189 4.021007194 0
1.16434692 4.021007194 0
1.241602709 4.021007194 0
1.323984511 4.021007194 0
1.411832443 4.021007194 0
1.505509188 4.021007194 0
1.605401496 4.021007194 0
1.711921776 4.021007194 0
1.825509802 4.021007194 0
1.946634528 4.021007194 0
2.075796021 4.021007194 0
2.213527532 4.021007194 0
2.36039769 4.021007194 0
2.517012857 4.021007194 0
2.684019625 4.021007194 0
2.862107488 4.021007194 0
3.05201169 4.021007194 0
3.254516261 4.021007194 0
3.470457248 4.021007194 0
3.700726173 4.021007194 0
3.946273713 4.021007194 0
4.208113622 4.021007194 0
4.487326917 4.021007194 0
4.785066343 4.021007194 0
5.10256113 4.021007194 0
5.44112207 4.021007194 0
5.802146928 4.021007194 0
6.18712621 4.021007194 0
6.597649321 4.021007194 0
7.035411124 4.021007194 0
7.502218938 4.021007194 0
8 4.021007194 0

0.05 4.064028777 1
0.05331755889 4.064028777 1
0.05685524171 4.064028777 1
0.06062765396 4.064028777 1
0.06465037021 4.064028777 1
0.06893999841 4.064028777 1
0.0735142485 4.064028777 1
0.07839200547 4.064028777 1
0.08359340736 4.064028777 1
0.08913992839 4.064028777 1
0.09505446762 4.064028777 1
0.1013614435 4.064028777 1
0.1080868946 4.064028777 1
0.1152585874 4.064028777 1
0.1229061304 4.064028777 1
0.1310610969 4.064028777 1
0.1397571551 4.064028777 1
0.1490302069 4.064028777 1
0.1589185367 4.064028777 1
0.1694629687 4.064028777 1
0.1807070363 4.064028777 1
0.192697161 4.064028777 1
0.2054828445 4.064028777 1
0.2191168733 4.064028777 1
0.2336555359 4.064028777 1
0.2491588559 4.064028777 1
0.2656908394 4.064028777 1
0.2833197395 4.064028777 1
0.3021183379 4.064028777 1
0.3221642455 4.064028777 1
0.3435402226 4.064028777 1
0.3663345209 4.064028777 1
0.3906412479 4.064028777 1
0.4165607547 4.064028777 1
0.4442000514 4.064028777 1
0.473673248 4.064028777 1
0.5051020258 4.064028777 0
0.5386161401 4.064028777 0
0.5743539554 4.064028777 0
0.6124630168 4.064028777 0
0.6531006592 4.064028777 0
0.6964346572 4.064028777 0
0.7426439169 4.064028777 0
0.7919192154 4.064028777 0
0.844463988 4.064028777 0
0.9004951682 4.064028777 0
0.9602440832 4.064028777 0
1.023957409 4.064028777 0
1.091898189 4.064028777 0
1.16434692 4.064028777 0
1.241602709 4.064028777 0
1.323984511 4.064028777 0
1.411832443 4.064028777 0
1.505509188 4.064028777 0
1.605401496 4.064028777 0
1.711921776 4.064028777 0
1.825509802 4.064028777 0
1.946634528 4.064028777 0
2.075796021 4.064028777 0
2.213527532 4.064028777 0
2.36039769 4.064028777 0
2.517012857 4.064028777 0
2.684019625 4.064028777 0
2.862107488 4.064028777 0
3.05201169 4.064028777 0
3.254516261 4.064028777 0
3.470457248 4.064028777 0
3.700726173 4.064028777 0
3.946273713 4.064028777 0
4.208113622 4.064028777 0
4.487326917 4.064028777 0
4.785066343 4.064028777 0
5.10256113 4.064028777 0
5.44112207 4.064028777 0
5.802146928 4.064028777 0
6.18712621 4.064028777 0
6.597649321 4.064028777 0
7.035411124 4.064028777 0
7.502218938 4.064028777 0
8 4.064028777 0

0.05 4.10705036 1
0.05331755889 4.10705036 1
0.05685524171 4.10705036 1
0.06062765396 4.10705036 1
0.06465037021 4.10705036 1
0.06893999841 4.10705036 1
0.0735142485 4.10705036 1
0.07839200547 4.10705036 1
0.08359340736 4.10705036 1
0.08913992839 4.10705036 1
0.09505446762 4.10705036 1
0.1013614435 4.10705036 1
0.1080868946 4.10705036 1
0.1152585874 4.10705036 1
0.1229061304 4.10705036 1
0.1310610969 4.10705036 1
0.1397571551 4.10705036 1
0.1490302069 4.10705036 1
0.1589185367 4.10705036 1
0.1694629687 4.10705036 1
0.1807070363 4.10705036 1
0.192697161 4.10705036 1
0.2054828445 4.10705036 1
0.2191168733 4.10705036 1
0.2336555359 4.10705036 1
0.2491588559 4.10705036 1
0.2656908394 4.10705036 1
0.2833197395 4.10705036 1
0.3021183379 4.10705036 1
0.3221642455 4.10705036 1
0.3435402226 4.10705036 1
0.3663345209 4.10705036 1
0.3906412479 4.10705036 1
0.4165607547 4.10705036 1
0.4442000514 4.10705036 1
0.473673248 4.10705036 1
0.5051020258 4.10705036 0
0.5386161401 4.10705036 0
0.5743539554 4.10705036 0
0.6124630168 4.10705036 0
0.6531006592 4.10705036 0
0.6964346572 4.10705036 0
0.7426439169 4.10705036 0
0.7919192154 4.10705036 0
0.844463988 4.10705036 0
0.9004951682 4.10705036 0
0.9602440832 4.10705036 0
1.023957409 4.10705036 0
1.091898189 4.10705036 0
1.16434692 4.10705036 0
1.241602709 4.10705036 0
1.323984511 4.10705036 0
1.411832443 4.10705036 0
1.505509188 4.10705036 0
1.605401496 4.10705036 0
1.711921776 4.10705036 0
1.825509802 4.10705036 0
1.946634528 4.10705036 0
2.075796021 4.10705036 0
2.213527532 4.10705036 0
2.36039769 4.10705036 0
2.517012857 4.10705036 0
2.684019625 4.10705036 0
2.862107488 4.10705036 0
3.05201169 4.10705036 0
3.254516261 4.10705036 0
3.470457248 4.10705036 0
3.700726173 4.10705036 0
3.946273713 4.10705036 0
4.208113622 4.10705036 0
4.487326917 4.10705036 0
4.785066343 4.10705036 0
5.10256113 4.10705036 0
5.44112207 4.10705036 0
5.802146928 4.10705036 0
6.18712621 4.10705036 0
6.597649321 4.10705036 0
7.035411124 4.10705036 0
7.502218938 4.10705036 0
8 4.10705036 0

0.05 4.150071942 1
0.05331755889 4.150071942 1
0.05685524171 4.150071942 1
0.06062765396 4.150071942 1
0.06465037021 4.150071942 1
0.06893999841 4.150071942 1
0.0735142485 4.150071942 1
0.07839200547 4.150071942 1
0.08359340736 4.150071942 1
0.08913992839 4.150071942 1
0.09505446762 4.150071942 1
0.1013614435 4.150071942 1
0.1080868946 4.150071942 1
0.1152585874 4.150071942 1
0.1229061304 4.150071942 1
0.1310610969 4.150071942 1
0.1397571551 4.150071942 1
0.1490302069 4.150071942 1
0.1589185367 4.150071942 1
0.1694629687 4.150071942 1
0.1807070363 4.150071942 1
0.192697161 4.150071942 1
0.2054828445 4.150071942 1
0.2191168733 4.150071942 1
0.2336555359 4.150071942 1
0.2491588559 4.150071942 1
0.2656908394 4.150071942 1
0.2833197395 4.150071942 1
0.3021183379 4.150071942 1
0.3221642455 4.150071942 1
0.3435402226 4.150071942 1
0.3663345209 4.150071942 1
0.3906412479 4.150071942 1
0.4165607547 4.150071942 1
0.4442000514 4.150071942 1
0.473673248 4.150071942 0
0.5051020258 4.150071942 0
0.5386161401 4.150071942 0
0.5743539554 4.150071942 0
0.6124630168 4.150071942 0
0.6531006592 4.150071942 0
0.6964346572 4.150071942 0
0.7426439169 4.150071942 0
0.7919192154 4.150071942 0
0.844463988 4.150071942 0
0.9004951682 4.150071942 0
0.9602440832 4.150071942 0
1.023957409 4.150071942 0
1.091898189 4.150071942 0
1.16434692 4.150071942 0
1.241602709 4.150071942 0
1.323984511 4.150071942 0
1.411832443 4.150071942 0
1.505509188 4.150071942 0
1.605401496 4.150071942 0
1.711921776 4.150071942 0
1.825509802 4.150071942 0
1.946634528 4.150071942 0
2.075796021 4.150071942 0
2.213527532 4.150071942 0
2.36039769 4.150071942 0
2.517012857 4.150071942 0
2.684019625 4.150071942 0
2.862107488 4.150071942 0
3.05201169 4.150071942 0
3.254516261 4.150071942 0
3.470457248 4.150071942 0
3.700726173 4.150071942 0
3.946273713 4.150071942 0
4.208113622 4.150071942 0
4.487326917 4.150071942 0
4.785066343 4.150071942 0
5.10256113 4.150071942 0
5.44112207 4.150071942 0
5.802146928 4.150071942 0
6.18712621 4.150071942 0
6.597649321 4.150071942 0
7.035411124 4.150071942 0
7.502218938 4.150071942 0
8 4.150071942 0

0.05 4.193093525 1
0.05331755889 4.193093525 1
0.05685524171 4.193093525 1
0.06062765396 4.193093525 1
0.06465037021 4.193093525 1
0.06893999841 4.193093525 1
0.0735142485 4.193093525 1
0.07839200547 4.193093525 1
0.08359340736 4.193093525 1
0.08913992839 4.193093525 1
0.09505446762 4.193093525 1
0.1013614435 4.193093525 1
0.1080868946 4.193093525 1
0.1152585874 4.193093525 1
0.1229061304 4.193093525 1
0.1310610969 4.193093525 1
0.1397571551 4.193093525 1
0.1490302069 4.193093525 1
0.1589185367 4.193093525 1
0.1694629687 4.193093525 1
0.1807070363 4.193093525 1
0.192697161 4.193093525 1
0.2054828445 4.193093525 1
0.2191168733 4.193093525 1
0.2336555359 4.193093525 1
0.2491588559 4.193093525 1
0.2656908394 4.193093525 1
0.2833197395 4.193093525 1
0.3021183379 4.193093525 1
0.3221642455 4.193093525 1
0.3435402226 4.193093525 1
0.3663345209 4.193093525 1
0.3906412479 4.193093525 1
0.4165607547 4.193093525 1
0.4442000514 4.193093525 1
0.473673248 4.193093525 0
0.5051020258 4.193093525 0
0.5386161401 4.193093525 0
0.5743539554 4.193093525 0
0.6124630168 4.193093525 0
0.6531006592 4.193093525 0
0.6964346572 4.193093525 0
0.7426439169 4.193093525 0
0.7919192154 4.193093525 0
0.844463988 4.193093525 0
0.9004951682 4.193093525 0
0.9602440832 4.193093525 0
1.023957409 4.193093525 0
1.091898189 4.193093525 0
1.16434692 4.193093525 0
1.241602709 4.193093525 0
1.323984511 4.193093525 0
1.411832443 4.193093525 0
1.505509188 4.193093525 0
1.605401496 4.193093525 0
1.711921776 4.193093525 0
1.825509802 4.193093525 0
1.946634528 4.193093525 0
2.075796021 4.193093525 0
2.213527532 4.193093525 0
2.36039769 4.193093525 0
2.517012857 4.193093525 0
2.684019625 4.193093525 0
2.862107488 4.193093525 0
3.05201169 4.193093525 0
3.254516261 4.193093525 0
3.470457248 4.193093525 0
3.700726173 4.193093525 0
3.946273713 4.193093525 0
4.208113622 4.193093525 0
4.487326917 4.193093525 0
4.785066343 4.193093525 0
5.10256113 4.193093525 0
5.44112207 4.193093525 0
5.802146928 4.193093525 0
6.18712621 4.193093525 0
6.597649321 4.193093525 0
7.035411124 4.193093525 0
7.502218938 4.193093525 0
8 4.193093525 0

0.05 4.236115108 1
0.05331755889 4.236115108 1
0.05685524171 4.236115108 1
0.06062765396 4.236115108 1
0.06465037021 4.236115108 1
0.06893999841 4.236115108 1
0.0735142485 4.236115108 1
0.07839200547 4.236115108 1
0.08359340736 4.236115108 1
0.08913992839 4.236115108 1
0.09505446762 4.236115108 1
0.1013614435 4.236115108 1
0.1080868946 4.236115108 1
0.1152585874 4.236115108 1
0.1229061304 4.236115108 1
0.1310610969 4.236115108 1
0.1397571551 4.236115108 1
0.1490302069 4.236115108 1
0.1589185367 4.236115108 1
0.1694629687 4.236115108 1
0.1807070363 4.236115108 1
0.192697161 4.236115108 1
0.2054828445 4.236115108 1
0.2191168733 4.236115108 1
0.2336555359 4.236115108 1
0.2491588559 4.236115108 1
0.2656908394 4.236115108 1
0.2833197395 4.236115108 1
0.3021183379 4.236115108 1
0.3221642455 4.236115108 1
0.3435402226 4.236115108 1
0.3663345209 4.236115108 1
0.3906412479 4.236115108 1
0.4165607547 4.236115108 1
0.4442000514 4.236115108 1
0.473673248 4.236115108 0
0.5051020258 4.236115108 0
0.5386161401 4.236115108 0
0.5743539554 4.236115108 0
0.6124630168 4.236115108 0
0.6531006592 4.236115108 0
0.6964346572 4.236115108 0
0.7426439169 4.236115108 0
0.7919192154 4.236115108 0
0.844463988 4.236115108 0
0.9004951682 4.236115108 0
0.9602440832 4.236115108 0
1.023957409 4.236115108 0
1.091898189 4.236115108 0
1.16434692 4.236115108 0
1.241602709 4.236115108 0
1.323984511 4.236115108 0
1.411832443 4.236115108 0
1.505509188 4.236115108 0
1.605401496 4.236115108 0
1.711921776 4.236115108 0
1.825509802 4.236115108 0
1.946634528 4.236115108 0
2.075796021 4.236115108 0
2.213527532 4.236115108 0
2.36039769 4.236115108 0
2.517012857 4.236115108 0
2.684019625 4.236115108 0
2.862107488 4.236115108 0
3.05201169 4.236115108 0
3.254516261 4.236115108 0
3.470457248 4.236115108 0
3.700726173 4.236115108 0
3.946273713 4.236115108 0
4.208113622 4.236115108 0
4.487326917 4.236115108 0
4.785066343 4.236115108 0
5.10256113 4.236115108 0
5.44112207 4.236115108 0
5.802146928 4.236115108 0
6.18712621 4.236115108 0
6.597649321 4.236115108 0
7.035411124 4.236115108 0
7.502218938 4.236115108 0
8 4.236115108 0

0.05 4.279136691 1
0.05331755889 4.279136691 1
0.05685524171 4.279136691 1
0.06062765396 4.279136691 1
0.06465037021 4.279136691 1
0.06893999841 4.279136691 1
0.0735142485 4.279136691 1
0.07839200547 4.279136691 1
0.08359340736 4.279136691 1
0.08913992839 4.279136691 1
0.09505446762 4.279136691 1
0.1013614435 4.279136691 1
0.1080868946 4.279136691 1
0.1152585874 4.279136691 1
0.1229061304 4.279136691 1
0.1310610969 4.279136691 1
0.1397571551 4.279136691 1
0.1490302069 4.279136691 1
0.1589185367 4.279136691 1
0.1694629687 4.279136691 1
0.1807070363 4.279136691 1
0.192697161 4.279136691 1
0.2054828445 4.279136691 1
0.2191168733 4.279136691 1
0.2336555359 4.279136691 1
0.2491588559 4.279136691 1
0.2656908394 4.279136691 1
0.2833197395 4.279136691 1
0.3021183379 4.279136691 1
0.3221642455 4.279136691 1
0.3435402226 4.279136691 1
0.3663345209 4.279136691 1
0.3906412479 4.279136691 1
0.4165607547 4.279136691 1
0.4442000514 4.279136691 1
0.473673248 4.279136691 0
0.5051020258 4.279136691 0
0.5386161401 4.279136691 0
0.5743539554 4.279136691 0
0.6124630168 4.279136691 0
0.6531006592 4.279136691 0
0.6964346572 4.279136691 0
0.7426439169 4.279136691 0
0.7919192154 4.279136691 0
0.844463988 4.279136691 0
0.9004951682 4.279136691 0
0.9602440832 4.279136691 0
1.023957409 4.279136691 0
1.091898189 4.279136691 0
1.16434692 4.279136691 0
1.241602709 4.279136691 0
1.323984511 4.279136691 0
1.411832443 4.279136691 0
1.505509188 4.279136691 0
1.605401496 4.279136691 0
1.711921776 4.279136691 0
1.825509802 4.279136691 0
1.946634528 4.279136691 0
2.075796021 4.279136691 0
2.213527532 4.279136691 0
2.36039769 4.279136691 0
2.517012857 4.279136691 0
2.684019625 4.279136691 0
2.862107488 4.279136691 0
3.05201169 4.279136691 0
3.254516261 4.279136691 0
3.470457248 4.279136691 0
3.700726173 4.279136691 0
3.946273713 4.279136691 0
4.208113622 4.279136691 0
4.487326917 4.279136691 0
4.785066343 4.279136691 0
5.10256113 4.279136691 0
5.44112207 4.279136691 0
5.802146928 4.279136691 0
6.18712621 4.279136691 0
6.597649321 4.279136691 0
7.035411124 4.279136691 0
7.502218938 4.279136691 0
8 4.279136691 0

0.05 4.322158273 1
0.05331755889 4.322158273 1
0.05685524171 4.322158273 1
0.06062765396 4.322158273 1
0.06465037021 4.322158273 1
0.06893999841 4.322158273 1
0.0735142485 4.322158273 1
0.07839200547 4.322158273 1
0.08359340736 4.322158273 1
0.08913992839 4.322158273 1
0.09505446762 4.322158273 1
0.1013614435 4.322158273 1
0.1080868946 4.322158273 1
0.1152585874 4.322158273 1
0.1229061304 4.322158273 1
0.1310610969 4.322158273 1
0.1397571551 4.322158273 1
0.1490302069 4.322158273 1
0.1589185367 4.322158273 1
0.1694629687 4.322158273 1
0.1807070363 4.322158273 1
0.192697161 4.322158273 1
0.2054828445 4.322158273 1
0.2191168733 4.322158273 1
0.2336555359 4.322158273 1
0.2491588559 4.322158273 1
0.2656908394 4.322158273 1
0.2833197395 4.322158273 1
0.3021183379 4.322158273 1
0.3221642455 4.322158273 1
0.3435402226 4.322158273 1
0.3663345209 4.322158273 1
0.3906412479 4.322158273 1
0.4165607547 4.322158273 1
0.4442000514 4.322158273 1
0.473673248 4.322158273 0
0.5051020258 4.322158273 0
0.5386161401 4.322158273 0
0.5743539554 4.322158273 0
0.6124630168 4.322158273 0
0.6531006592 4.322158273 0
0.6964346572 4.322158273 0
0.7426439169 4.322158273 0
0.7919192154 4.322158273 0
0.844463988 4.322158273 0
0.9004951682 4.322158273 0
0.9602440832 4.322158273 0
1.023957409 4.322158273 0
1.091898189 4.322158273 0
1.16434692 4.322158273 0
1.241602709 4.322158273 0
1.323984511 4.322158273 0
1.411832443 4.322158273 0
1.505509188 4.322158273 0
1.605401496 4.322158273 0
1.711921776 4.322158273 0
1.825509802 4.322158273 0
1.946634528 4.322158273 0
2.075796021 4.322158273 0
2.213527532 4.322158273 0
2.36039769 4.322158273 0
2.517012857 4.322158273 0
2.684019625 4.322158273 0
2.862107488 4.322158273 0
3.05201169 4.322158273 0
3.254516261 4.322158273 0
3.470457248 4.322158273 0
3.700726173 4.322158273 0
3.946273713 4.322158273 0
4.208113622 4.322158273 0
4.487326917 4.322158273 0
4.785066343 4.322158273 0
5.10256113 4.322158273 0
5.44112207 4.322158273 0
5.802146928 4.322158273 0
6.18712621 4.322158273 0
6.597649321 4.322158273 0
7.035411124 4.322158273 0
7.502218938 4.322158273 0
8 4.322158273 0

0.05 4.365179856 1
0.05331755889 4.365179856 1
0.05685524171 4.365179856 1
0.06062765396 4.365179856 1
0.06465037021 4.365179856 1
0.06893999841 4.365179856 1
0.0735142485 4.365179856 1
0.07839200547 4.365179856 1
0.08359340736 4.365179856 1
0.08913992839 4.365179856 1
0.09505446762 4.365179856 1
0.1013614435 4.365179856 1
0.1080868946 4.365179856 1
0.1152585874 4.365179856 1
0.1229061304 4.365179856 1
0.1310610969 4.365179856 1
0.1397571551 4.365179856 1
0.1490302069 4.365179856 1
0.1589185367 4.365179856 1
0.1694629687 4.365179856 1
0.1807070363 4.365179856 1
0.192697161 4.365179856 1
0.2054828445 4.365179856 1
0.2191168733 4.365179856 1
0.2336555359 4.365179856 1
0.2491588559 4.365179856 1
0.2656908394 4.365179856 1
0.2833197395 4.365179856 1
0.3021183379 4.365179856 1
0.3221642455 4.365179856 1
0.3435402226 4.365179856 1
0.3663345209 4.365179856 1
0.3906412479 4.365179856 1
0.4165607547 4.365179856 1
0.4442000514 4.365179856 0
0.473673248 4.365179856 0
0.5051020258 4.365179856 0
0.5386161401 4.365179856 0
0.5743539554 4.365179856 0
0.6124630168 4.365179856 0
0.6531006592 4.365179856 0
0.6964346572 4.365179856 0
0.7426439169 4.365179856 0
0.7919192154 4.365179856 0
0.844463988 4.365179856 0
0.9004951682 4.365179856 0
0.9602440832 4.365179856 0
1.023957409 4.365179856 0
1.091898189 4.365179856 0
1.16434692 4.365179856 0
1.241602709 4.365179856 0
1.323984511 4.365179856 0
1.411832443 4.365179856 0
1.505509188 4.365179856 0
1.605401496 4.365179856 0
1.711921776 4.365179856 0
1.825509802 4.365179856 0
1.946634528 4.365179856 0
2.075796021 4.365179856 0
2.213527532 4.365179856 0
2.36039769 4.365179856 0
2.517012857 4.365179856 0
2.684019625 4.365179856 0
2.862107488 4.365179856 0
3.05201169 4.365179856 0
3.254516261 4.365179856 0
3.470457248 4.365179856 0
3.700726173 4.365179856 0
3.946273713 4.365179856 0
4.208113622 4.365179856 0
4.487326917 4.365179856 0
4.785066343 4.365179856 0
5.10256113 4.365179856 0
5.44112207 4.365179856 0
5.802146928 4.365179856 0
6.18712621 4.365179856 0
6.597649321 4.365179856 0
7.035411124 4.365179856 0
7.502218938 4.365179856 0
8 4.365179856 0

0.05 4.408201439 1
0.05331755889 4.408201439 1
0.05685524171 4.408201439 1
0.06062765396 4.408201439 1
0.06465037021 4.408201439 1
0.06893999841 4.408201439 1
0.0735142485 4.408201439 1
0.07839200547 4.408201439 1
0.08359340736 4.408201439 1
0.08913992839 4.408201439 1
0.09505446762 4.408201439 1
0.1013614435 4.408201439 1
0.1080868946 4.408201439 1
0.1152585874 4.408201439 1
0.1229061304 4.408201439 1
0.1310610969 4.408201439 1
0.1397571551 4.408201439 1
0.1490302069 4.408201439 1
0.1589185367 4.408201439 1
0.1694629687 4.408201439 1
0.1807070363 4.408201439 1
0.192697161 4.408201439 1
0.2054828445 4.408201439 1
0.2191168733 4.408201439 1
0.2336555359 4.408201439 1
0.2491588559 4.408201439 1
0.2656908394 4.408201439 1
0.2833197395 4.408201439 1
0.3021183379 4.408201439 1
0.3221642455 4.408201439 1
0.3435402226 4.408201439 1
0.3663345209 4.408201439 1
0.3906412479 4.408201439 1
0.4165607547 4.408201439 1
0.4442000514 4.408201439 0
0.473673248 4.408201439 0
0.5051020258 4.408201439 0
0.5386161401 4.408201439 0
0.5743539554 4.408201439 0
0.6124630168 4.408201439 0
0.6531006592 4.408201439 0
0.6964346572 4.408201439 0
0.7426439169 4.408201439 0
0.7919192154 4.408201439 0
0.844463988 4.408201439 0
0.9004951682 4.408201439 0
0.9602440832 4.408201439 0
1.023957409 4.408201439 0
1.091898189 4.408201439 0
1.16434692 4.408201439 0
1.241602709 4.408201439 0
1.323984511 4.408201439 0
1.411832443 4.408201439 0
1.505509188 4.408201439 0
1.605401496 4.408201439 0
1.711921776 4.408201439 0
1.825509802 4.408201439 0
1.946634528 4.408201439 0
2.075796021 4.408201439 0
2.213527532 4.408201439 0
2.36039769 4.408201439 0
2.517012857 4.408201439 0
2.684019625 4.408201439 0
2.862107488 4.408201439 0
3.05201169 4.408201439 0
3.254516261 4.408201439 0
3.470457248 4.408201439 0
3.700726173 4.408201439 0
3.946273713 4.408201439 0
4.208113622 4.408201439 0
4.487326917 4.408201439 0
4.785066343 4.408201439 0
5.10256113 4.408201439 0
5.44112207 4.408201439 0
5.802146928 4.408201439 0
6.18712621 4.408201439 0
6.597649321 4.408201439 0
7.035411124 4.408201439 0
7.502218938 4.408201439 0
8 4.408201439 0

0.05 4.451223022 1
0.05331755889 4.451223022 1
0.05685524171 4.451223022 1
0.06062765396 4.451223022 1
0.06465037021 4.451223022 1
0.06893999841 4.451223022 1
0.0735142485 4.451223022 1
0.07839200547 4.451223022 1
0.08359340736 4.451223022 1
0.08913992839 4.451223022 1
0.09505446762 4.451223022 1
0.1013614435 4.451223022 1
0.1080868946 4.451223022 1
0.1152585874 4.451223022 1
0.1229061304 4.451223022 1
0.1310610969 4.451223022 1
0.1397571551 4.451223022 1
0.1490302069 4.451223022 1
0.1589185367 4.451223022 1
0.1694629687 4.451223022 1
0.1807070363 4.451223022 1
0.192697161 4.451223022 1
0.2054828445 4.451223022 1
0.2191168733 4.451223022 1
0.2336555359 4.451223022 1
0.2491588559 4.451223022 1
0.2656908394 4.451223022 1
0.2833197395 4.451223022 1
0.3021183379 4.451223022 1
0.3221642455 4.451223022 1
0.3435402226 4.451223022 1
0.3663345209 4.451223022 1
0.3906412479 4.451223022 1
0.4165607547 4.451223022 1
0.4442000514 4.451223022 0
0.473673248 4.451223022 0
0.5051020258 4.451223022 0
0.5386161401 4.451223022 0
0.5743539554 4.451223022 0
0.6124630168 4.451223022 0
0.6531006592 4.451223022 0
0.6964346572 4.451223022 0
0.7426439169 4.451223022 0
0.7919192154 4.451223022 0
0.844463988 4.451223022 0
0.9004951682 4.451223022 0
0.9602440832 4.451223022 0
1.023957409 4.451223022 0
1.091898189 4.451223022 0
1.16434692 4.451223022 0
1.241602709 4.451223022 0
1.323984511 4.451223022 0
1.411832443 4.451223022 0
1.505509188 4.451223022 0
1.605401496 4.451223022 0
1.711921776 4.451223022 0
1.825509802 4.451223022 0
1.946634528 4.451223022 0
2.075796021 4.451223022 0
2.213527532 4.451223022 0
2.36039769 4.451223022 0
2.517012857 4.451223022 0
2.684019625 4.451223022 0
2.862107488 4.451223022 0
3.05201169 4.451223022 0
3.254516261 4.451223022 0
3.470457248 4.451223022 0
3.700726173 4.451223022 0
3.946273713 4.451223022 0
4.208113622 4.451223022 0
4.487326917 4.451223022 0
4.785066343 4.451223022 0
5.10256113 4.451223022 0
5.44112207 4.451223022 0
5.802146928 4.451223022 0
6.18712621 4.451223022 0
6.597649321 4.451223022 0
7.035411124 4.451223022 0
7.502218938 4.451223022 0
8 4.451223022 0

0.05 4.494244604 1
0.05331755889 4.494244604 1
0.05685524171 4.494244604 1
0.06062765396 4.494244604 1
0.06465037021 4.494244604 1
0.06893999841 4.494244604 1
0.0735142485 4.494244604 1
0.07839200547 4.494244604 1
0.08359340736 4.494244604 1
0.08913992839 4.494244604 1
0.09505446762 4.494244604 1
0.1013614435 4.494244604 1
0.1080868946 4.494244604 1
0.1152585874 4.494244604 1
0.1229061304 4.494244604 1
0.1310610969 4.494244604 1
0.1397571551 4.494244604 1
0.1490302069 4.494244604 1
0.1589185367 4.494244604 1
0.1694629687 4.494244604 1
0.1807070363 4.494244604 1
0.192697161 4.494244604 1
0.2054828445 4.494244604 1
0.2191168733 4.494244604 1
0.2336555359 4.494244604 1
0.2491588559 4.494244604 1
0.2656908394 4.494244604 1
0.2833197395 4.494244604 1
0.3021183379 4.494244604 1
0.3221642455 4.494244604 1
0.3435402226 4.494244604 1
0.3663345209 4.494244604 1
0.3906412479 4.494244604 1
0.4165607547 4.494244604 1
0.4442000514 4.494244604 0
0.473673248 4.494244604 0
0.5051020258 4.494244604 0
0.5386161401 4.494244604 0
0.5743539554 4.494244604 0
0.6124630168 4.494244604 0
0.6531006592 4.494244604 0
0.6964346572 4.494244604 0
0.7426439169 4.494244604 0
0.7919192154 4.494244604 0
0.844463988 4.494244604 0
0.9004951682 4.494244604 0
0.9602440832 4.494244604 0
1.023957409 4.494244604 0
1.091898189 4.494244604 0
1.16434692 4.494244604 0
1.241602709 4.494244604 0
1.323984511 4.494244604 0
1.411832443 4.494244604 0
1.505509188 4.494244604 0
1.605401496 4.494244604 0
1.711921776 4.494244604 0
1.825509802 4.494244604 0
1.946634528 4.494244604 0
2.075796021 4.494244604 0
2.213527532 4.494244604 0
2.36039769 4.494244604 0
2.517012857 4.494244604 0
2.684019625 4.494244604 0
2.862107488 4.494244604 0
3.05201169 4.494244604 0
3.254516261 4.494244604 0
3.470457248 4.494244604 0
3.700726173 4.494244604 0
3.946273713 4.494244604 0
4.208113622 4.494244604 0
4.487326917 4.494244604 0
4.785066343 4.494244604 0
5.10256113 4.494244604 0
5.44112207 4.494244604 0
5.802146928 4.494244604 0
6.18712621 4.494244604 0
6.597649321 4.494244604 0
7.035411124 4.494244604 0
7.502218938 4.494244604 0
8 4.494244604 0

0.05 4.537266187 1
0.05331755889 4.537266187 1
0.05685524171 4.537266187 1
0.06062765396 4.537266187 1
0.06465037021 4.537266187 1
0.06893999841 4.537266187 1
0.0735142485 4.537266187 1
0.07839200547 4.537266187 1
0.08359340736 4.537266187 1
0.08913992839 4.537266187 1
0.09505446762 4.537266187 1
0.1013614435 4.537266187 1
0.1080868946 4.537266187 1
0.1152585874 4.537266187 1
0.1229061304 4.537266187 1
0.1310610969 4.537266187 1
0.1397571551 4.537266187 1
0.1490302069 4.537266187 1
0.1589185367 4.537266187 1
0.1694629687 4.537266187 1
0.1807070363 4.537266187 1
0.192697161 4.537266187 1
0.2054828445 4.537266187 1
0.2191168733 4.537266187 1
0.2336555359 4.537266187 1
0.2491588559 4.537266187 1
0.2656908394 4.537266187 1
0.2833197395 4.537266187 1
0.3021183379 4.537266187 1
0.3221642455 4.537266187 1
0.3435402226 4.537266187 1
0.3663345209 4.537266187 1
0.3906412479 4.537266187 1
0.4165607547 4.537266187 0
0.4442000514 4.537266187 0
0.473673248 4.537266187 0
0.5051020258 4.537266187 0
0.5386161401 4.537266187 0
0.5743539554 4.537266187 0
0.6124630168 4.537266187 0
0.6531006592 4.537266187 0
0.6964346572 4.537266187 0
0.7426439169 4.537266187 0
0.7919192154 4.537266187 0
0.844463988 4.537266187 0
0.9004951682 4.537266187 0
0.9602440832 4.537266187 0
1.023957409 4.537266187 0
1.091898189 4.537266187 0
1.16434692 4.537266187 0
1.241602709 4.537266187 0
1.323984511 4.537266187 0
1.411832443 4.537266187 0
1.505509188 4.537266187 0
1.605401496 4.537266187 0
1.711921776 4.537266187 0
1.825509802 4.537266187 0
1.946634528 4.537266187 0
2.075796021 4.537266187 0
2.213527532 4.537266187 0
2.36039769 4.537266187 0
2.517012857 4.537266187 0
2.684019625 4.537266187 0
2.862107488 4.537266187 0
3.05201169 4.537266187 0
3.254516261 4.537266187 0
3.470457248 4.537266187 0
3.700726173 4.537266187 0
3.946273713 4.537266187 0
4.208113622 4.537266187 0
4.487326917 4.537266187 0
4.785066343 4.537266187 0
5.10256113 4.537266187 0
5.44112207 4.537266187 0
5.802146928 4.537266187 0
6.18712621 4.537266187 0
6.597649321 4.537266187 0
7.035411124 4.537266187 0
7.502218938 4.537266187 0
8 4.537266187 0

0.05 4.58028777 1
0.05331755889 4.58028777 1
0.05685524171 4.58028777 1
0.06062765396 4.58028777 1
0.06465037021 4.58028777 1
0.06893999841 4.58028777 1
0.0735142485 4.58028777 1
0.07839200547 4.58028777 1
0.08359340736 4.58028777 1
0.08913992839 4.58028777 1
0.09505446762 4.58028777 1
0.1013614435 4.58028777 1
0.1080868946 4.58028777 1
0.1152585874 4.58028777 1
0.1229061304 4.58028777 1
0.1310610969 4.58028777 1
0.1397571551 4.58028777 1
0.1490302069 4.58028777 1
0.1589185367 4.58028777 1
0.1694629687 4.58028777 1
0.1807070363 4.58028777 1
0.192697161 4.58028777 1
0.2054828445 4.58028777 1
0.2191168733 4.58028777 1
0.2336555359 4.58028777 1
0.2491588559 4.58028777 1
0.2656908394 4.58028777 1
0.2833197395 4.58028777 1
0.3021183379 4.58028777 1
0.3221642455 4.58028777 1
0.3435402226 4.58028777 1
0.3663345209 4.58028777 1
0.3906412479 4.58028777 1
0.4165607547 4.58028777 0
0.4442000514 4.58028777 0
0.473673248 4.58028777 0
0.5051020258 4.58028777 0
0.5386161401 4.58028777 0
0.5743539554 4.58028777 0
0.6124630168 4.58028777 0
0.6531006592 4.58028777 0
0.6964346572 4.58028777 0
0.7426439169 4.58028777 0
0.7919192154 4.58028777 0
0.844463988 4.58028777 0
0.9004951682 4.58028777 0
0.9602440832 4.58028777 0
1.023957409 4.58028777 0
1.091898189 4.58028777 0
1.16434692 4.58028777 0
1.241602709 4.58028777 0
1.323984511 4.58028777 0
1.411832443 4.58028777 0
1.505509188 4.58028777 0
1.605401496 4.58028777 0
1.711921776 4.58028777 0
1.825509802 4.58028777 0
1.946634528 4.58028777 0
2.075796021 4.58028777 0
2.213527532 4.58028777 0
2.36039769 4.58028777 0
2.517012857 4.58028777 0
2.684019625 4.58028777 0
2.862107488 4.58028777 0
3.05201169 4.58028777 0
3.254516261 4.58028777 0
3.470457248 4.58028777 0
3.700726173 4.58028777 0
3.946273713 4.58028777 0
4.208113622 4.58028777 0
4.487326917 4.58028777 0
4.785066343 4.58028777 0
5.10256113 4.58028777 0
5.44112207 4.58028777 0
5.802146928 4.58028777 0
6.18712621 4.58028777 0
6.597649321 4.58028777 0
7.035411124 4.58028777 0
7.502218938 4.58028777 0
8 4.58028777 0

0.05 4.623309353 1
0.05331755889 4.623309353 1
0.05685524171 4.623309353 1
0.06062765396 4.623309353 1
0.06465037021 4.623309353 1
0.06893999841 4.623309353 1
0.0735142485 4.623309353 1
0.07839200547 4.623309353 1
0.08359340736 4.623309353 1
0.08913992839 4.623309353 1
0.09505446762 4.623309353 1
0.1013614435 4.623309353 1
0.1080868946 4.623309353 1
0.1152585874 4.623309353 1
0.1229061304 4.623309353 1
0.1310610969 4.623309353 1
0.1397571551 4.623309353 1
0.1490302069 4.623309353 1
0.1589185367 4.623309353 1
0.1694629687 4.623309353 1
0.1807070363 4.623309353 1
0.192697161 4.623309353 1
0.2054828445 4.623309353 1
0.2191168733 4.623309353 1
0.2336555359 4.623309353 1
0.2491588559 4.623309353 1
0.2656908394 4.623309353 1
0.2833197395 4.623309353 1
0.3021183379 4.623309353 1
0.3221642455 4.623309353 1
0.3435402226 4.623309353 1
0.3663345209 4.623309353 1
0.3906412479 4.623309353 1
0.4165607547 4.623309353 0
0.4442000514 4.623309353 0
0.473673248 4.623309353 0
0.5051020258 4.623309353 0
0.5386161401 4.623309353 0
0.5743539554 4.623309353 0
0.6124630168 4.623309353 0
0.6531006592 4.623309353 0
0.6964346572 4.623309353 0
0.7426439169 4.623309353 0
0.7919192154 4.623309353 0
0.844463988 4.623309353 0
0.9004951682 4.623309353 0
0.9602440832 4.623309353 0
1.023957409 4.623309353 0
1.091898189 4.623309353 0
1.16434692 4.623309353 0
1.241602709 4.623309353 0
1.323984511 4.623309353 0
1.411832443 4.623309353 0
1.505509188 4.623309353 0
1.605401496 4.623309353 0
1.711921776 4.623309353 0
1.825509802 4.623309353 0
1.946634528 4.623309353 0
2.075796021 4.623309353 0
2.213527532 4.623309353 0
2.36039769 4.623309353 0
2.517012857 4.623309353 0
2.684019625 4.623309353 0
2.862107488 4.623309353 0
3.05201169 4.623309353 0
3.254516261 4.623309353 0
3.470457248 4.623309353 0
3.700726173 4.623309353 0
3.946273713 4.623309353 0
4.208113622 4.623309353 0
4.487326917 4.623309353 0
4.785066343 4.623309353 0
5.10256113 4.623309353 0
5.44112207 4.623309353 0
5.802146928 4.623309353 0
6.18712621 4.623309353 0
6.597649321 4.623309353 0
7.035411124 4.623309353 0
7.502218938 4.623309353 0
8 4.623309353 0

0.05 4.666330935 1
0.05331755889 4.666330935 1
0.05685524171 4.666330935 1
0.06062765396 4.666330935 1
0.06465037021 4.666330935 1
0.06893999841 4.666330935 1
0.0735142485 4.666330935 1
0.07839200547 4.666330935 1
0.08359340736 4.666330935 1
0.08913992839 4.666330935 1
0.09505446762 4.666330935 1
0.1013614435 4.666330935 1
0.1080868946 4.666330935 1
0.1152585874 4.666330935 1
0.1229061304 4.666330935 1
0.1310610969 4.666330935 1
0.1397571551 4.666330935 1
0.1490302069 4.666330935 1
0.1589185367 4.666330935 1
0.1694629687 4.666330935 1
0.1807070363 4.666330935 1
0.192697161 4.666330935 1
0.2054828445 4.666330935 1
0.2191168733 4.666330935 1
0.2336555359 4.666330935 1
0.2491588559 4.666330935 1
0.2656908394 4.666330935 1
0.2833197395 4.666330935 1
0.3021183379 4.666330935 1
0.3221642455 4.666330935 1
0.3435402226 4.666330935 1
0.3663345209 4.666330935 1
0.3906412479 4.666330935 1
0.4165607547 4.666330935 0
0.4442000514 4.666330935 0
0.473673248 4.666330935 0
0.5051020258 4.666330935 0
0.5386161401 4.666330935 0
0.5743539554 4.666330935 0
0.6124630168 4.666330935 0
0.6531006592 4.666330935 0
0.6964346572 4.666330935 0
0.7426439169 4.666330935 0
0.7919192154 4.666330935 0
0.844463988 4.666330935 0
0.9004951682 4.666330935 0
0.9602440832 4.666330935 0
1.023957409 4.666330935 0
1.091898189 4.666330935 0
1.16434692 4.666330935 0
1.241602709 4.666330935 0
1.323984511 4.666330935 0
1.411832443 4.666330935 0
1.505509188 4.666330935 0
1.605401496 4.666330935 0
1.711921776 4.666330935 0
1.825509802 4.666330935 0
1.946634528 4.666330935 0
2.075796021 4.666330935 0
2.213527532 4.666330935 0
2.36039769 4.666330935 0
2.517012857 4.666330935 0
2.684019625 4.666330935 0
2.862107488 4.666330935 0
3.05201169 4.666330935 0
3.254516261 4.666330935 0
3.470457248 4.666330935 0
3.700726173 4.666330935 0
3.946273713 4.666330935 0
4.208113622 4.666330935 0
4.487326917 4.666330935 0
4.785066343 4.666330935 0
5.10256113 4.666330935 0
5.44112207 4.666330935 0
5.802146928 4.666330935 0
6.18712621 4.666330935 0
6.597649321 4.666330935 0
7.035411124 4.666330935 0
7.502218938 4.666330935 0
8 4.666330935 0

0.05 4.709352518 1
0.05331755889 4.709352518 1
0.05685524171 4.709352518 1
0.06062765396 4.709352518 1
0.06465037021 4.709352518 1
0.06893999841 4.709352518 1
0.0735142485 4.709352518 1
0.07839200547 4.709352518 1
0.08359340736 4.709352518 1
0.08913992839 4.709352518 1
0.09505446762 4.709352518 1
0.1013614435 4.709352518 1
0.1080868946 4.709352518 1
0.1152585874 4.709352518 1
0.1229061304 4.709352518 1
0.1310610969 4.709352518 1
0.1397571551 4.709352518 1
0.1490302069 4.709352518 1
0.1589185367 4.709352518 1
0.1694629687 4.709352518 1
0.1807070363 4.709352518 1
0.192697161 4.709352518 1
0.2054828445 4.709352518 1
0.2191168733 4.709352518 1
0.2336555359 4.709352518 1
0.2491588559 4.709352518 1
0.2656908394 4.709352518 1
0.2833197395 4.709352518 1
0.3021183379 4.709352518 1
0.3221642455 4.709352518 1
0.3435402226 4.709352518 1
0.3663345209 4.709352518 1
0.3906412479 4.709352518 0
0.4165607547 4.709352518 0
0.4442000514 4.709352518 0
0.473673248 4.709352518 0
0.5051020258 4.709352518 0
0.5386161401 4.709352518 0
0.5743539554 4.709352518 0
0.6124630168 4.709352518 0
0.6531006592 4.709352518 0
0.6964346572 4.709352518 0
0.7426439169 4.709352518 0
0.7919192154 4.709352518 0
0.844463988 4.709352518 0
0.9004951682 4.709352518 0
0.9602440832 4.709352518 0
1.023957409 4.709352518 0
1.091898189 4.709352518 0
1.16434692 4.709352518 0
1.241602709 4.709352518 0
1.323984511 4.709352518 0
1.411832443 4.709352518 0
1.505509188 4.709352518 0
1.605401496 4.709352518 0
1.711921776 4.709352518 0
1.825509802 4.709352518 0
1.946634528 4.709352518 0
2.075796021 4.709352518 0
2.213527532 4.709352518 0
2.36039769 4.709352518 0
2.517012857 4.709352518 0
2.684019625 4.709352518 0
2.862107488 4.709352518 0
3.05201169 4.709352518 0
3.254516261 4.709352518 0
3.470457248 4.709352518 0
3.700726173 4.709352518 0
3.946273713 4.709352518 0
4.208113622 4.709352518 0
4.487326917 4.709352518 0
4.785066343 4.709352518 0
5.10256113 4.709352518 0
5.44112207 4.709352518 0
5.802146928 4.709352518 0
6.18712621 4.709352518 0
6.597649321 4.709352518 0
7.035411124 4.709352518 0
7.502218938 4.709352518 0
8 4.709352518 0

0.05 4.752374101 1
0.05331755889 4.752374101 1
0.05685524171 4.752374101 1
0.06062765396 4.752374101 1
0.06465037021 4.752374101 1
0.06893999841 4.752374101 1
0.0735142485 4.752374101 1
0.07839200547 4.752374101 1
0.08359340736 4.752374101 1
0.08913992839 4.752374101 1
0.09505446762 4.752374101 1
0.1013614435 4.752374101 1
0.1080868946 4.752374101 1
0.1152585874 4.752374101 1
0.1229061304 4.752374101 1
0.1310610969 4.752374101 1
0.1397571551 4.752374101 1
0.1490302069 4.752374101 1
0.1589185367 4.752374101 1
0.1694629687 4.752374101 1
0.1807070363 4.752374101 1
0.192697161 4.752374101 1
0.2054828445 4.752374101 1
0.2191168733 4.752374101 1
0.2336555359 4.752374101 1
0.2491588559 4.752374101 1
0.2656908394 4.752374101 1
0.2833197395 4.752374101 1
0.3021183379 4.752374101 1
0.3221642455 4.752374101 1
0.3435402226 4.752374101 1
0.3663345209 4.752374101 1
0.3906412479 4.752374101 0
0.4165607547 4.752374101 0
0.4442000514 4.752374101 0
0.473673248 4.752374101 0
0.5051020258 4.752374101 0
0.5386161401 4.752374101 0
0.5743539554 4.752374101 0
0.6124630168 4.752374101 0
0.6531006592 4.752374101 0
0.6964346572 4.752374101 0
0.7426439169 4.752374101 0
0.7919192154 4.752374101 0
0.844463988 4.752374101 0
0.9004951682 4.752374101 0
0.9602440832 4.752374101 0
1.023957409 4.752374101 0
1.091898189 4.752374101 0
1.16434692 4.752374101 0
1.241602709 4.752374101 0
1.323984511 4.752374101 0
1.411832443 4.752374101 0
1.505509188 4.752374101 0
1.605401496 4.752374101 0
1.711921776 4.752374101 0
1.825509802 4.752374101 0
1.946634528 4.752374101 0
2.075796021 4.752374101 0
2.213527532 4.752374101 0
2.36039769 4.752374101 0
2.517012857 4.752374101 0
2.684019625 4.752374101 0
2.862107488 4.752374101 0
3.05201169 4.752374101 0
3.254516261 4.752374101 0
3.470457248 4.752374101 0
3.700726173 4.752374101 0
3.946273713 4.752374101 0
4.208113622 4.752374101 0
4.487326917 4.752374101 0
4.785066343 4.752374101 0
5.10256113 4.752374101 0
5.44112207 4.752374101 0
5.802146928 4.752374101 0
6.18712621 4.752374101 0
6.597649321 4.752374101 0
7.035411124 4.752374101 0
7.502218938 4.752374101 0
8 4.752374101 0

0.05 4.795395683 1
0.05331755889 4.795395683 1
0.05685524171 4.795395683 1
0.06062765396 4.795395683 1
0.06465037021 4.795395683 1
0.06893999841 4.795395683 1
0.0735142485 4.795395683 1
0.07839200547 4.795395683 1
0.08359340736 4.795395683 1
0.08913992839 4.795395683 1
0.09505446762 4.795395683 1
0.1013614435 4.795395683 1
0.1080868946 4.795395683 1
0.1152585874 4.795395683 1
0.1229061304 4.795395683 1
0.1310610969 4.795395683 1
0.1397571551 4.795395683 1
0.1490302069 4.795395683 1
0.1589185367 4.795395683 1
0.1694629687 4.795395683 1
0.1807070363 4.795395683 1
0.192697161 4.795395683 1
0.2054828445 4.795395683 1
0.2191168733 4.795395683 1
0.2336555359 4.795395683 1
0.2491588559 4.795395683 1
0.2656908394 4.795395683 1
0.2833197395 4.795395683 1
0.3021183379 4.795395683 1
0.3221642455 4.795395683 1
0.3435402226 4.795395683 1
0.3663345209 4.795395683 1
0.3906412479 4.795395683 0
0.4165607547 4.795395683 0
0.4442000514 4.795395683 0
0.473673248 4.795395683 0
0.5051020258 4.795395683 0
0.5386161401 4.795395683 0
0.5743539554 4.795395683 0
0.6124630168 4.795395683 0
0.6531006592 4.795395683 0
0.6964346572 4.795395683 0
0.7426439169 4.795395683 0
0.7919192154 4.795395683 0
0.844463988 4.795395683 0
0.9004951682 4.795395683 0
0.9602440832 4.795395683 0
1.023957409 4.795395683 0
1.091898189 4.795395683 0
1.16434692 4.795395683 0
1.241602709 4.795395683 0
1.323984511 4.795395683 0
1.411832443 4.795395683 0
1.505509188 4.795395683 0
1.605401496 4.795395683 0
1.711921776 4.795395683 0
1.825509802 4.795395683 0
1.946634528 4.795395683 0
2.075796021 4.795395683 0
2.213527532 4.795395683 0
2.36039769 4.795395683 0
2.517012857 4.795395683 0
2.684019625 4.795395683 0
2.862107488 4.795395683 0
3.05201169 4.795395683 0
3.254516261 4.795395683 0
3.470457248 4.795395683 0
3.700726173 4.795395683 0
3.946273713 4.795395683 0
4.208113622 4.795395683 0
4.487326917 4.795395683 0
4.785066343 4.795395683 0
5.10256113 4.795395683 0
5.44112207 4.795395683 0
5.802146928 4.795395683 0
6.18712621 4.795395683 0
6.597649321 4.795395683 0
7.035411124 4.795395683 0
7.502218938 4.795395683 0
8 4.795395683 0

0.05 4.838417266 1
0.05331755889 4.838417266 1
0.05685524171 4.838417266 1
0.06062765396 4.838417266 1
0.06465037021 4.838417266 1
0.06893999841 4.838417266 1
0.0735142485 4.838417266 1
0.07839200547 4.838417266 1
0.08359340736 4.838417266 1
0.08913992839 4.838417266 1
0.09505446762 4.838417266 1
0.1013614435 4.838417266 1
0.1080868946 4.838417266 1
0.1152585874 4.838417266 1
0.1229061304 4.838417266 1
0.1310610969 4.838417266 1
0.1397571551 4.838417266 1
0.1490302069 4.838417266 1
0.1589185367 4.838417266 1
0.1694629687 4.838417266 1
0.1807070363 4.838417266 1
0.192697161 4.838417266 1
0.2054828445 4.838417266 1
0.2191168733 4.838417266 1
0.2336555359 4.838417266 1
0.2491588559 4.838417266 1
0.2656908394 4.838417266 1
0.2833197395 4.838417266 1
0.3021183379 4.838417266 1
0.3221642455 4.838417266 1
0.3435402226 4.838417266 1
0.3663345209 4.838417266 1
0.3906412479 4.838417266 0
0.4165607547 4.838417266 0
0.4442000514 4.838417266 0
0.473673248 4.838417266 0
0.5051020258 4.838417266 0
0.5386161401 4.838417266 0
0.5743539554 4.838417266 0
0.6124630168 4.838417266 0
0.6531006592 4.838417266 0
0.6964346572 4.838417266 0
0.7426439169 4.838417266 0
0.7919192154 4.838417266 0
0.844463988 4.838417266 0
0.9004951682 4.838417266 0
0.9602440832 4.838417266 0
1.023957409 4.838417266 0
1.091898189 4.838417266 0
1.16434692 4.838417266 0
1.241602709 4.838417266 0
1.323984511 4.838417266 0
1.411832443 4.838417266 0
1.505509188 4.838417266 0
1.605401496 4.838417266 0
1.711921776 4.838417266 0
1.825509802 4.838417266 0
1.946634528 4.838417266 0
2.075796021 4.838417266 0
2.213527532 4.838417266 0
2.36039769 4.838417266 0
2.517012857 4.838417266 0
2.684019625 4.838417266 0
2.862107488 4.838417266 0
3.05201169 4.838417266 0
3.254516261 4.838417266 0
3.470457248 4.838417266 0
3.700726173 4.838417266 0
3.946273713 4.838417266 0
4.208113622 4.838417266 0
4.487326917 4.838417266 0
4.785066343 4.838417266 0
5.10256113 4.838417266 0
5.44112207 4.838417266 0
5.802146928 4.838417266 0
6.18712621 4.838417266 0
6.597649321 4.838417266 0
7.035411124 4.838417266 0
7.502218938 4.838417266 0
8 4.838417266 0

0.05 4.881438849 1
0.05331755889 4.881438849 1
0.05685524171 4.881438849 1
0.06062765396 4.881438849 1
0.06465037021 4.881438849 1
0.06893999841 4.881438849 1
0.0735142485 4.881438849 1
0.07839200547 4.881438849 1
0.08359340736 4.881438849 1
0.08913992839 4.881438849 1
0.09505446762 4.881438849 1
0.1013614435 4.881438849 1
0.1080868946 4.881438849 1
0.1152585874 4.881438849 1
0.1229061304 4.881438849 1
0.1310610969 4.881438849 1
0.1397571551 4.881438849 1
0.1490302069 4.881438849 1
0.1589185367 4.881438849 1
0.1694629687 4.881438849 1
0.1807070363 4.881438849 1
0.192697161 4.881438849 1
0.2054828445 4.881438849 1
0.2191168733 4.881438849 1
0.2336555359 4.881438849 1
0.2491588559 4.881438849 1
0.2656908394 4.881438849 1
0.2833197395 4.881438849 1
0.3021183379 4.881438849 1
0.3221642455 4.881438849 1
0.3435402226 4.881438849 1
0.3663345209 4.881438849 1
0.3906412479 4.881438849 0
0.4165607547 4.881438849 0
0.4442000514 4.881438849 0
0.473673248 4.881438849 0
0.5051020258 4.881438849 0
0.5386161401 4.881438849 0
0.5743539554 4.881438849 0
0.6124630168 4.881438849 0
0.6531006592 4.881438849 0
0.6964346572 4.881438849 0
0.7426439169 4.881438849 0
0.7919192154 4.881438849 0
0.844463988 4.881438849 0
0.9004951682 4.881438849 0
0.9602440832 4.881438849 0
1.023957409 4.881438849 0
1.091898189 4.881438849 0
1.16434692 4.881438849 0
1.241602709 4.881438849 0
1.323984511 4.881438849 0
1.411832443 4.881438849 0
1.505509188 4.881438849 0
1.605401496 4.881438849 0
1.711921776 4.881438849 0
1.825509802 4.881438849 0
1.946634528 4.881438849 0
2.075796021 4.881438849 0
2.213527532 4.881438849 0
2.36039769 4.881438849 0
2.517012857 4.881438849 0
2.684019625 4.881438849 0
2.862107488 4.881438849 0
3.05201169 4.881438849 0
3.254516261 4.881438849 0
3.470457248 4.881438849 0
3.700726173 4.881438849 0
3.946273713 4.881438849 0
4.208113622 4.881438849 0
4.487326917 4.881438849 0
4.785066343 4.881438849 0
5.10256113 4.881438849 0
5.44112207 4.881438849 0
5.802146928 4.881438849 0
6.18712621 4.881438849 0
6.597649321 4.881438849 0
7.035411124 4.881438849 0
7.502218938 4.881438849 0
8 4.881438849 0

0.05 4.924460432 1
0.05331755889 4.924460432 1
0.05685524171 4.924460432 1
0.06062765396 4.924460432 1
0.06465037021 4.924460432 1
0.06893999841 4.924460432 1
0.0735142485 4.924460432 1
0.07839200547 4.924460432 1
0.08359340736 4.924460432 1
0.08913992839 4.924460432 1
0.09505446762 4.924460432 1
0.1013614435 4.924460432 1
0.1080868946 4.924460432 1
0.1152585874 4.924460432 1
0.1229061304 4.924460432 1
0.1310610969 4.924460432 1
0.1397571551 4.924460432 1
0.1490302069 4.924460432 1
0.1589185367 4.924460432 1
0.1694629687 4.924460432 1
0.1807070363 4.924460432 1
0.192697161 4.924460432 1
0.2054828445 4.924460432 1
0.2191168733 4.924460432 1
0.2336555359 4.924460432 1
0.2491588559 4.924460432 1
0.2656908394 4.924460432 1
0.2833197395 4.924460432 1
0.3021183379 4.924460432 1
0.3221642455 4.924460432 1
0.3435402226 4.924460432 1
0.3663345209 4.924460432 0
0.3906412479 4.924460432 0
0.4165607547 4.924460432 0
0.4442000514 4.924460432 0
0.473673248 4.924460432 0
0.5051020258 4.924460432 0
0.5386161401 4.924460432 0
0.5743539554 4.924460432 0
0.6124630168 4.924460432 0
0.6531006592 4.924460432 0
0.6964346572 4.924460432 0
0.7426439169 4.924460432 0
0.7919192154 4.924460432 0
0.844463988 4.924460432 0
0.9004951682 4.924460432 0
0.9602440832 4.924460432 0
1.023957409 4.924460432 0
1.091898189 4.924460432 0
1.16434692 4.924460432 0
1.241602709 4.924460432 0
1.323984511 4.924460432 0
1.411832443 4.924460432 0
1.505509188 4.924460432 0
1.605401496 4.924460432 0
1.711921776 4.924460432 0
1.825509802 4.924460432 0
1.946634528 4.924460432 0
2.075796021 4.924460432 0
2.213527532 4.924460432 0
2.36039769 4.924460432 0
2.517012857 4.924460432 0
2.684019625 4.924460432 0
2.862107488 4.924460432 0
3.05201169 4.924460432 0
3.254516261 4.924460432 0
3.470457248 4.924460432 0
3.700726173 4.924460432 0
3.946273713 4.924460432 0
4.208113622 4.924460432 0
4.487326917 4.924460432 0
4.785066343 4.924460432 0
5.10256113 4.924460432 0
5.44112207 4.924460432 0
5.802146928 4.924460432 0
6.18712621 4.924460432 0
6.597649321 4.924460432 0
7.035411124 4.924460432 0
7.502218938 4.924460432 0
8 4.924460432 0

0.05 4.967482014 1
0.05331755889 4.967482014 1
0.05685524171 4.967482014 1
0.06062765396 4.967482014 1
0.06465037021 4.967482014 1
0.06893999841 4.967482014 1
0.0735142485 4.967482014 1
0.07839200547 4.967482014 1
0.08359340736 4.967482014 1
0.08913992839 4.967482014 1
0.09505446762 4.967482014 1
0.1013614435 4.967482014 1
0.1080868946 4.967482014 1
0.1152585874 4.967482014 1
0.1229061304 4.967482014 1
0.1310610969 4.967482014 1
0.1397571551 4.967482014 1
0.1490302069 4.967482014 1
0.1589185367 4.967482014 1
0.1694629687 4.967482014 1
0.1807070363 4.967482014 1
0.192697161 4.967482014 1
0.2054828445 4.967482014 1
0.2191168733 4.967482014 1
0.2336555359 4.967482014 1
0.2491588559 4.967482014 1
0.2656908394 4.967482014 1
0.2833197395 4.967482014 1
0.3021183379 4.967482014 1
0.3221642455 4.967482014 1
0.3435402226 4.967482014 1
0.3663345209 4.967482014 0
0.3906412479 4.967482014 0
0.4165607547 4.967482014 0
0.4442000514 4.967482014 0
0.473673248 4.967482014 0
0.5051020258 4.967482014 0
0.5386161401 4.967482014 0
0.5743539554 4.967482014 0
0.6124630168 4.967482014 0
0.6531006592 4.967482014 0
0.6964346572 4.967482014 0
0.7426439169 4.967482014 0
0.7919192154 4.967482014 0
0.844463988 4.967482014 0
0.9004951682 4.967482014 0
0.9602440832 4.967482014 0
1.023957409 4.967482014 0
1.091898189 4.967482014 0
1.16434692 4.967482014 0
1.241602709 4.967482014 0
1.323984511 4.967482014 0
1.411832443 4.967482014 0
1.505509188 4.967482014 0
1.605401496 4.967482014 0
1.711921776 4.967482014 0
1.825509802 4.967482014 0
1.946634528 4.967482014 0
2.075796021 4.967482014 0
2.213527532 4.967482014 0
2.36039769 4.967482014 0
2.517012857 4.967482014 0
2.684019625 4.967482014 0
2.862107488 4.967482014 0
3.05201169 4.967482014 0
3.254516261 4.967482014 0
3.470457248 4.967482014 0
3.700726173 4.967482014 0
3.946273713 4.967482014 0
4.208113622 4.967482014 0
4.487326917 4.967482014 0
4.785066343 4.967482014 0
5.10256113 4.967482014 0
5.44112207 4.967482014 0
5.802146928 4.967482014 0
6.18712621 4.967482014 0
6.597649321 4.967482014 0
7.035411124 4.967482014 0
7.502218938 4.967482014 0
8 4.967482014 0

0.05 5.010503597 1
0.05331755889 5.010503597 1
0.05685524171 5.010503597 1
0.06062765396 5.010503597 1
0.06465037021 5.010503597 1
0.06893999841 5.010503597 1
0.0735142485 5.010503597 1
0.07839200547 5.010503597 1
0.08359340736 5.010503597 1
0.08913992839 5.010503597 1
0.09505446762 5.010503597 1
0.1013614435 5.010503597 1
0.1080868946 5.010503597 1
0.1152585874 5.010503597 1
0.1229061304 5.010503597 1
0.1310610969 5.010503597 1
0.1397571551 5.010503597 1
0.1490302069 5.010503597 1
0.1589185367 5.010503597 1
0.1694629687 5.010503597 1
0.1807070363 5.010503597 1
0.192697161 5.010503597 1
0.2054828445 5.010503597 1
0.2191168733 5.010503597 1
0.2336555359 5.010503597 1
0.2491588559 5.010503597 1
0.2656908394 5.010503597 1
0.2833197395 5.010503597 1
0.3021183379 5.010503597 1
0.3221642455 5.010503597 1
0.3435402226 5.010503597 1
0.3663345209 5.010503597 0
0.3906412479 5.010503597 0
0.4165607547 5.010503597 0
0.4442000514 5.010503597 0
0.473673248 5.010503597 0
0.5051020258 5.010503597 0
0.5386161401 5.010503597 0
0.5743539554 5.010503597 0
0.6124630168 5.010503597 0
0.6531006592 5.010503597 0
0.6964346572 5.010503597 0
0.7426439169 5.010503597 0
0.7919192154 5.010503597 0
0.844463988 5.010503597 0
0.9004951682 5.010503597 0
0.9602440832 5.010503597 0
1.023957409 5.010503597 0
1.091898189 5.010503597 0
1.16434692 5.010503597 0
1.241602709 5.010503597 0
1.323984511 5.010503597 0
1.411832443 5.010503597 0
1.505509188 5.010503597 0
1.605401496 5.010503597 0
1.711921776 5.010503597 0
1.825509802 5.010503597 0
1.946634528 5.010503597 0
2.075796021 5.010503597 0
2.213527532 5.010503597 0
2.36039769 5.010503597 0
2.517012857 5.010503597 0
2.684019625 5.010503597 0
2.862107488 5.010503597 0
3.05201169 5.010503597 0
3.254516261 5.010503597 0
3.470457248 5.010503597 0
3.700726173 5.010503597 0
3.946273713 5.010503597 0
4.208113622 5.010503597 0
4.487326917 5.010503597 0
4.785066343 5.010503597 0
5.10256113 5.010503597 0
5.44112207 5.010503597 0
5.802146928 5.010503597 0
6.18712621 5.010503597 0
6.597649321 5.010503597 0
7.035411124 5.010503597 0
7.502218938 5.010503597 0
8 5.010503597 0

0.05 5.05352518 1
0.05331755889 5.05352518 1
0.05685524171 5.05352518 1
0.06062765396 5.05352518 1
0.06465037021 5.05352518 1
0.06893999841 5.05352518 1
0.0735142485 5.05352518 1
0.07839200547 5.05352518 1
0.08359340736 5.05352518 1
0.08913992839 5.05352518 1
0.09505446762 5.05352518 1
0.1013614435 5.05352518 1
0.1080868946 5.05352518 1
0.1152585874 5.05352518 1
0.1229061304 5.05352518 1
0.1310610969 5.05352518 1
0.1397571551 5.05352518 1
0.1490302069 5.05352518 1
0.1589185367 5.05352518 1
0.1694629687 5.05352518 1
0.1807070363 5.05352518 1
0.192697161 5.05352518 1
0.2054828445 5.05352518 1
0.2191168733 5.05352518 1
0.2336555359 5.05352518 1
0.2491588559 5.05352518 1
0.2656908394 5.05352518 1
0.2833197395 5.05352518 1
0.3021183379 5.05352518 1
0.3221642455 5.05352518 1
0.3435402226 5.05352518 1
0.3663345209 5.05352518 0
0.3906412479 5.05352518 0
0.4165607547 5.05352518 0
0.4442000514 5.05352518 0
0.473673248 5.05352518 0
0.5051020258 5.05352518 0
0.5386161401 5.05352518 0
0.5743539554 5.05352518 0
0.6124630168 5.05352518 0
0.6531006592 5.05352518 0
0.6964346572 5.05352518 0
0.7426439169 5.05352518 0
0.7919192154 5.05352518 0
0.844463988 5.05352518 0
0.9004951682 5.05352518 0
0.9602440832 5.05352518 0
1.023957409 5.05352518 0
1.091898189 5.05352518 0
1.16434692 5.05352518 0
1.241602709 5.05352518 0
1.323984511 5.05352518 0
1.411832443 5.05352518 0
1.505509188 5.05352518 0
1.605401496 5.05352518 0
1.711921776 5.05352518 0
1.825509802 5.05352518 0
1.946634528 5.05352518 0
2.075796021 5.05352518 0
2.213527532 5.05352518 0
2.36039769 5.05352518 0
2.517012857 5.05352518 0
2.684019625 5.05352518 0
2.862107488 5.05352518 0
3.05201169 5.05352518 0
3.254516261 5.05352518 0
3.470457248 5.05352518 0
3.700726173 5.05352518 0
3.946273713 5.05352518 0
4.208113622 5.05352518 0
4.487326917 5.05352518 0
4.785066343 5.05352518 0
5.10256113 5.05352518 0
5.44112207 5.05352518 0
5.802146928 5.05352518 0
6.18712621 5.05352518 0
6.597649321 5.05352518 0
7.035411124 5.05352518 0
7.502218938 5.05352518 0
8 5.05352518 0

0.05 5.096546763 1
0.05331755889 5.096546763 1
0.05685524171 5.096546763 1
0.06062765396 5.096546763 1
0.06465037021 5.096546763 1
0.06893999841 5.096546763 1
0.0735142485 5.096546763 1
0.07839200547 5.096546763 1
0.08359340736 5.096546763 1
0.08913992839 5.096546763 1
0.09505446762 5.096546763 1
0.1013614435 5.096546763 1
0.1080868946 5.096546763 1
0.1152585874 5.096546763 1
0.1229061304 5.096546763 1
0.1310610969 5.096546763 1
0.1397571551 5.096546763 1
0.1490302069 5.096546763 1
0.1589185367 5.096546763 1
0.1694629687 5.096546763 1
0.1807070363 5.096546763 1
0.192697161 5.096546763 1
0.2054828445 5.096546763 1
0.2191168733 5.096546763 1
0.2336555359 5.096546763 1
0.2491588559 5.096546763 1
0.2656908394 5.096546763 1
0.2833197395 5.096546763 1
0.3021183379 5.096546763 1
0.3221642455 5.096546763 1
0.3435402226 5.096546763 1
0.3663345209 5.096546763 0
0.3906412479 5.096546763 0
0.4165607547 5.096546763 0
0.4442000514 5.096546763 0
0.473673248 5.096546763 0
0.5051020258 5.096546763 0
0.5386161401 5.096546763 0
0.5743539554 5.096546763 0
0.6124630168 5.096546763 0
0.6531006592 5.096546763 0
0.6964346572 5.096546763 0
0.7426439169 5.096546763 0
0.7919192154 5.096546763 0
0.844463988 5.096546763 0
0.9004951682 5.096546763 0
0.9602440832 5.096546763 0
1.023957409 5.096546763 0
1.091898189 5.096546763 0
1.16434692 5.096546763 0
1.241602709 5.096546763 0
1.323984511 5.096546763 0
1.411832443 5.096546763 0
1.505509188 5.096546763 0
1.605401496 5.096546763 0
1.711921776 5.096546763 0
1.825509802 5.096546763 0
1.946634528 5.096546763 0
2.075796021 5.096546763 0
2.213527532 5.096546763 0
2.36039769 5.096546763 0
2.517012857 5.096546763 0
2.684019625 5.096546763 0
2.862107488 5.096546763 0
3.05201169 5.096546763 0
3.254516261 5.096546763 0
3.470457248 5.096546763 0
3.700726173 5.096546763 0
3.946273713 5.096546763 0
4.208113622 5.096546763 0
4.487326917 5.096546763 0
4.785066343 5.096546763 0
5.10256113 5.096546763 0
5.44112207 5.096546763 0
5.802146928 5.096546763 0
6.18712621 5.096546763 0
6.597649321 5.096546763 0
7.035411124 5.096546763 0
7.502218938 5.096546763 0
8 5.096546763 0

0.05 5.139568345 1
0.05331755889 5.139568345 1
0.05685524171 5.139568345 1
0.06062765396 5.139568345 1
0.06465037021 5.139568345 1
0.06893999841 5.139568345 1
0.0735142485 5.139568345 1
0.07839200547 5.139568345 1
0.08359340736 5.139568345 1
0.08913992839 5.139568345 1
0.09505446762 5.139568345 1
0.1013614435 5.139568345 1
0.1080868946 5.139568345 1
0.1152585874 5.139568345 1
0.1229061304 5.139568345 1
0.1310610969 5.139568345 1
0.1397571551 5.139568345 1
0.1490302069 5.139568345 1
0.1589185367 5.139568345 1
0.1694629687 5.139568345 1
0.1807070363 5.139568345 1
0.192697161 5.139568345 1
0.2054828445 5.139568345 1
0.2191168733 5.139568345 1
0.2336555359 5.139568345 1
0.2491588559 5.139568345 1
0.2656908394 5.139568345 1
0.2833197395 5.139568345 1
0.3021183379 5.139568345 1
0.3221642455 5.139568345 1
0.3435402226 5.139568345 0
0.3663345209 5.139568345 0
0.3906412479 5.139568345 0
0.4165607547 5.139568345 0
0.4442000514 5.139568345 0
0.473673248 5.139568345 0
0.5051020258 5.139568345 0
0.5386161401 5.139568345 0
0.5743539554 5.139568345 0
0.6124630168 5.139568345 0
0.6531006592 5.139568345 0
0.6964346572 5.139568345 0
0.7426439169 5.139568345 0
0.7919192154 5.139568345 0
0.844463988 5.139568345 0
0.9004951682 5.139568345 0
0.9602440832 5.139568345 0
1.023957409 5.139568345 0
1.091898189 5.139568345 0
1.16434692 5.139568345 0
1.241602709 5.139568345 0
1.323984511 5.139568345 0
1.411832443 5.139568345 0
1.505509188 5.139568345 0
1.605401496 5.139568345 0
1.711921776 5.139568345 0
1.825509802 5.139568345 0
1.946634528 5.139568345 0
2.075796021 5.139568345 0
2.213527532 5.139568345 0
2.36039769 5.139568345 0
2.517012857 5.139568345 0
2.684019625 5.139568345 0
2.862107488 5.139568345 0
3.05201169 5.139568345 0
3.254516261 5.139568345 0
3.470457248 5.139568345 0
3.700726173 5.139568345 0
3.946273713 5.139568345 0
4.208113622 5.139568345 0
4.487326917 5.139568345 0
4.785066343 5.139568345 0
5.10256113 5.139568345 0
5.44112207 5.139568345 0
5.802146928 5.139568345 0
6.18712621 5.139568345 0
6.597649321 5.139568345 0
7.035411124 5.139568345 0
7.502218938 5.139568345 0
8 5.139568345 0

0.05 5.182589928 1
0.05331755889 5.182589928 1
0.05685524171 5.182589928 1
0.06062765396 5.182589928 1
0.06465037021 5.182589928 1
0.06893999841 5.182589928 1
0.0735142485 5.182589928 1
0.07839200547 5.182589928 1
0.08359340736 5.182589928 1
0.08913992839 5.182589928 1
0.09505446762 5.182589928 1
0.1013614435 5.182589928 1
0.1080868946 5.182589928 1
0.1152585874 5.182589928 1
0.1229061304 5.182589928 1
0.1310610969 5.182589928 1
0.1397571551 5.182589928 1
0.1490302069 5.182589928 1
0.1589185367 5.182589928 1
0.1694629687 5.182589928 1
0.1807070363 5.182589928 1
0.192697161 5.182589928 1
0.2054828445 5.182589928 1
0.2191168733 5.182589928 1
0.2336555359 5.182589928 1
0.2491588559 5.182589928 1
0.2656908394 5.182589928 1
0.2833197395 5.182589928 1
0.3021183379 5.182589928 1
0.3221642455 5.182589928 1
0.3435402226 5.182589928 0
0.3663345209 5.182589928 0
0.3906412479 5.182589928 0
0.4165607547 5.182589928 0
0.4442000514 5.182589928 0
0.473673248 5.182589928 0
0.5051020258 5.182589928 0
0.5386161401 5.182589928 0
0.5743539554 5.182589928 0
0.6124630168 5.182589928 0
0.6531006592 5.182589928 0
0.6964346572 5.182589928 0
0.7426439169 5.182589928 0
0.7919192154 5.182589928 0
0.844463988 5.182589928 0
0.9004951682 5.182589928 0
0.9602440832 5.182589928 0
1.023957409 5.182589928 0
1.091898189 5.182589928 0
1.16434692 5.182589928 0
1.241602709 5.182589928 0
1.323984511 5.182589928 0
1.411832443 5.182589928 0
1.505509188 5.182589928 0
1.605401496 5.182589928 0
1.711921776 5.182589928 0
1.825509802 5.182589928 0
1.946634528 5.182589928 0
2.075796021 5.182589928 0
2.213527532 5.182589928 0
2.36039769 5.182589928 0
2.517012857 5.182589928 0
2.684019625 5.182589928 0
2.862107488 5.182589928 0
3.05201169 5.182589928 0
3.254516261 5.182589928 0
3.470457248 5.182589928 0
3.700726173 5.182589928 0
3.946273713 5.182589928 0
4.208113622 5.182589928 0
4.487326917 5.182589928 0
4.785066343 5.182589928 0
5.10256113 5.182589928 0
5.44112207 5.182589928 0
5.802146928 5.182589928 0
6.18712621 5.182589928 0
6.597649321 5.182589928 0
7.035411124 5.182589928 0
7.502218938 5.182589928 0
8 5.182589928 0

0.05 5.225611511 1
0.05331755889 5.225611511 1
0.05685524171 5.225611511 1
0.06062765396 5.225611511 1
0.06465037021 5.225611511 1
0.06893999841 5.225611511 1
0.0735142485 5.225611511 1
0.07839200547 5.225611511 1
0.08359340736 5.225611511 1
0.08913992839 5.225611511 1
0.09505446762 5.225611511 1
0.1013614435 5.225611511 1
0.1080868946 5.225611511 1
0.1152585874 5.225611511 1
0.1229061304 5.225611511 1
0.1310610969 5.225611511 1
0.1397571551 5.225611511 1
0.1490302069 5.225611511 1
0.1589185367 5.225611511 1
0.1694629687 5.225611511 1
0.1807070363 5.225611511 1
0.192697161 5.225611511 1
0.2054828445 5.225611511 1
0.2191168733 5.225611511 1
0.2336555359 5.225611511 1
0.2491588559 5.225611511 1
0.2656908394 5.225611511 1
0.2833197395 5.225611511 1
0.3021183379 5.225611511 1
0.3221642455 5.225611511 1
0.3435402226 5.225611511 0
0.3663345209 5.225611511 0
0.3906412479 5.225611511 0
0.4165607547 5.225611511 0
0.4442000514 5.225611511 0
0.473673248 5.225611511 0
0.5051020258 5.225611511 0
0.5386161401 5.225611511 0
0.5743539554 5.225611511 0
0.6124630168 5.225611511 0
0.6531006592 5.225611511 0
0.6964346572 5.225611511 0
0.7426439169 5.225611511 0
0.7919192154 5.225611511 0
0.844463988 5.225611511 0
0.9004951682 5.225611511 0
0.9602440832 5.225611511 0
1.023957409 5.225611511 0
1.091898189 5.225611511 0
1.16434692 5.225611511 0
1.241602709 5.225611511 0
1.323984511 5.225611511 0
1.411832443 5.225611511 0
1.505509188 5.225611511 0
1.605401496 5.225611511 0
1.711921776 5.225611511 0
1.825509802 5.225611511 0
1.946634528 5.225611511 0
2.075796021 5.225611511 0
2.213527532 5.225611511 0
2.36039769 5.225611511 0
2.517012857 5.225611511 0
2.684019625 5.225611511 0
2.862107488 5.225611511 0
3.05201169 5.225611511 0
3.254516261 5.225611511 0
3.470457248 5.225611511 0
3.700726173 5.225611511 0
3.946273713 5.225611511 0
4.208113622 5.225611511 0
4.487326917 5.225611511 0
4.785066343 5.225611511 0
5.10256113 5.225611511 0
5.44112207 5.225611511 0
5.802146928 5.225611511 0
6.18712621 5.225611511 0
6.597649321 5.225611511 0
7.035411124 5.225611511 0
7.502218938 5.225611511 0
8 5.225611511 0

0.05 5.268633094 1
0.05331755889 5.268633094 1
0.05685524171 5.268633094 1
0.06062765396 5.268633094 1
0.06465037021 5.268633094 1
0.06893999841 5.268633094 1
0.0735142485 5.268633094 1
0.07839200547 5.268633094 1
0.08359340736 5.268633094 1
0.08913992839 5.268633094 1
0.09505446762 5.268633094 1
0.1013614435 5.268633094 1
0.1080868946 5.268633094 1
0.1152585874 5.268633094 1
0.1229061304 5.268633094 1
0.1310610969 5.268633094 1
0.1397571551 5.268633094 1
0.1490302069 5.268633094 1
0.1589185367 5.268633094 1
0.1694629687 5.268633094 1
0.1807070363 5.268633094 1
0.192697161 5.268633094 1
0.2054828445 5.268633094 1
0.2191168733 5.268633094 1
0.2336555359 5.268633094 1
0.2491588559 5.268633094 1
0.2656908394 5.268633094 1
0.2833197395 5.268633094 1
0.3021183379 5.268633094 1
0.3221642455 5.268633094 1
0.3435402226 5.268633094 0
0.3663345209 5.268633094 0
0.3906412479 5.268633094 0
0.4165607547 5.268633094 0
0.4442000514 5.268633094 0
0.473673248 5.268633094 0
0.5051020258 5.268633094 0
0.5386161401 5.268633094 0
0.5743539554 5.268633094 0
0.6124630168 5.268633094 0
0.6531006592 5.268633094 0
0.6964346572 5.268633094 0
0.7426439169 5.268633094 0
0.7919192154 5.268633094 0
0.844463988 5.268633094 0
0.9004951682 5.268633094 0
0.9602440832 5.268633094 0
1.023957409 5.268633094 0
1.091898189 5.268633094 0
1.16434692 5.268633094 0
1.241602709 5.268633094 0
1.323984511 5.268633094 0
1.411832443 5.268633094 0
1.505509188 5.268633094 0
1.605401496 5.268633094 0
1.711921776 5.268633094 0
1.825509802 5.268633094 0
1.946634528 5.268633094 0
2.075796021 5.268633094 0
2.213527532 5.268633094 0
2.36039769 5.268633094 0
2.517012857 5.268633094 0
2.684019625 5.268633094 0
2.862107488 5.268633094 0
3.05201169 5.268633094 0
3.254516261 5.268633094 0
3.470457248 5.268633094 0
3.700726173 5.268633094 0
3.946273713 5.268633094 0
4.208113622 5.268633094 0
4.487326917 5.268633094 0
4.785066343 5.268633094 0
5.10256113 5.268633094 0
5.44112207 5.268633094 0
5.802146928 5.268633094 0
6.18712621 5.268633094 0
6.597649321 5.268633094 0
7.035411124 5.268633094 0
7.502218938 5.268633094 0
8 5.268633094 0

0.05 5.311654676 1
0.05331755889 5.311654676 1
0.05685524171 5.311654676 1
0.06062765396 5.311654676 1
0.06465037021 5.311654676 1
0.06893999841 5.311654676 1
0.0735142485 5.311654676 1
0.07839200547 5.311654676 1
0.08359340736 5.311654676 1
0.08913992839 5.311654676 1
0.09505446762 5.311654676 1
0.1013614435 5.311654676 1
0.1080868946 5.311654676 1
0.1152585874 5.311654676 1
0.1229061304 5.311654676 1
0.1310610969 5.311654676 1
0.1397571551 5.311654676 1
0.1490302069 5.311654676 1
0.1589185367 5.311654676 1
0.1694629687 5.311654676 1
0.1807070363 5.311654676 1
0.192697161 5.311654676 1
0.2054828445 5.311654676 1
0.2191168733 5.311654676 1
0.2336555359 5.311654676 1
0.2491588559 5.311654676 1
0.2656908394 5.311654676 1
0.2833197395 5.311654676 1
0.3021183379 5.311654676 1
0.3221642455 5.311654676 1
0.3435402226 5.311654676 0
0.3663345209 5.311654676 0
0.3906412479 5.311654676 0
0.4165607547 5.311654676 0
0.4442000514 5.311654676 0
0.473673248 5.311654676 0
0.5051020258 5.311654676 0
0.5386161401 5.311654676 0
0.5743539554 5.311654676 0
0.6124630168 5.311654676 0
0.6531006592 5.311654676 0
0.6964346572 5.311654676 0
0.7426439169 5.311654676 0
0.7919192154 5.311654676 0
0.844463988 5.311654676 0
0.9004951682 5.311654676 0
0.9602440832 5.311654676 0
1.023957409 5.311654676 0
1.091898189 5.311654676 0
1.16434692 5.311654676 0
1.241602709 5.311654676 0
1.323984511 5.311654676 0
1.411832443 5.311654676 0
1.505509188 5.311654676 0
1.605401496 5.311654676 0
1.711921776 5.311654676 0
1.825509802 5.311654676 0
1.946634528 5.311654676 0
2.075796021 5.311654676 0
2.213527532 5.311654676 0
2.36039769 5.311654676 0
2.517012857 5.311654676 0
2.684019625 5.311654676 0
2.862107488 5.311654676 0
3.05201169 5.311654676 0
3.254516261 5.311654676 0
3.470457248 5.311654676 0
3.700726173 5.311654676 0
3.946273713 5.311654676 0
4.208113622 5.311654676 0
4.487326917 5.311654676 0
4.785066343 5.311654676 0
5.10256113 5.311654676 0
5.44112207 5.311654676 0
5.802146928 5.311654676 0
6.18712621 5.311654676 0
6.597649321 5.311654676 0
7.035411124 5.311654676 0
7.502218938 5.311654676 0
8 5.311654676 0

0.05 5.354676259 1
0.05331755889 5.354676259 1
0.05685524171 5.354676259 1
0.06062765396 5.354676259 1
0.06465037021 5.354676259 1
0.06893999841 5.354676259 1
0.0735142485 5.354676259 1
0.07839200547 5.354676259 1
0.08359340736 5.354676259 1
0.08913992839 5.354676259 1
0.09505446762 5.354676259 1
0.1013614435 5.354676259 1
0.1080868946 5.354676259 1
0.1152585874 5.354676259 1
0.1229061304 5.354676259 1
0.1310610969 5.354676259 1
0.1397571551 5.354676259 1
0.1490302069 5.354676259 1
0.1589185367 5.354676259 1
0.1694629687 5.354676259 1
0.1807070363 5.354676259 1
0.192697161 5.354676259 1
0.2054828445 5.354676259 1
0.2191168733 5.354676259 1
0.2336555359 5.354676259 1
0.2491588559 5.354676259 1
0.2656908394 5.354676259 1
0.2833197395 5.354676259 1
0.3021183379 5.354676259 1
0.3221642455 5.354676259 0
0.3435402226 5.354676259 0
0.3663345209 5.354676259 0
0.3906412479 5.354676259 0
0.4165607547 5.354676259 0
0.4442000514 5.354676259 0
0.473673248 5.354676259 0
0.5051020258 5.354676259 0
0.5386161401 5.354676259 0
0.5743539554 5.354676259 0
0.6124630168 5.354676259 0
0.6531006592 5.354676259 0
0.6964346572 5.354676259 0
0.7426439169 5.354676259 0
0.7919192154 5.354676259 0
0.844463988 5.354676259 0
0.9004951682 5.354676259 0
0.9602440832 5.354676259 0
1.023957409 5.354676259 0
1.091898189 5.354676259 0
1.16434692 5.354676259 0
1.241602709 5.354676259 0
1.323984511 5.354676259 0
1.411832443 5.354676259 0
1.505509188 5.354676259 0
1.605401496 5.354676259 0
1.711921776 5.354676259 0
1.825509802 5.354676259 0
1.946634528 5.354676259 0
2.075796021 5.354676259 0
2.213527532 5.354676259 0
2.36039769 5.354676259 0
2.517012857 5.354676259 0
2.684019625 5.354676259 0
2.862107488 5.354676259 0
3.05201169 5.354676259 0
3.254516261 5.354676259 0
3.470457248 5.354676259 0
3.700726173 5.354676259 0
3.946273713 5.354676259 0
4.208113622 5.354676259 0
4.487326917 5.354676259 0
4.785066343 5.354676259 0
5.10256113 5.354676259 0
5.44112207 5.354676259 0
5.802146928 5.354676259 0
6.18712621 5.354676259 0
6.597649321 5.354676259 0
7.035411124 5.354676259 0
7.502218938 5.354676259 0
8 5.354676259 0

0.05 5.397697842 1
0.05331755889 5.397697842 1
0.05685524171 5.397697842 1
0.06062765396 5.397697842 1
0.06465037021 5.397697842 1
0.06893999841 5.397697842 1
0.0735142485 5.397697842 1
0.07839200547 5.397697842 1
0.08359340736 5.397697842 1
0.08913992839 5.397697842 1
0.09505446762 5.397697842 1
0.1013614435 5.397697842 1
0.1080868946 5.397697842 1
0.1152585874 5.397697842 1
0.1229061304 5.397697842 1
0.1310610969 5.397697842 1
0.1397571551 5.397697842 1
0.1490302069 5.397697842 1
0.1589185367 5.397697842 1
0.1694629687 5.397697842 1
0.1807070363 5.397697842 1
0.192697161 5.397697842 1
0.2054828445 5.397697842 1
0.2191168733 5.397697842 1
0.2336555359 5.397697842 1
0.2491588559 5.397697842 1
0.2656908394 5.397697842 1
0.2833197395 5.397697842 1
0.3021183379 5.397697842 1
0.3221642455 5.397697842 0
0.3435402226 5.397697842 0
0.3663345209 5.397697842 0
0.3906412479 5.397697842 0
0.4165607547 5.397697842 0
0.4442000514 5.397697842 0
0.473673248 5.397697842 0
0.5051020258 5.397697842 0
0.5386161401 5.397697842 0
0.5743539554 5.397697842 0
0.6124630168 5.397697842 0
0.6531006592 5.397697842 0
0.6964346572 5.397697842 0
0.7426439169 5.397697842 0
0.7919192154 5.397697842 0
0.844463988 5.397697842 0
0.9004951682 5.397697842 0
0.9602440832 5.397697842 0
1.023957409 5.397697842 0
1.091898189 5.397697842 0
1.16434692 5.397697842 0
1.241602709 5.397697842 0
1.323984511 5.397697842 0
1.411832443 5.397697842 0
1.505509188 5.397697842 0
1.605401496 5.397697842 0
1.711921776 5.397697842 0
1.825509802 5.397697842 0
1.946634528 5.397697842 0
2.075796021 5.397697842 0
2.213527532 5.397697842 0
2.36039769 5.397697842 0
2.517012857 5.397697842 0
2.684019625 5.397697842 0
2.862107488 5.397697842 0
3.05201169 5.397697842 0
3.254516261 5.397697842 0
3.470457248 5.397697842 0
3.700726173 5.397697842 0
3.946273713 5.397697842 0
4.208113622 5.397697842 0
4.487326917 5.397697842 0
4.785066343 5.397697842 0
5.10256113 5.397697842 0
5.44112207 5.397697842 0
5.802146928 5.397697842 0
6.18712621 5.397697842 0
6.597649321 5.397697842 0
7.035411124 5.397697842 0
7.502218938 5.397697842 0
8 5.397697842 0

0.05 5.440719424 1
0.05331755889 5.440719424 1
0.05685524171 5.440719424 1
0.06062765396 5.440719424 1
0.06465037021 5.440719424 1
0.06893999841 5.440719424 1
0.0735142485 5.440719424 1
0.07839200547 5.440719424 1
0.08359340736 5.440719424 1
0.08913992839 5.440719424 1
0.09505446762 5.440719424 1
0.1013614435 5.440719424 1
0.1080868946 5.440719424 1
0.1152585874 5.440719424 1
0.1229061304 5.440719424 1
0.1310610969 5.440719424 1
0.1397571551 5.440719424 1
0.1490302069 5.440719424 1
0.1589185367 5.440719424 1
0.1694629687 5.440719424 1
0.1807070363 5.440719424 1
0.192697161 5.440719424 1
0.2054828445 5.440719424 1
0.2191168733 5.440719424 1
0.2336555359 5.440719424 1
0.2491588559 5.440719424 1
0.2656908394 5.440719424 1
0.2833197395 5.440719424 1
0.3021183379 5.440719424 1
0.3221642455 5.440719424 0
0.3435402226 5.440719424 0
0.3663345209 5.440719424 0
0.3906412479 5.440719424 0
0.4165607547 5.440719424 0
0.4442000514 5.440719424 0
0.473673248 5.440719424 0
0.5051020258 5.440719424 0
0.5386161401 5.440719424 0
0.5743539554 5.440719424 0
0.6124630168 5.440719424 0
0.6531006592 5.440719424 0
0.6964346572 5.440719424 0
0.7426439169 5.440719424 0
0.7919192154 5.440719424 0
0.844463988 5.440719424 0
0.9004951682 5.440719424 0
0.9602440832 5.440719424 0
1.023957409 5.440719424 0
1.091898189 5.440719424 0
1.16434692 5.440719424 0
1.241602709 5.440719424 0
1.323984511 5.440719424 0
1.411832443 5.440719424 0
1.505509188 5.440719424 0
1.605401496 5.440719424 0
1.711921776 5.440719424 0
1.825509802 5.440719424 0
1.946634528 5.440719424 0
2.075796021 5.440719424 0
2.213527532 5.440719424 0
2.36039769 5.440719424 0
2.517012857 5.440719424 0
2.684019625 5.440719424 0
2.862107488 5.440719424 0
3.05201169 5.440719424 0
3.254516261 5.440719424 0
3.470457248 5.440719424 0
3.700726173 5.440719424 0
3.946273713 5.440719424 0
4.208113622 5.440719424 0
4.487326917 5.440719424 0
4.785066343 5.440719424 0
5.10256113 5.440719424 0
5.44112207 5.440719424 0
5.802146928 5.440719424 0
6.18712621 5.440719424 0
6.597649321 5.440719424 0
7.035411124 5.440719424 0
7.502218938 5.440719424 0
8 5.440719424 0

0.05 5.483741007 1
0.05331755889 5.483741007 1
0.05685524171 5.483741007 1
0.06062765396 5.483741007 1
0.06465037021 5.483741007 1
0.06893999841 5.483741007 1
0.0735142485 5.483741007 1
0.07839200547 5.483741007 1
0.08359340736 5.483741007 1
0.08913992839 5.483741007 1
0.09505446762 5.483741007 1
0.1013614435 5.483741007 1
0.1080868946 5.483741007 1
0.1152585874 5.483741007 1
0.1229061304 5.483741007 1
0.1310610969 5.483741007 1
0.1397571551 5.483741007 1
0.1490302069 5.483741007 1
0.1589185367 5.483741007 1
0.1694629687 5.483741007 1
0.1807070363 5.483741007 1
0.192697161 5.483741007 1
0.2054828445 5.483741007 1
0.2191168733 5.483741007 1
0.2336555359 5.483741007 1
0.2491588559 5.483741007 1
0.2656908394 5.483741007 1
0.2833197395 5.483741007 1
0.3021183379 5.483741007 1
0.3221642455 5.483741007 0
0.3435402226 5.483741007 0
0.3663345209 5.483741007 0
0.3906412479 5.483741007 0
0.4165607547 5.483741007 0
0.4442000514 5.483741007 0
0.473673248 5.483741007 0
0.5051020258 5.483741007 0
0.5386161401 5.483741007 0
0.5743539554 5.483741007 0
0.6124630168 5.483741007 0
0.6531006592 5.483741007 0
0.6964346572 5.483741007 0
0.7426439169 5.483741007 0
0.7919192154 5.483741007 0
0.844463988 5.483741007 0
0.9004951682 5.483741007 0
0.9602440832 5.483741007 0
1.023957409 5.483741007 0
1.091898189 5.483741007 0
1.16434692 5.483741007 0
1.241602709 5.483741007 0
1.323984511 5.483741007 0
1.411832443 5.483741007 0
1.505509188 5.483741007 0
1.605401496 5.483741007 0
1.711921776 5.483741007 0
1.825509802 5.483741007 0
1.946634528 5.483741007 0
2.075796021 5.483741007 0
2.213527532 5.483741007 0
2.36039769 5.483741007 0
2.517012857 5.483741007 0
2.684019625 5.483741007 0
2.862107488 5.483741007 0
3.05201169 5.483741007 0
3.254516261 5.483741007 0
3.470457248 5.483741007 0
3.700726173 5.483741007 0
3.946273713 5.483741007 0
4.208113622 5.483741007 0
4.487326917 5.483741007 0
4.785066343 5.483741007 0
5.10256113 5.483741007 0
5.44112207 5.483741007 0
5.802146928 5.483741007 0
6.18712621 5.483741007 0
6.597649321 5.483741007 0
7.035411124 5.483741007 0
7.502218938 5.483741007 0
8 5.483741007 0

0.05 5.52676259 1
0.05331755889 5.52676259 1
0.05685524171 5.52676259 1
0.06062765396 5.52676259 1
0.06465037021 5.52676259 1
0.06893999841 5.52676259 1
0.0735142485 5.52676259 1
0.07839200547 5.52676259 1
0.08359340736 5.52676259 1
0.08913992839 5.52676259 1
0.09505446762 5.52676259 1
0.1013614435 5.52676259 1
0.1080868946 5.52676259 1
0.1152585874 5.52676259 1
0.1229061304 5.52676259 1
0.1310610969 5.52676259 1
0.1397571551 5.52676259 1
0.1490302069 5.52676259 1
0.1589185367 5.52676259 1
0.1694629687 5.52676259 1
0.1807070363 5.52676259 1
0.192697161 5.52676259 1
0.2054828445 5.52676259 1
0.2191168733 5.52676259 1
0.2336555359 5.52676259 1
0.2491588559 5.52676259 1
0.2656908394 5.52676259 1
0.2833197395 5.52676259 1
0.3021183379 5.52676259 1
0.3221642455 5.52676259 0
0.3435402226 5.52676259 0
0.3663345209 5.52676259 0
0.3906412479 5.52676259 0
0.4165607547 5.52676259 0
0.4442000514 5.52676259 0
0.473673248 5.52676259 0
0.5051020258 5.52676259 0
0.5386161401 5.52676259 0
0.5743539554 5.52676259 0
0.6124630168 5.52676259 0
0.6531006592 5.52676259 0
0.6964346572 5.52676259 0
0.7426439169 5.52676259 0
0.7919192154 5.52676259 0
0.844463988 5.52676259 0
0.9004951682 5.52676259 0
0.9602440832 5.52676259 0
1.023957409 5.52676259 0
1.091898189 5.52676259 0
1.16434692 5.52676259 0
1.241602709 5.52676259 0
1.323984511 5.52676259 0
1.411832443 5.52676259 0
1.505509188 5.52676259 0
1.605401496 5.52676259 0
1.711921776 5.52676259 0
1.825509802 5.52676259 0
1.946634528 5.52676259 0
2.075796021 5.52676259 0
2.213527532 5.52676259 0
2.36039769 5.52676259 0
2.517012857 5.52676259 0
2.684019625 5.52676259 0
2.862107488 5.52676259 0
3.05201169 5.52676259 0
3.254516261 5.52676259 0
3.470457248 5.52676259 0
3.700726173 5.52676259 0
3.946273713 5.52676259 0
4.208113622 5.52676259 0
4.487326917 5.52676259 0
4.785066343 5.52676259 0
5.10256113 5.52676259 0
5.44112207 5.52676259 0
5.802146928 5.52676259 0
6.18712621 5.52676259 0
6.597649321 5.52676259 0
7.035411124 5.52676259 0
7.502218938 5.52676259 0
8 5.52676259 0

0.05 5.569784173 1
0.05331755889 5.569784173 1
0.05685524171 5.569784173 1
0.06062765396 5.569784173 1
0.06465037021 5.569784173 1
0.06893999841 5.569784173 1
0.0735142485 5.569784173 1
0.07839200547 5.569784173 1
0.08359340736 5.569784173 1
0.08913992839 5.569784173 1
0.09505446762 5.569784173 1
0.1013614435 5.569784173 1
0.1080868946 5.569784173 1
0.1152585874 5.569784173 1
0.1229061304 5.569784173 1
0.1310610969 5.569784173 1
0.1397571551 5.569784173 1
0.1490302069 5.569784173 1
0.1589185367 5.569784173 1
0.1694629687 5.569784173 1
0.1807070363 5.569784173 1
0.192697161 5.569784173 1
0.2054828445 5.569784173 1
0.2191168733 5.569784173 1
0.2336555359 5.569784173 1
0.2491588559 5.569784173 1
0.2656908394 5.569784173 1
0.2833197395 5.569784173 1
0.3021183379 5.569784173 1
0.3221642455 5.569784173 0
0.3435402226 5.569784173 0
0.3663345209 5.569784173 0
0.3906412479 5.569784173 0
0.4165607547 5.569784173 0
0.4442000514 5.569784173 0
0.473673248 5.569784173 0
0.5051020258 5.569784173 0
0.5386161401 5.569784173 0
0.5743539554 5.569784173 0
0.6124630168 5.569784173 0
0.6531006592 5.569784173 0
0.6964346572 5.569784173 0
0.7426439169 5.569784173 0
0.7919192154 5.569784173 0
0.844463988 5.569784173 0
0.9004951682 5.569784173 0
0.9602440832 5.569784173 0
1.023957409 5.569784173 0
1.091898189 5.569784173 0
1.16434692 5.569784173 0
1.241602709 5.569784173 0
1.323984511 5.569784173 0
1.411832443 5.569784173 0
1.505509188 5.569784173 0
1.605401496 5.569784173 0
1.711921776 5.569784173 0
1.825509802 5.569784173 0
1.946634528 5.569784173 0
2.075796021 5.569784173 0
2.213527532 5.569784173 0
2.36039769 5.569784173 0
2.517012857 5.569784173 0
2.684019625 5.569784173 0
2.862107488 5.569784173 0
3.05201169 5.569784173 0
3.254516261 5.569784173 0
3.470457248 5.569784173 0
3.700726173 5.569784173 0
3.946273713 5.569784173 0
4.208113622 5.569784173 0
4.487326917 5.569784173 0
4.785066343 5.569784173 0
5.10256113 5.569784173 0
5.44112207 5.569784173 0
5.802146928 5.569784173 0
6.18712621 5.569784173 0
6.597649321 5.569784173 0
7.035411124 5.569784173 0
7.502218938 5.569784173 0
8 5.569784173 0

0.05 5.612805755 1
0.05331755889 5.612805755 1
0.05685524171 5.612805755 1
0.06062765396 5.612805755 1
0.06465037021 5.612805755 1
0.06893999841 5.612805755 1
0.0735142485 5.612805755 1
0.07839200547 5.612805755 1
0.08359340736 5.612805755 1
0.08913992839 5.612805755 1
0.09505446762 5.612805755 1
0.1013614435 5.612805755 1
0.1080868946 5.612805755 1
0.1152585874 5.612805755 1
0.1229061304 5.612805755 1
0.1310610969 5.612805755 1
0.1397571551 5.612805755 1
0.1490302069 5.612805755 1
0.1589185367 5.612805755 1
0.1694629687 5.612805755 1
0.1807070363 5.612805755 1
0.192697161 5.612805755 1
0.2054828445 5.612805755 1
0.2191168733 5.612805755 1
0.2336555359 5.612805755 1
0.2491588559 5.612805755 1
0.2656908394 5.612805755 1
0.2833197395 5.612805755 1
0.3021183379 5.612805755 0
0.3221642455 5.612805755 0
0.3435402226 5.612805755 0
0.3663345209 5.612805755 0
0.3906412479 5.612805755 0
0.4165607547 5.612805755 0
0.4442000514 5.612805755 0
0.473673248 5.612805755 0
0.5051020258 5.612805755 0
0.5386161401 5.612805755 0
0.5743539554 5.612805755 0
0.6124630168 5.612805755 0
0.6531006592 5.612805755 0
0.6964346572 5.612805755 0
0.7426439169 5.612805755 0
0.7919192154 5.612805755 0
0.844463988 5.612805755 0
0.9004951682 5.612805755 0
0.9602440832 5.612805755 0
1.023957409 5.612805755 0
1.091898189 5.612805755 0
1.16434692 5.612805755 0
1.241602709 5.612805755 0
1.323984511 5.612805755 0
1.411832443 5.612805755 0
1.505509188 5.612805755 0
1.605401496 5.612805755 0
1.711921776 5.612805755 0
1.825509802 5.612805755 0
1.946634528 5.612805755 0
2.075796021 5.612805755 0
2.213527532 5.612805755 0
2.36039769 5.612805755 0
2.517012857 5.612805755 0
2.684019625 5.612805755 0
2.862107488 5.612805755 0
3.05201169 5.612805755 0
3.254516261 5.612805755 0
3.470457248 5.612805755 0
3.700726173 5.612805755 0
3.946273713 5.612805755 0
4.208113622 5.612805755 0
4.487326917 5.612805755 0
4.785066343 5.612805755 0
5.10256113 5.612805755 0
5.44112207 5.612805755 0
5.802146928 5.612805755 0
6.18712621 5.612805755 0
6.597649321 5.612805755 0
7.035411124 5.612805755 0
7.502218938 5.612805755 0
8 5.612805755 0

0.05 5.655827338 1
0.05331755889 5.655827338 1
0.05685524171 5.655827338 1
0.06062765396 5.655827338 1
0.06465037021 5.655827338 1
0.06893999841 5.655827338 1
0.0735142485 5.655827338 1
0.07839200547 5.655827338 1
0.08359340736 5.655827338 1
0.08913992839 5.655827338 1
0.09505446762 5.655827338 1
0.1013614435 5.655827338 1
0.1080868946 5.655827338 1
0.1152585874 5.655827338 1
0.1229061304 5.655827338 1
0.1310610969 5.655827338 1
0.1397571551 5.655827338 1
0.1490302069 5.655827338 1
0.1589185367 5.655827338 1
0.1694629687 5.655827338 1
0.1807070363 5.655827338 1
0.192697161 5.655827338 1
0.2054828445 5.655827338 1
0.2191168733 5.655827338 1
0.2336555359 5.655827338 1
0.2491588559 5.655827338 1
0.2656908394 5.655827338 1
0.2833197395 5.655827338 1
0.3021183379 5.655827338 0
0.3221642455 5.655827338 0
0.3435402226 5.655827338 0
0.3663345209 5.655827338 0
0.3906412479 5.655827338 0
0.4165607547 5.655827338 0
0.4442000514 5.655827338 0
0.473673248 5.655827338 0
0.5051020258 5.655827338 0
0.5386161401 5.655827338 0
0.5743539554 5.655827338 0
0.6124630168 5.655827338 0
0.6531006592 5.655827338 0
0.6964346572 5.655827338 0
0.7426439169 5.655827338 0
0.7919192154 5.655827338 0
0.844463988 5.655827338 0
0.9004951682 5.655827338 0
0.9602440832 5.655827338 0
1.023957409 5.655827338 0
1.091898189 5.655827338 0
1.16434692 5.655827338 0
1.241602709 5.655827338 0
1.323984511 5.655827338 0
1.411832443 5.655827338 0
1.505509188 5.655827338 0
1.605401496 5.655827338 0
1.711921776 5.655827338 0
1.825509802 5.655827338 0
1.946634528 5.655827338 0
2.075796021 5.655827338 0
2.213527532 5.655827338 0
2.36039769 5.655827338 0
2.517012857 5.655827338 0
2.684019625 5.655827338 0
2.862107488 5.655827338 0
3.05201169 5.655827338 0
3.254516261 5.655827338 0
3.470457248 5.655827338 0
3.700726173 5.655827338 0
3.946273713 5.655827338 0
4.208113622 5.655827338 0
4.487326917 5.655827338 0
4.785066343 5.655827338 0
5.10256113 5.655827338 0
5.44112207 5.655827338 0
5.802146928 5.655827338 0
6.18712621 5.655827338 0
6.597649321 5.655827338 0
7.035411124 5.655827338 0
7.502218938 5.655827338 0
8 5.655827338 0

0.05 5.698848921 1
0.05331755889 5.698848921 1
0.05685524171 5.698848921 1
0.06062765396 5.698848921 1
0.06465037021 5.698848921 1
0.06893999841 5.698848921 1
0.0735142485 5.698848921 1
0.07839200547 5.698848921 1
0.08359340736 5.698848921 1
0.08913992839 5.698848921 1
0.09505446762 5.698848921 1
0.1013614435 5.698848921 1
0.1080868946 5.698848921 1
0.1152585874 5.698848921 1
0.1229061304 5.698848921 1
0.1310610969 5.698848921 1
0.1397571551 5.698848921 1
0.1490302069 5.698848921 1
0.1589185367 5.698848921 1
0.1694629687 5.698848921 1
0.1807070363 5.698848921 1
0.192697161 5.698848921 1
0.2054828445 5.698848921 1
0.2191168733 5.698848921 1
0.2336555359 5.698848921 1
0.2491588559 5.698848921 1
0.2656908394 5.698848921 1
0.2833197395 5.698848921 1
0.3021183379 5.698848921 0
0.3221642455 5.698848921 0
0.3435402226 5.698848921 0
0.3663345209 5.698848921 0
0.3906412479 5.698848921 0
0.4165607547 5.698848921 0
0.4442000514 5.698848921 0
0.473673248 5.698848921 0
0.5051020258 5.698848921 0
0.5386161401 5.698848921 0
0.5743539554 5.698848921 0
0.6124630168 5.698848921 0
0.6531006592 5.698848921 0
0.6964346572 5.698848921 0
0.7426439169 5.698848921 0
0.7919192154 5.698848921 0
0.844463988 5.698848921 0
0.9004951682 5.698848921 0
0.9602440832 5.698848921 0
1.023957409 5.698848921 0
1.091898189 5.698848921 0
1.16434692 5.698848921 0
1.241602709 5.698848921 0
1.323984511 5.698848921 0
1.411832443 5.698848921 0
1.505509188 5.698848921 0
1.605401496 5.698848921 0
1.711921776 5.698848921 0
1.825509802 5.698848921 0
1.946634528 5.698848921 0
2.075796021 5.698848921 0
2.213527532 5.698848921 0
2.36039769 5.698848921 0
2.517012857 5.698848921 0
2.684019625 5.698848921 0
2.862107488 5.698848921 0
3.05201169 5.698848921 0
3.254516261 5.698848921 0
3.470457248 5.698848921 0
3.700726173 5.698848921 0
3.946273713 5.698848921 0
4.208113622 5.698848921 0
4.487326917 5.698848921 0
4.785066343 5.698848921 0
5.10256113 5.698848921 0
5.44112207 5.698848921 0
5.802146928 5.698848921 0
6.18712621 5.698848921 0
6.597649321 5.698848921 0
7.035411124 5.698848921 0
7.502218938 5.698848921 0
8 5.698848921 0

0.05 5.741870504 1
0.05331755889 5.741870504 1
0.05685524171 5.741870504 1
0.06062765396 5.741870504 1
0.06465037021 5.741870504 1
0.06893999841 5.741870504 1
0.0735142485 5.741870504 1
0.07839200547 5.741870504 1
0.08359340736 5.741870504 1
0.08913992839 5.741870504 1
0.09505446762 5.741870504 1
0.1013614435 5.741870504 1
0.1080868946 5.741870504 1
0.1152585874 5.741870504 1
0.1229061304 5.741870504 1
0.1310610969 5.741870504 1
0.1397571551 5.741870504 1
0.1490302069 5.741870504 1
0.1589185367 5.741870504 1
0.1694629687 5.741870504 1
0.1807070363 5.741870504 1
0.192697161 5.741870504 1
0.2054828445 5.741870504 1
0.2191168733 5.741870504 1
0.2336555359 5.741870504 1
0.2491588559 5.741870504 1
0.2656908394 5.741870504 1
0.2833197395 5.741870504 1
0.3021183379 5.741870504 0
0.3221642455 5.741870504 0
0.3435402226 5.741870504 0
0.3663345209 5.741870504 0
0.3906412479 5.741870504 0
0.4165607547 5.741870504 0
0.4442000514 5.741870504 0
0.473673248 5.741870504 0
0.5051020258 5.741870504 0
0.5386161401 5.741870504 0
0.5743539554 5.741870504 0
0.6124630168 5.741870504 0
0.6531006592 5.741870504 0
0.6964346572 5.741870504 0
0.7426439169 5.741870504 0
0.7919192154 5.741870504 0
0.844463988 5.741870504 0
0.9004951682 5.741870504 0
0.9602440832 5.741870504 0
1.023957409 5.741870504 0
1.091898189 5.741870504 0
1.16434692 5.741870504 0
1.241602709 5.741870504 0
1.323984511 5.741870504 0
1.411832443 5.741870504 0
1.505509188 5.741870504 0
1.605401496 5.741870504 0
1.711921776 5.741870504 0
1.825509802 5.741870504 0
1.946634528 5.741870504 0
2.075796021 5.741870504 0
2.213527532 5.741870504 0
2.36039769 5.741870504 0
2.517012857 5.741870504 0
2.684019625 5.741870504 0
2.862107488 5.741870504 0
3.05201169 5.741870504 0
3.254516261 5.741870504 0
3.470457248 5.741870504 0
3.700726173 5.741870504 0
3.946273713 5.741870504 0
4.208113622 5.741870504 0
4.487326917 5.741870504 0
4.785066343 5.741870504 0
5.10256113 5.741870504 0
5.44112207 5.741870504 0
5.802146928 5.741870504 0
6.18712621 5.741870504 0
6.597649321 5.741870504 0
7.035411124 5.741870504 0
7.502218938 5.741870504 0
8 5.741870504 0

0.05 5.784892086 1
0.05331755889 5.784892086 1
0.05685524171 5.784892086 1
0.06062765396 5.784892086 1
0.06465037021 5.784892086 1
0.06893999841 5.784892086 1
0.0735142485 5.784892086 1
0.07839200547 5.784892086 1
0.08359340736 5.784892086 1
0.08913992839 5.784892086 1
0.09505446762 5.784892086 1
0.1013614435 5.784892086 1
0.1080868946 5.784892086 1
0.1152585874 5.784892086 1
0.1229061304 5.784892086 1
0.1310610969 5.784892086 1
0.1397571551 5.784892086 1
0.1490302069 5.784892086 1
0.1589185367 5.784892086 1
0.1694629687 5.784892086 1
0.1807070363 5.784892086 1
0.192697161 5.784892086 1
0.2054828445 5.784892086 1
0.2191168733 5.784892086 1
0.2336555359 5.784892086 1
0.2491588559 5.784892086 1
0.2656908394 5.784892086 1
0.2833197395 5.784892086 1
0.3021183379 5.784892086 0
0.3221642455 5.784892086 0
0.3435402226 5.784892086 0
0.3663345209 5.784892086 0
0.3906412479 5.784892086 0
0.4165607547 5.784892086 0
0.4442000514 5.784892086 0
0.473673248 5.784892086 0
0.5051020258 5.784892086 0
0.5386161401 5.784892086 0
0.5743539554 5.784892086 0
0.6124630168 5.784892086 0
0.6531006592 5.784892086 0
0.6964346572 5.784892086 0
0.7426439169 5.784892086 0
0.7919192154 5.784892086 0
0.844463988 5.784892086 0
0.9004951682 5.784892086 0
0.9602440832 5.784892086 0
1.023957409 5.784892086 0
1.091898189 5.784892086 0
1.16434692 5.784892086 0
1.241602709 5.784892086 0
1.323984511 5.784892086 0
1.411832443 5.784892086 0
1.505509188 5.784892086 0
1.605401496 5.784892086 0
1.711921776 5.784892086 0
1.825509802 5.784892086 0
1.946634528 5.784892086 0
2.075796021 5.784892086 0
2.213527532 5.784892086 0
2.36039769 5.784892086 0
2.517012857 5.784892086 0
2.684019625 5.784892086 0
2.862107488 5.784892086 0
3.05201169 5.784892086 0
3.254516261 5.784892086 0
3.470457248 5.784892086 0
3.700726173 5.784892086 0
3.946273713 5.784892086 0
4.208113622 5.784892086 0
4.487326917 5.784892086 0
4.785066343 5.784892086 0
5.10256113 5.784892086 0
5.44112207 5.784892086 0
5.802146928 5.784892086 0
6.18712621 5.784892086 0
6.597649321 5.784892086 0
7.035411124 5.784892086 0
7.502218938 5.784892086 0
8 5.784892086 0

0.05 5.827913669 1
0.05331755889 5.827913669 1
0.05685524171 5.827913669 1
0.06062765396 5.827913669 1
0.06465037021 5.827913669 1
0.06893999841 5.827913669 1
0.0735142485 5.827913669 1
0.07839200547 5.827913669 1
0.08359340736 5.827913669 1
0.08913992839 5.827913669 1
0.09505446762 5.827913669 1
0.1013614435 5.827913669 1
0.1080868946 5.827913669 1
0.1152585874 5.827913669 1
0.1229061304 5.827913669 1
0.1310610969 5.827913669 1
0.1397571551 5.827913669 1
0.1490302069 5.827913669 1
0.1589185367 5.827913669 1
0.1694629687 5.827913669 1
0.1807070363 5.827913669 1
0.192697161 5.827913669 1
0.2054828445 5.827913669 1
0.2191168733 5.827913669 1
0.2336555359 5.827913669 1
0.2491588559 5.827913669 1
0.2656908394 5.827913669 1
0.2833197395 5.827913669 1
0.3021183379 5.827913669 0
0.3221642455 5.827913669 0
0.3435402226 5.827913669 0
0.3663345209 5.827913669 0
0.3906412479 5.827913669 0
0.4165607547 5.827913669 0
0.4442000514 5.827913669 0
0.473673248 5.827913669 0
0.5051020258 5.827913669 0
0.5386161401 5.827913669 0
0.5743539554 5.827913669 0
0.6124630168 5.827913669 0
0.6531006592 5.827913669 0
0.6964346572 5.827913669 0
0.7426439169 5.827913669 0
0.7919192154 5.827913669 0
0.844463988 5.827913669 0
0.9004951682 5.827913669 0
0.9602440832 5.827913669 0
1.023957409 5.827913669 0
1.091898189 5.827913669 0
1.16434692 5.827913669 0
1.241602709 5.827913669 0
1.323984511 5.827913669 0
1.411832443 5.827913669 0
1.505509188 5.827913669 0
1.605401496 5.827913669 0
1.711921776 5.827913669 0
1.825509802 5.827913669 0
1.946634528 5.827913669 0
2.075796021 5.827913669 0
2.213527532 5.827913669 0
2.36039769 5.827913669 0
2.517012857 5.827913669 0
2.684019625 5.827913669 0
2.862107488 5.827913669 0
3.05201169 5.827913669 0
3.254516261 5.827913669 0
3.470457248 5.827913669 0
3.700726173 5.827913669 0
3.946273713 5.827913669 0
4.208113622 5.827913669 0
4.487326917 5.827913669 0
4.785066343 5.827913669 0
5.10256113 5.827913669 0
5.44112207 5.827913669 0
5.802146928 5.827913669 0
6.18712621 5.827913669 0
6.597649321 5.827913669 0
7.035411124 5.827913669 0
7.502218938 5.827913669 0
8 5.827913669 0

0.05 5.870935252 1
0.05331755889 5.870935252 1
0.05685524171 5.870935252 1
0.06062765396 5.870935252 1
0.06465037021 5.870935252 1
0.06893999841 5.870935252 1
0.0735142485 5.870935252 1
0.07839200547 5.870935252 1
0.08359340736 5.870935252 1
0.08913992839 5.870935252 1
0.09505446762 5.870935252 1
0.1013614435 5.870935252 1
0.1080868946 5.870935252 1
0.1152585874 5.870935252 1
0.1229061304 5.870935252 1
0.1310610969 5.870935252 1
0.1397571551 5.870935252 1
0.1490302069 5.870935252 1
0.1589185367 5.870935252 1
0.1694629687 5.870935252 1
0.1807070363 5.870935252 1
0.192697161 5.870935252 1
0.2054828445 5.870935252 1
0.2191168733 5.870935252 1
0.2336555359 5.870935252 1
0.2491588559 5.870935252 1
0.2656908394 5.870935252 1
0.2833197395 5.870935252 0
0.3021183379 5.870935252 0
0.3221642455 5.870935252 0
0.3435402226 5.870935252 0
0.3663345209 5.870935252 0
0.3906412479 5.870935252 0
0.4165607547 5.870935252 0
0.4442000514 5.870935252 0
0.473673248 5.870935252 0
0.5051020258 5.870935252 0
0.5386161401 5.870935252 0
0.5743539554 5.870935252 0
0.6124630168 5.870935252 0
0.6531006592 5.870935252 0
0.6964346572 5.870935252 0
0.7426439169 5.870935252 0
0.7919192154 5.870935252 0
0.844463988 5.870935252 0
0.9004951682 5.870935252 0
0.9602440832 5.870935252 0
1.023957409 5.870935252 0
1.091898189 5.870935252 0
1.16434692 5.870935252 0
1.241602709 5.870935252 0
1.323984511 5.870935252 0
1.411832443 5.870935252 0
1.505509188 5.870935252 0
1.605401496 5.870935252 0
1.711921776 5.870935252 0
1.825509802 5.870935252 0
1.946634528 5.870935252 0
2.075796021 5.870935252 0
2.213527532 5.870935252 0
2.36039769 5.870935252 0
2.517012857 5.870935252 0
2.684019625 5.870935252 0
2.862107488 5.870935252 0
3.05201169 5.870935252 0
3.254516261 5.870935252 0
3.470457248 5.870935252 0
3.700726173 5.870935252 0
3.946273713 5.870935252 0
4.208113622 5.870935252 0
4.487326917 5.870935252 0
4.785066343 5.870935252 0
5.10256113 5.870935252 0
5.44112207 5.870935252 0
5.802146928 5.870935252 0
6.18712621 5.870935252 0
6.597649321 5.870935252 0
7.035411124 5.870935252 0
7.502218938 5.870935252 0
8 5.870935252 0

0.05 5.913956835 1
0.05331755889 5.913956835 1
0.05685524171 5.913956835 1
0.06062765396 5.913956835 1
0.06465037021 5.913956835 1
0.06893999841 5.913956835 1
0.0735142485 5.913956835 1
0.07839200547 5.913956835 1
0.08359340736 5.913956835 1
0.08913992839 5.913956835 1
0.09505446762 5.913956835 1
0.1013614435 5.913956835 1
0.1080868946 5.913956835 1
0.1152585874 5.913956835 1
0.1229061304 5.913956835 1
0.1310610969 5.913956835 1
0.1397571551 5.913956835 1
0.1490302069 5.913956835 1
0.1589185367 5.913956835 1
0.1694629687 5.913956835 1
0.1807070363 5.913956835 1
0.192697161 5.913956835 1
0.2054828445 5.913956835 1
0.2191168733 5.913956835 1
0.2336555359 5.913956835 1
0.2491588559 5.913956835 1
0.2656908394 5.913956835 1
0.2833197395 5.913956835 0
0.3021183379 5.913956835 0
0.3221642455 5.913956835 0
0.3435402226 5.913956835 0
0.3663345209 5.913956835 0
0.3906412479 5.913956835 0
0.4165607547 5.913956835 0
0.4442000514 5.913956835 0
0.473673248 5.913956835 0
0.5051020258 5.913956835 0
0.5386161401 5.913956835 0
0.5743539554 5.913956835 0
0.6124630168 5.913956835 0
0.6531006592 5.913956835 0
0.6964346572 5.913956835 0
0.7426439169 5.913956835 0
0.7919192154 5.913956835 0
0.844463988 5.913956835 0
0.9004951682 5.913956835 0
0.9602440832 5.913956835 0
1.023957409 5.913956835 0
1.091898189 5.913956835 0
1.16434692 5.913956835 0
1.241602709 5.913956835 0
1.323984511 5.913956835 0
1.411832443 5.913956835 0
1.505509188 5.913956835 0
1.605401496 5.913956835 0
1.711921776 5.913956835 0
1.825509802 5.913956835 0
1.946634528 5.913956835 0
2.075796021 5.913956835 0
2.213527532 5.913956835 0
2.36039769 5.913956835 0
2.517012857 5.913956835 0
2.684019625 5.913956835 0
2.862107488 5.913956835 0
3.05201169 5.913956835 0
3.254516261 5.913956835 0
3.470457248 5.913956835 0
3.700726173 5.913956835 0
3.946273713 5.913956835 0
4.208113622 5.913956835 0
4.487326917 5.913956835 0
4.785066343 5.913956835 0
5.10256113 5.913956835 0
5.44112207 5.913956835 0
5.802146928 5.913956835 0
6.18712621 5.913956835 0
6.597649321 5.913956835 0
7.035411124 5.913956835 0
7.502218938 5.913956835 0
8 5.913956835 0

0.05 5.956978417 1
0.05331755889 5.956978417 1
0.05685524171 5.956978417 1
0.06062765396 5.956978417 1
0.06465037021 5.956978417 1
0.06893999841 5.956978417 1
0.0735142485 5.956978417 1
0.07839200547 5.956978417 1
0.08359340736 5.956978417 1
0.08913992839 5.956978417 1
0.09505446762 5.956978417 1
0.1013614435 5.956978417 1
0.1080868946 5.956978417 1
0.1152585874 5.956978417 1
0.1229061304 5.956978417 1
0.1310610969 5.956978417 1
0.1397571551 5.956978417 1
0.1490302069 5.956978417 1
0.1589185367 5.956978417 1
0.1694629687 5.956978417 1
0.1807070363 5.956978417 1
0.192697161 5.956978417 1
0.2054828445 5.956978417 1
0.2191168733 5.956978417 1
0.2336555359 5.956978417 1
0.2491588559 5.956978417 1
0.2656908394 5.956978417 1
0.2833197395 5.956978417 0
0.3021183379 5.956978417 0
0.3221642455 5.956978417 0
0.3435402226 5.956978417 0
0.3663345209 5.956978417 0
0.3906412479 5.956978417 0
0.4165607547 5.956978417 0
0.4442000514 5.956978417 0
0.473673248 5.956978417 0
0.5051020258 5.956978417 0
0.5386161401 5.956978417 0
0.5743539554 5.956978417 0
0.6124630168 5.956978417 0
0.6531006592 5.956978417 0
0.6964346572 5.956978417 0
0.7426439169 5.956978417 0
0.7919192154 5.956978417 0
0.844463988 5.956978417 0
0.9004951682 5.956978417 0
0.9602440832 5.956978417 0
1.023957409 5.956978417 0
1.091898189 5.956978417 0
1.16434692 5.956978417 0
1.241602709 5.956978417 0
1.323984511 5.956978417 0
1.411832443 5.956978417 0
1.505509188 5.956978417 0
1.605401496 5.956978417 0
1.711921776 5.956978417 0
1.825509802 5.956978417 0
1.946634528 5.956978417 0
2.075796021 5.956978417 0
2.213527532 5.956978417 0
2.36039769 5.956978417 0
2.517012857 5.956978417 0
2.684019625 5.956978417 0
2.862107488 5.956978417 0
3.05201169 5.956978417 0
3.254516261 5.956978417 0
3.470457248 5.956978417 0
3.700726173 5.956978417 0
3.946273713 5.956978417 0
4.208113622 5.956978417 0
4.487326917 5.956978417 0
4.785066343 5.956978417 0
5.10256113 5.956978417 0
5.44112207 5.956978417 0
5.802146928 5.956978417 0
6.18712621 5.956978417 0
6.597649321 5.956978417 0
7.035411124 5.956978417 0
7.502218938 5.956978417 0
8 5.956978417 0

0.05 6 1
0.05331755889 6 1
0.05685524171 6 1
0.06062765396 6 1
0.06465037021 6 1
0.06893999841 6 1
0.0735142485 6 1
0.07839200547 6 1
0.08359340736 6 1
0.08913992839 6 1
0.09505446762 6 1
0.1013614435 6 1
0.1080868946 6 1
0.1152585874 6 1
0.1229061304 6 1
0.1310610969 6 1
0.1397571551 6 1
0.1490302069 6 1
0.1589185367 6 1
0.1694629687 6 1
0.1807070363 6 1
0.192697161 6 1
0.2054828445 6 1
0.2191168733 6 1
0.2336555359 6 1
0.2491588559 6 1
0.2656908394 6 1
0.2833197395 6 0
0.3021183379 6 0
0.3221642455 6 0
0.3435402226 6 0
0.3663345209 6 0
0.3906412479 6 0
0.4165607547 6 0
0.4442000514 6 0
0.473673248 6 0
0.5051020258 6 0
0.5386161401 6 0
0.5743539554 6 0
0.6124630168 6 0
0.6531006592 6 0
0.6964346572 6 0
0.7426439169 6 0
0.7919192154 6 0
0.844463988 6 0
0.9004951682 6 0
0.9602440832 6 0
1.023957409 6 0
1.091898189 6 0
1.16434692 6 0
1.241602709 6 0
1.323984511 6 0
1.411832443 6 0
1.505509188 6 0
1.605401496 6 0
1.711921776 6 0
1.825509802 6 0
1.946634528 6 0
2.075796021 6 0
2.213527532 6 0
2.36039769 6 0
2.517012857 6 0
2.684019625 6 0
2.862107488 6 0
3.05201169 6 0
3.254516261 6 0
3.470457248 6 0
3.700726173 6 0
3.946273713 6 0
4.208113622 6 0
4.487326917 6 0
4.785066343 6 0
5.10256113 6 0
5.44112207 6 0
5.802146928 6 0
6.18712621 6 0
6.597649321 6 0
7.035411124 6 0
7.502218938 6 0
8 6 0

