# Experiment 2a -- Ebola parameter set of Table 1 at several
# delays.  R0 = 2.00 in every column; only tau differs.
t I0 S0 I1 S1 I5 S5 I10 S10 I20 S20 I30 S30
0 1e-06 0.999999 1e-06 0.999999 1e-06 0.999999 1e-06 0.999999 1e-06 0.999999 1e-06 0.999999
0.65 1.066642778e-06 0.9999988661 1.062780631e-06 0.99999887 1.062780631e-06 0.99999887 1.062780631e-06 0.99999887 1.062780631e-06 0.99999887 1.062780631e-06 0.99999887
1.3 1.137726795e-06 0.9999987232 1.122642308e-06 0.999998739 1.121619846e-06 0.99999874 1.121619846e-06 0.99999874 1.121619846e-06 0.99999874 1.121619846e-06 0.99999874
1.95 1.213548024e-06 0.9999985708 1.185626656e-06 0.9999986009 1.176765091e-06 0.9999986101 1.176765091e-06 0.9999986101 1.176765091e-06 0.9999986101 1.176765091e-06 0.9999986101
2.6 1.294422161e-06 0.9999984083 1.252215509e-06 0.9999984549 1.228448276e-06 0.9999984801 1.228448276e-06 0.9999984801 1.228448276e-06 0.9999984801 1.228448276e-06 0.9999984801
3.25 1.380685941e-06 0.9999982349 1.322531203e-06 0.9999983008 1.276886752e-06 0.9999983501 1.276886752e-06 0.9999983501 1.276886752e-06 0.9999983501 1.276886752e-06 0.9999983501
3.9 1.472698538e-06 0.99999805 1.396797088e-06 0.999998138 1.322284223e-06 0.9999982201 1.322284223e-06 0.9999982201 1.322284223e-06 0.9999982201 1.322284223e-06 0.9999982201
4.55 1.570843061e-06 0.9999978528 1.475233115e-06 0.9999979661 1.364831607e-06 0.9999980902 1.364831607e-06 0.9999980902 1.364831607e-06 0.9999980902 1.364831607e-06 0.9999980902
5.2 1.675528151e-06 0.9999976424 1.558073646e-06 0.9999977846 1.405197961e-06 0.9999979597 1.404707833e-06 0.9999979602 1.404707833e-06 0.9999979602 1.404707833e-06 0.9999979602
5.85 1.787189679e-06 0.999997418 1.645565991e-06 0.9999975928 1.449263735e-06 0.9999978228 1.4420806e-06 0.9999978303 1.4420806e-06 0.9999978303 1.4420806e-06 0.9999978303
6.5 1.906292563e-06 0.9999971787 1.737971364e-06 0.9999973903 1.498023705e-06 0.9999976782 1.477107077e-06 0.9999977003 1.477107077e-06 0.9999977003 1.477107077e-06 0.9999977003
7.15 2.033332703e-06 0.9999969234 1.835565647e-06 0.9999971764 1.550714777e-06 0.9999975264 1.509934565e-06 0.9999975703 1.509934565e-06 0.9999975703 1.509934565e-06 0.9999975703
7.8 2.168839045e-06 0.9999966511 1.938640213e-06 0.9999969505 1.606651169e-06 0.9999973678 1.540701118e-06 0.9999974404 1.540701118e-06 0.9999974404 1.540701118e-06 0.9999974404
8.45 2.313375783e-06 0.9999963606 2.047502795e-06 0.9999967119 1.665217713e-06 0.9999972028 1.569536124e-06 0.9999973104 1.569536124e-06 0.9999973104 1.569536124e-06 0.9999973104
9.1 2.467544707e-06 0.9999960508 2.162478407e-06 0.9999964599 1.725863691e-06 0.9999970318 1.596560846e-06 0.9999971805 1.596560846e-06 0.9999971805 1.596560846e-06 0.9999971805
9.75 2.63198771e-06 0.9999957203 2.283910312e-06 0.9999961937 1.788097169e-06 0.9999968553 1.621888936e-06 0.9999970505 1.621888936e-06 0.9999970505 1.621888936e-06 0.9999970505
10.4 2.807389461e-06 0.9999953678 2.412161048e-06 0.9999959126 1.851537365e-06 0.9999966735 1.647368118e-06 0.9999969188 1.645626909e-06 0.9999969206 1.645626909e-06 0.9999969206
11.05 2.994480249e-06 0.9999949919 2.547613508e-06 0.9999956158 1.916431596e-06 0.999996486 1.678577592e-06 0.9999967795 1.667874594e-06 0.9999967906 1.667874594e-06 0.9999967906
11.7 3.194039033e-06 0.9999945909 2.690672086e-06 0.9999953022 1.983288815e-06 0.9999962923 1.715141024e-06 0.9999966326 1.688725553e-06 0.9999966607 1.688725553e-06 0.9999966607
12.35 3.406896673e-06 0.9999941631 2.841763884e-06 0.9999949711 2.052493374e-06 0.9999960919 1.756263149e-06 0.9999964787 1.708267472e-06 0.9999965307 1.708267472e-06 0.9999965307
13 3.633939399e-06 0.9999937069 3.001339984e-06 0.9999946214 2.124317965e-06 0.9999958842 1.801227457e-06 0.9999963181 1.726582536e-06 0.9999964008 1.726582536e-06 0.9999964008
13.65 3.876112494e-06 0.9999932202 3.169876795e-06 0.999994252 2.198939621e-06 0.999995669 1.849389434e-06 0.9999961512 1.743747765e-06 0.9999962709 1.743747765e-06 0.9999962709
14.3 4.134424227e-06 0.9999927011 3.347877478e-06 0.9999938619 2.276453924e-06 0.9999954459 1.900170349e-06 0.9999959785 1.759835349e-06 0.9999961409 1.759835349e-06 0.9999961409
14.95 4.409950057e-06 0.9999921474 3.535873447e-06 0.9999934498 2.35688761e-06 0.9999952148 1.953051537e-06 0.9999958004 1.774912942e-06 0.999996011 1.774912942e-06 0.999996011
15.6 4.703837103e-06 0.9999915569 3.73442595e-06 0.9999930147 2.440216112e-06 0.9999949755 2.007569131e-06 0.9999956171 1.789043952e-06 0.9999958811 1.789043952e-06 0.9999958811
16.25 5.01730892e-06 0.9999909269 3.944127753e-06 0.9999925551 2.526432591e-06 0.9999947277 2.063309232e-06 0.999995429 1.802287807e-06 0.9999957512 1.802287807e-06 0.9999957512
16.9 5.351670593e-06 0.999990255 4.165604902e-06 0.9999920697 2.615593024e-06 0.9999944713 2.119903461e-06 0.9999952364 1.814700202e-06 0.9999956212 1.814700202e-06 0.9999956212
17.55 5.708314165e-06 0.9999895383 4.399518593e-06 0.999991557 2.707800496e-06 0.999994206 2.177024874e-06 0.9999950396 1.826333338e-06 0.9999954913 1.826333338e-06 0.9999954913
18.2 6.088724436e-06 0.9999887739 4.646567149e-06 0.9999910156 2.803187894e-06 0.9999939314 2.234384213e-06 0.9999948388 1.837236137e-06 0.9999953614 1.837236137e-06 0.9999953614
18.85 6.494485136e-06 0.9999879585 4.907488101e-06 0.9999904438 2.90190373e-06 0.9999936471 2.291726461e-06 0.9999946343 1.84745445e-06 0.9999952315 1.84745445e-06 0.9999952315
19.5 6.92728552e-06 0.9999870888 5.183060388e-06 0.9999898398 3.004100671e-06 0.9999933529 2.348827685e-06 0.9999944263 1.857031249e-06 0.9999951016 1.857031249e-06 0.9999951016
20.15 7.388927396e-06 0.9999861611 5.474106684e-06 0.999989202 3.109926412e-06 0.9999930482 2.405497023e-06 0.9999942151 1.866301864e-06 0.9999949713 1.86600681e-06 0.9999949716
20.8 7.881332621e-06 0.9999851716 5.781495855e-06 0.9999885283 3.219517234e-06 0.9999927328 2.461929646e-06 0.9999940004 1.880825001e-06 0.9999948351 1.874418878e-06 0.9999948417
21.45 8.4065511e-06 0.9999841162 6.106145546e-06 0.9999878168 3.332999345e-06 0.9999924062 2.518847695e-06 0.9999937816 1.901934347e-06 0.9999946912 1.882302831e-06 0.9999947118
22.1 8.966769315e-06 0.9999829904 6.449024923e-06 0.9999870653 3.450496867e-06 0.9999920681 2.576876785e-06 0.9999935579 1.928745684e-06 0.9999945399 1.889691822e-06 0.9999945819
22.75 9.56431942e-06 0.9999817896 6.811157568e-06 0.9999862717 3.57213825e-06 0.9999917181 2.636504997e-06 0.9999933288 1.960459856e-06 0.9999943818 1.896616928e-06 0.999994452
23.4 1.020168895e-05 0.9999805088 7.193624527e-06 0.9999854334 3.698060054e-06 0.9999913558 2.69810126e-06 0.9999930938 1.996355579e-06 0.9999942174 1.90310727e-06 0.9999943221
24.05 1.088153115e-05 0.9999791427 7.59756754e-06 0.9999845482 3.828408657e-06 0.9999909806 2.761931754e-06 0.9999928525 2.03578281e-06 0.9999940469 1.909190143e-06 0.9999941922
24.7 1.160667604e-05 0.9999776855 8.024192446e-06 0.9999836132 3.963340369e-06 0.9999905923 2.828174496e-06 0.9999926046 2.078156643e-06 0.9999938709 1.914891129e-06 0.9999940623
25.35 1.238014217e-05 0.9999761312 8.474772783e-06 0.9999826257 4.103020348e-06 0.9999901903 2.896932315e-06 0.9999923497 2.122951697e-06 0.9999936895 1.920234203e-06 0.9999939324
26 1.320514918e-05 0.9999744733 8.950653584e-06 0.9999815827 4.247620725e-06 0.9999897742 2.968244354e-06 0.9999920878 2.169696944e-06 0.9999935033 1.925241834e-06 0.9999938025
26.65 1.408513119e-05 0.999972705 9.453255393e-06 0.9999804812 4.397318846e-06 0.9999893434 3.042096252e-06 0.9999918186 2.217970955e-06 0.9999933124 1.929935083e-06 0.9999936726
27.3 1.502375106e-05 0.9999708188 9.984078502e-06 0.9999793179 4.55229652e-06 0.9999888974 3.118429138e-06 0.999991542 2.267397532e-06 0.9999931172 1.934333686e-06 0.9999935428
27.95 1.602491566e-05 0.9999688069 1.054470743e-05 0.9999780892 4.712740173e-06 0.9999884356 3.197147548e-06 0.999991258 2.317641685e-06 0.999992918 1.938456141e-06 0.9999934129
28.6 1.709279211e-05 0.999966661 1.113681563e-05 0.9999767915 4.878841511e-06 0.9999879576 3.278126386e-06 0.9999909665 2.368405945e-06 0.9999927149 1.942319786e-06 0.999993283
29.25 1.823182505e-05 0.999964372 1.176217052e-05 0.999975421 5.050798397e-06 0.9999874628 3.361217024e-06 0.9999906676 2.419426971e-06 0.9999925083 1.945940868e-06 0.9999931531
29.9 1.944675521e-05 0.9999619306 1.242263872e-05 0.9999739735 5.228815712e-06 0.9999869505 3.446252615e-06 0.9999903613 2.470472436e-06 0.9999922983 1.949334615e-06 0.9999930232
30.55 2.074263901e-05 0.9999593265 1.312019163e-05 0.9999724447 5.413106048e-06 0.9999864201 3.533057445e-06 0.9999900476 2.521338174e-06 0.9999920852 1.955675965e-06 0.9999928901
31.2 2.212486967e-05 0.9999565488 1.385691131e-05 0.9999708301 5.60389014e-06 0.9999858711 3.621505853e-06 0.9999897266 2.571845558e-06 0.9999918692 1.969259656e-06 0.9999927491
31.85 2.359919957e-05 0.9999535861 1.463499669e-05 0.9999691249 5.801397035e-06 0.9999853027 3.711568562e-06 0.9999893982 2.621839098e-06 0.9999916504 1.989195252e-06 0.9999926006
32.5 2.517176417e-05 0.9999504259 1.545677014e-05 0.9999673239 6.005864146e-06 0.9999847143 3.803293876e-06 0.9999890622 2.671184238e-06 0.9999914291 2.014631657e-06 0.9999924452
33.15 2.684910748e-05 0.9999470552 1.632468436e-05 0.9999654217 6.2175373e-06 0.9999841052 3.896785913e-06 0.9999887184 2.719765346e-06 0.9999912053 2.044799601e-06 0.9999922832
33.8 2.863820929e-05 0.9999434598 1.724132973e-05 0.9999634128 6.436670857e-06 0.9999834745 3.992186474e-06 0.9999883666 2.767483861e-06 0.9999909793 2.079004729e-06 0.999992115
34.45 3.054651409e-05 0.9999396249 1.820944201e-05 0.9999612911 6.663527935e-06 0.9999828217 4.089660075e-06 0.9999880065 2.814256611e-06 0.9999907512 2.116621217e-06 0.9999919411
35.1 3.258196206e-05 0.9999355345 1.92319105e-05 0.9999590502 6.89838072e-06 0.9999821458 4.189381713e-06 0.9999876377 2.860014267e-06 0.999990521 2.157085911e-06 0.9999917618
35.75 3.475302199e-05 0.9999311716 2.031178668e-05 0.9999566835 7.141510855e-06 0.9999814462 4.291527004e-06 0.9999872599 2.904699932e-06 0.999990289 2.19989292e-06 0.9999915774
36.4 3.706872644e-05 0.9999265179 2.145229326e-05 0.9999541839 7.393209861e-06 0.9999807219 4.396264353e-06 0.9999868728 2.948267854e-06 0.9999900553 2.244588648e-06 0.9999913883
37.05 3.953870925e-05 0.9999215542 2.265683379e-05 0.999951544 7.653779558e-06 0.999979972 4.503748872e-06 0.999986476 2.990682251e-06 0.9999898199 2.290767222e-06 0.9999911948
37.7 4.217324548e-05 0.9999162598 2.392900286e-05 0.9999487559 7.923532468e-06 0.9999791957 4.614117789e-06 0.9999860693 3.03191624e-06 0.9999895831 2.338066286e-06 0.9999909971
38.35 4.498329407e-05 0.9999106127 2.527259674e-05 0.9999458112 8.202792197e-06 0.9999783921 4.727487116e-06 0.9999856523 3.071950859e-06 0.9999893447 2.386163138e-06 0.9999907955
39 4.798054328e-05 0.9999045893 2.669162472e-05 0.9999427012 8.49189381e-06 0.9999775601 4.843949389e-06 0.9999852247 3.110774181e-06 0.999989105 2.434771178e-06 0.9999905903
39.65 5.117745914e-05 0.9998981646 2.819032108e-05 0.9999394166 8.791184204e-06 0.9999766988 4.96357229e-06 0.9999847863 3.148380501e-06 0.9999888641 2.483636648e-06 0.9999903816
40.3 5.458733715e-05 0.9998913118 2.977315764e-05 0.9999359475 9.101022499e-06 0.9999758072 5.08639803e-06 0.9999843369 3.18479668e-06 0.999988622 2.532535638e-06 0.9999901697
40.95 5.822435734e-05 0.9998840026 3.144485713e-05 0.9999322837 9.42178045e-06 0.9999748841 5.212444788e-06 0.9999838761 3.220558681e-06 0.9999883781 2.581271336e-06 0.9999899548
41.6 6.210364305e-05 0.9998762064 3.321040725e-05 0.9999284142 9.753842887e-06 0.9999739286 5.341715851e-06 0.9999834038 3.256544984e-06 0.9999881318 2.629671513e-06 0.9999897371
42.25 6.624132354e-05 0.9998678908 3.50750755e-05 0.9999243274 1.009760817e-05 0.9999729393 5.474212251e-06 0.9999829198 3.29348196e-06 0.9999878821 2.677586205e-06 0.9999895168
42.9 7.065460075e-05 0.9998590213 3.704442486e-05 0.9999200112 1.04534887e-05 0.9999719152 5.609942192e-06 0.9999824238 3.331947673e-06 0.9999876284 2.724885604e-06 0.999989294
43.55 7.536182051e-05 0.999849561 3.912433037e-05 0.9999154527 1.082191139e-05 0.9999708549 5.748927242e-06 0.9999819156 3.372391163e-06 0.9999873702 2.771458112e-06 0.9999890688
44.2 8.038254841e-05 0.9998394705 4.132099659e-05 0.9999106382 1.12033182e-05 0.9999697574 5.891205912e-06 0.999981395 3.415149684e-06 0.999987107 2.817208569e-06 0.9999888415
44.85 8.573765068e-05 0.9998287079 4.364097607e-05 0.9999055535 1.159816669e-05 0.9999686211 6.036835195e-06 0.9999808617 3.460464062e-06 0.9999868383 2.862056629e-06 0.9999886122
45.5 9.144938046e-05 0.9998172284 4.609118886e-05 0.9999001833 1.200693051e-05 0.9999674448 6.185890516e-06 0.9999803154 3.508492386e-06 0.999986564 2.905935274e-06 0.9999883809
46.15 9.754146967e-05 0.9998049843 4.867894306e-05 0.9998945116 1.243010004e-05 0.999966227 6.338464492e-06 0.9999797558 3.559322166e-06 0.9999862835 2.948789458e-06 0.9999881479
46.8 0.000104039227 0.9997919248 5.141195657e-05 0.9998885215 1.286818293e-05 0.9999649663 6.494664816e-06 0.9999791825 3.612981125e-06 0.9999859969 2.990574867e-06 0.9999879132
47.45 0.0001109696425 0.9997779954 5.429838005e-05 0.9998821951 1.332170471e-05 0.9999636612 6.654611554e-06 0.9999785952 3.669446757e-06 0.9999857039 3.031256789e-06 0.9999876769
48.1 0.0001183614984 0.9997631384 5.734682108e-05 0.9998755136 1.379120942e-05 0.9999623101 6.818434042e-06 0.9999779935 3.728654759e-06 0.9999854044 3.070809085e-06 0.9999874391
48.75 0.0001262454882 0.999747292 6.056636983e-05 0.999868457 1.427726027e-05 0.9999609114 6.986267602e-06 0.999977377 3.790506477e-06 0.9999850983 3.109213243e-06 0.9999872
49.4 0.000134654343 0.9997303904 6.396662599e-05 0.9998610043 1.478044031e-05 0.9999594633 7.158250179e-06 0.9999767453 3.854875437e-06 0.9999847855 3.146457532e-06 0.9999869596
50.05 0.0001436229659 0.9997123634 6.755772731e-05 0.9998531333 1.530135312e-05 0.9999579643 7.33451905e-06 0.999976098 3.921613072e-06 0.9999844662 3.182536218e-06 0.999986718
50.7 0.0001531885757 0.999693136 7.135037968e-05 0.9998448204 1.584062357e-05 0.9999564124 7.515207669e-06 0.9999754347 3.990553728e-06 0.9999841402 3.217448857e-06 0.9999864752
51.35 0.0001633908598 0.9996726285 7.535588893e-05 0.9998360409 1.639889851e-05 0.9999548058 7.70044305e-06 0.999974755 4.061519013e-06 0.9999838077 3.251199657e-06 0.9999862313
52 0.000174272137 0.9996507557 7.958619434e-05 0.9998267686 1.69768476e-05 0.9999531427 7.890344565e-06 0.9999740584 4.134321571e-06 0.9999834686 3.283796892e-06 0.9999859865
52.65 0.0001858775312 0.9996274268 8.405390409e-05 0.9998169759 1.757516408e-05 0.9999514208 8.085024342e-06 0.9999733445 4.20876833e-06 0.9999831231 3.315252377e-06 0.9999857408
53.3 0.000198255156 0.999602545 8.87723326e-05 0.9998066335 1.819456562e-05 0.9999496384 8.284588753e-06 0.9999726129 4.2846633e-06 0.9999827713 3.345580991e-06 0.9999854941
53.95 0.0002114563118 0.999576007 9.375554e-05 0.9997957107 1.883579516e-05 0.9999477931 8.489140529e-06 0.9999718632 4.361809946e-06 0.9999824133 3.374800243e-06 0.9999852467
54.6 0.0002255356951 0.9995477028 9.90183738e-05 0.9997841748 1.949962184e-05 0.9999458827 8.698781157e-06 0.999971095 4.440013201e-06 0.9999820491 3.402929887e-06 0.9999849984
55.25 0.0002405516222 0.9995175149 0.0001045765128 0.9997719914 2.018684184e-05 0.9999439051 8.913613278e-06 0.9999703078 4.519081157e-06 0.999981679 3.429991568e-06 0.9999847495
55.9 0.0002565662665 0.9994853182 0.0001104465136 0.9997591243 2.089827944e-05 0.9999418577 9.133742906e-06 0.9999695011 4.598826467e-06 0.9999813031 3.456008508e-06 0.9999844999
56.55 0.0002736459121 0.9994509793 0.0001166458595 0.9997455352 2.163478791e-05 0.9999397382 9.359281338e-06 0.9999686745 4.679067492e-06 0.9999809214 3.481005222e-06 0.9999842497
57.2 0.0002918612225 0.9994143557 0.0001231930121 0.9997311834 2.239725061e-05 0.9999375441 9.590346661e-06 0.9999678276 4.75962923e-06 0.9999805342 3.505007266e-06 0.9999839988
57.85 0.0003112875277 0.9993752959 0.0001301074661 0.9997160263 2.318658199e-05 0.9999352725 9.827064818e-06 0.9999669598 4.840344041e-06 0.9999801417 3.528041007e-06 0.9999837474
58.5 0.0003320051295 0.999333638 0.0001374098065 0.9997000187 2.400372871e-05 0.999932921 1.006957021e-05 0.9999660707 4.921052214e-06 0.9999797439 3.550133423e-06 0.9999834955
59.15 0.0003540996257 0.9992892096 0.0001451217699 0.9996831128 2.484967077e-05 0.9999304865 1.031800586e-05 0.9999651597 5.00160237e-06 0.999979341 3.57131192e-06 0.9999832431
59.8 0.0003776622558 0.9992418269 0.0001532663079 0.9996652585 2.572542271e-05 0.9999279663 1.057252311e-05 0.9999642263 5.081851748e-06 0.9999789332 3.591604173e-06 0.9999829903
60.45 0.0004027902682 0.9991912939 0.0001618676556 0.9996464023 2.663203476e-05 0.9999253573 1.083328098e-05 0.9999632698 5.16166872e-06 0.9999785206 3.611116866e-06 0.9999827369
61.1 0.0004295873109 0.9991374015 0.000170951402 0.9996264883 2.757059418e-05 0.9999226563 1.110044515e-05 0.9999622898 5.240978143e-06 0.9999781034 3.630563027e-06 0.9999824824
61.75 0.0004581638468 0.9990799272 0.0001805445663 0.9996054571 2.854222648e-05 0.9999198601 1.137418666e-05 0.9999612857 5.319815737e-06 0.9999776815 3.65081362e-06 0.9999822258
62.4 0.0004886375953 0.9990186335 0.0001906756765 0.9995832461 2.954809683e-05 0.9999169654 1.165468068e-05 0.9999602568 5.398310852e-06 0.9999772549 3.672573182e-06 0.9999819663
63.05 0.0005211340012 0.9989532673 0.0002013748539 0.9995597892 3.058941142e-05 0.9999139687 1.19421053e-05 0.9999592025 5.476661378e-06 0.9999768233 3.696399231e-06 0.9999817032
63.7 0.0005557867337 0.9988835591 0.000212673901 0.9995350166 3.166741892e-05 0.9999108664 1.223664074e-05 0.9999581222 5.555112708e-06 0.9999763866 3.722721425e-06 0.999981436
64.35 0.0005927382153 0.9988092212 0.0002246063951 0.9995088546 3.278341196e-05 0.9999076548 1.253846875e-05 0.9999570152 5.633940243e-06 0.9999759443 3.75185868e-06 0.9999811643
65 0.0006321401843 0.9987299474 0.0002372077865 0.9994812253 3.39387287e-05 0.99990433 1.284777242e-05 0.9999558809 5.713434977e-06 0.9999754963 3.784034435e-06 0.9999808874
65.65 0.0006741542919 0.9986454113 0.0002505155022 0.9994520466 3.513475439e-05 0.999900888 1.316473629e-05 0.9999547185 5.793891751e-06 0.9999750421 3.819390245e-06 0.9999806052
66.3 0.0007189527348 0.998555265 0.0002645690557 0.9994212317 3.637292308e-05 0.9998973247 1.348954674e-05 0.9999535275 5.875599813e-06 0.9999745813 3.857997866e-06 0.9999803174
66.95 0.0007667189277 0.9984591378 0.0002794101617 0.999388689 3.765471929e-05 0.9998936359 1.382239254e-05 0.999952307 5.958835367e-06 0.9999741137 3.899869973e-06 0.9999800236
67.6 0.0008176482153 0.9983566349 0.0002950828583 0.9993543218 3.898167982e-05 0.9998898171 1.416346558e-05 0.9999510565 6.043855817e-06 0.9999736389 3.944969656e-06 0.9999797238
68.25 0.0008719486274 0.9982473354 0.000311633635 0.9993180278 4.035539556e-05 0.9998858637 1.451296168e-05 0.999949775 6.130895473e-06 0.9999731564 3.993218801e-06 0.9999794179
68.9 0.0009298416788 0.9981307912 0.000329111568 0.9992796995 4.17775134e-05 0.9998817711 1.487108143e-05 0.999948462 6.220162475e-06 0.999972666 4.04450548e-06 0.9999791056
69.55 0.0009915632166 0.998006525 0.0003475684623 0.9992392228 4.324973822e-05 0.9998775341 1.523803092e-05 0.9999471165 6.311836771e-06 0.9999721673 4.098690446e-06 0.999978787
70.2 0.001057364317 0.9978740281 0.0003670590026 0.9991964776 4.477383489e-05 0.999873148 1.561402248e-05 0.9999457379 6.406068948e-06 0.99997166 4.15561282e-06 0.9999784621
70.85 0.001127512231 0.9977327591 0.0003876409109 0.999151337 4.635163042e-05 0.9998686072 1.599927519e-05 0.9999443253 6.502979799e-06 0.9999711438 4.215095064e-06 0.9999781308
71.5 0.001202291394 0.9975821413 0.0004093751135 0.9991036672 4.798501611e-05 0.9998639064 1.63940153e-05 0.9999428778 6.602660468e-06 0.9999706185 4.276947298e-06 0.9999777932
72.15 0.001282004475 0.9974215607 0.0004323259168 0.9990533266 4.967594983e-05 0.99985904 1.679847639e-05 0.9999413946 6.705173086e-06 0.9999700838 4.340971052e-06 0.9999774493
72.8 0.001366973503 0.9972503635 0.0004565611921 0.9990001662 5.142645836e-05 0.9998540022 1.721289945e-05 0.9999398749 6.810551789e-06 0.9999695394 4.406962493e-06 0.9999770993
73.45 0.001457541044 0.9970678539 0.0004821525705 0.9989440282 5.323863979e-05 0.9998487868 1.763753272e-05 0.9999383177 6.918804023e-06 0.9999689852 4.474715194e-06 0.9999767431
74.1 0.001554071443 0.9968732912 0.0005091756486 0.9988847464 5.511466606e-05 0.9998433877 1.807263152e-05 0.9999367221 7.029912096e-06 0.9999684211 4.544022501e-06 0.9999763809
74.75 0.001656952136 0.9966658871 0.0005377102039 0.9988221452 5.705678551e-05 0.9998377983 1.851845797e-05 0.9999350871 7.143834881e-06 0.9999678468 4.61467952e-06 0.9999760129
75.4 0.001766595025 0.996444803 0.0005678404226 0.9987560394 5.906732562e-05 0.999832012 1.897528075e-05 0.9999334118 7.260509638e-06 0.9999672623 4.686484805e-06 0.999975639
76.05 0.001883437931 0.9962091465 0.0005996551392 0.9986862334 6.114869572e-05 0.9998260217 1.944337488e-05 0.9999316952 7.379853906e-06 0.9999666674 4.759241737e-06 0.9999752595
76.7 0.002007946108 0.9959579685 0.000633248088 0.9986125207 6.330338993e-05 0.9998198205 1.992302152e-05 0.9999299362 7.501767427e-06 0.9999660622 4.832759669e-06 0.9999748745
77.35 0.002140613843 0.9956902597 0.0006687181684 0.9985346835 6.553399011e-05 0.9998134007 2.041450796e-05 0.9999281339 7.626134071e-06 0.9999654464 4.906854836e-06 0.9999744842
78 0.002281966119 0.9954049467 0.0007061697234 0.9984524919 6.784316893e-05 0.9998067548 2.091812761e-05 0.999926287 7.752823738e-06 0.9999648202 4.981351085e-06 0.9999740886
78.65 0.002432560369 0.9951008887 0.0007457128329 0.9983657033 7.023369306e-05 0.9997998747 2.143418012e-05 0.9999243946 7.881694216e-06 0.9999641836 5.056080421e-06 0.9999736879
79.3 0.002592988289 0.994776873 0.0007874636216 0.9982740616 7.270842651e-05 0.9997927522 2.196297162e-05 0.9999224555 8.012592974e-06 0.9999635364 5.13088341e-06 0.9999732823
79.95 0.002763877741 0.9944316111 0.000831544583 0.9981772968 7.527033397e-05 0.9997853788 2.2504815e-05 0.9999204685 8.145358891e-06 0.9999628788 5.205609457e-06 0.9999728719
80.6 0.00294589473 0.9940637345 0.0008780849195 0.9980751237 7.792248442e-05 0.9997777455 2.30600303e-05 0.9999184326 8.279824089e-06 0.9999622109 5.280116967e-06 0.9999724569
81.25 0.003139745447 0.9936717893 0.0009272208997 0.9979672415 8.066805475e-05 0.9997698434 2.362894509e-05 0.9999163464 8.415819712e-06 0.9999615326 5.354273413e-06 0.9999720374
81.9 0.003346178396 0.9932542326 0.0009790962336 0.9978533331 8.351033353e-05 0.9997616629 2.421189494e-05 0.9999142087 8.553188783e-06 0.9999608441 5.427955319e-06 0.9999716136
82.55 0.003565986581 0.9928094263 0.001033862466 0.9977330636 8.645272498e-05 0.9997531941 2.480922378e-05 0.9999120183 8.691797931e-06 0.9999601454 5.501048182e-06 0.9999711857
83.2 0.003800009763 0.9923356327 0.001091679392 0.9976060799 8.949875297e-05 0.999744427 2.542128438e-05 0.9999097739 8.831545196e-06 0.9999594365 5.573446321e-06 0.9999707537
83.85 0.004049136774 0.9918310087 0.001152715484 0.9974720094 9.265206523e-05 0.9997353511 2.604843862e-05 0.9999074741 8.9723646e-06 0.9999587174 5.645052694e-06 0.9999703178
84.5 0.004314307881 0.9912936001 0.001217148356 0.9973304594 9.591643773e-05 0.9997259554 2.669105787e-05 0.9999051175 9.114228129e-06 0.9999579881 5.715778664e-06 0.9999698782
85.15 0.004596517194 0.9907213361 0.001285165229 0.9971810153 9.929577912e-05 0.9997162288 2.734952319e-05 0.9999027029 9.257145699e-06 0.9999572485 5.785543731e-06 0.999969435
85.8 0.004896815105 0.990112023 0.001356963436 0.9970232403 0.0001027941354 0.9997061595 2.802422559e-05 0.9999002287 9.401163574e-06 0.9999564985 5.854275252e-06 0.9999689883
86.45 0.005216310741 0.9894633381 0.001432750944 0.9968566735 0.0001064156948 0.9996957355 2.871556612e-05 0.9998976934 9.546361638e-06 0.9999557379 5.921908122e-06 0.9999685383
87.1 0.005556174427 0.9887728233 0.001512746895 0.9966808289 0.0001101647925 0.9996849443 2.942395612e-05 0.9998950956 9.692849849e-06 0.9999549666 5.988384457e-06 0.9999680852
87.75 0.005917640119 0.9880378786 0.001597182182 0.9964951944 0.0001140459162 0.999673773 3.014981722e-05 0.9998924338 9.840764138e-06 0.9999541843 6.053653257e-06 0.9999676289
88.4 0.006302007806 0.9872557557 0.001686300044 0.9962992298 0.0001180637112 0.9996622082 3.089358157e-05 0.9998897062 9.990261998e-06 0.9999533907 6.117670067e-06 0.9999671697
89.05 0.006710645845 0.9864235507 0.001780356686 0.9960923659 0.0001222229859 0.999650236 3.165569189e-05 0.9998869114 1.014151792e-05 0.9999525856 6.180396634e-06 0.9999667077
89.7 0.007144993195 0.9855381982 0.001879621934 0.9958740026 0.0001265287173 0.9996378421 3.243660166e-05 0.9998840477 1.029471885e-05 0.9999517687 6.241800558e-06 0.999966243
90.35 0.007606561526 0.9845964638 0.001984379907 0.9956435076 0.0001309860577 0.9996250117 3.323677531e-05 0.9998811133 1.045005973e-05 0.9999509397 6.301855966e-06 0.9999657758
91 0.008096937153 0.9835949378 0.002094929728 0.9954002146 0.0001356003398 0.9996117294 3.40566884e-05 0.9998781065 1.060773926e-05 0.9999500981 6.360578378e-06 0.999965306
91.65 0.008617782762 0.9825300282 0.002211586255 0.9951434215 0.0001403770837 0.9995979793 3.48968279e-05 0.9998750256 1.076795599e-05 0.9999492437 6.418087441e-06 0.9999648336
92.3 0.009170838866 0.9813979547 0.002334680847 0.9948723889 0.0001453220032 0.9995837449 3.575769248e-05 0.9998718686 1.093090456e-05 0.999948376 6.47459636e-06 0.9999643586
92.95 0.009757924937 0.9801947421 0.002464562157 0.9945863377 0.0001504410127 0.9995690092 3.663979285e-05 0.9998686338 1.109677252e-05 0.9999474948 6.530386021e-06 0.9999638806
93.6 0.01038094016 0.9789162145 0.002601596955 0.9942844475 0.0001557402339 0.9995537545 3.754365206e-05 0.9998653192 1.126573728e-05 0.9999465995 6.585783239e-06 0.9999633994
94.25 0.01104186372 0.9775579899 0.002746170981 0.9939658545 0.0001612260035 0.9995379626 3.846980596e-05 0.9998619228 1.143796362e-05 0.99994569 6.641142677e-06 0.9999629147
94.9 0.01174275456 0.9761154749 0.002898689828 0.9936296494 0.0001669048803 0.9995216146 3.941880352e-05 0.9998584426 1.161360145e-05 0.9999447657 6.696831961e-06 0.999962426
95.55 0.01248575054 0.9745838612 0.003059579852 0.9932748747 0.0001727836532 0.9995046909 4.039120726e-05 0.9998548766 1.179278399e-05 0.9999438264 6.753219558e-06 0.9999619331
96.2 0.01327306681 0.9729581211 0.003229289118 0.9929005232 0.000178869349 0.9994871713 4.138759363e-05 0.9998512226 1.197562631e-05 0.9999428716 6.810665043e-06 0.9999614353
96.85 0.01410699349 0.9712330056 0.003408288365 0.9925055348 0.000185169241 0.9994690347 4.240855344e-05 0.9998474785 1.216222412e-05 0.9999419011 6.869511439e-06 0.9999609324
97.5 0.01498989225 0.969403043 0.003597072001 0.9920887945 0.0001916908574 0.9994502596 4.345469219e-05 0.999843642 1.235265302e-05 0.9999409145 6.930079307e-06 0.9999604239
98.15 0.01592419202 0.9674625383 0.00379615913 0.9916491296 0.0001984419902 0.9994308233 4.452663048e-05 0.999839711 1.254696787e-05 0.9999399115 6.992662354e-06 0.9999599094
98.8 0.01691238339 0.965405575 0.004006094593 0.9911853068 0.0002054307042 0.9994107028 4.562500439e-05 0.9998356829 1.274520261e-05 0.9999388919 7.057524318e-06 0.9999593885
99.45 0.01795701178 0.9632260181 0.004227450037 0.9906960302 0.000212665347 0.9993898738 4.675046579e-05 0.9998315555 1.294737013e-05 0.9999378553 7.124896928e-06 0.9999588607
100.1 0.01906066909 0.9609175189 0.004460825002 0.9901799373 0.0002201545584 0.9993683115 4.790368275e-05 0.9998273263 1.315346254e-05 0.9999368015 7.194978768e-06 0.9999583258
100.75 0.02022598386 0.9584735226 0.004706848022 0.9896355972 0.0002279072807 0.9993459901 4.908533987e-05 0.9998229928 1.336345155e-05 0.9999357304 7.267934896e-06 0.9999577834
101.4 0.02145560955 0.9558872775 0.004966177741 0.9890615065 0.0002359327692 0.999322883 5.029613867e-05 0.9998185523 1.35772894e-05 0.9999346416 7.34389707e-06 0.9999572331
102.05 0.02275221107 0.9531518479 0.005239504034 0.9884560872 0.0002442406032 0.9992989624 5.153679792e-05 0.9998140024 1.37949112e-05 0.999933535 7.422964482e-06 0.9999566747
102.7 0.02411844914 0.9502601292 0.005527549132 0.9878176826 0.000252840697 0.9992741998 5.280805407e-05 0.9998093402 1.401623869e-05 0.9999324105 7.505204884e-06 0.9999561079
103.35 0.02555696256 0.9472048664 0.005831068743 0.9871445546 0.0002617433119 0.9992485656 5.411066164e-05 0.9998045631 1.424118477e-05 0.9999312678 7.590656029e-06 0.9999555324
104 0.02707034815 0.9439786766 0.006150853164 0.9864348803 0.0002709590677 0.9992220291 5.544539363e-05 0.9997996681 1.446965848e-05 0.9999301069 7.679327349e-06 0.999954948
104.65 0.02866113821 0.9405740748 0.006487728372 0.9856867484 0.0002804989557 0.9991945587 5.681304198e-05 0.9997946524 1.470157e-05 0.9999289276 7.771201805e-06 0.9999543546
105.3 0.03033177552 0.9369835041 0.006842557091 0.984898156 0.0002903743514 0.9991661214 5.821441805e-05 0.9997895129 1.49368353e-05 0.9999277298 7.866237854e-06 0.9999537519
105.95 0.0320845857 0.9331993701 0.007216239823 0.984067005 0.0003005970275 0.9991366835 5.965035307e-05 0.9997842467 1.517538043e-05 0.9999265133 7.964371493e-06 0.9999531399
106.6 0.03392174695 0.9292140796 0.007609715822 0.9831910988 0.0003111791681 0.9991062095 6.112169868e-05 0.9997788506 1.541714516e-05 0.999925278 8.065518333e-06 0.9999525183
107.25 0.03584525712 0.9250200846 0.008023964022 0.9822681386 0.0003221333825 0.9990746633 6.262932743e-05 0.9997733215 1.566208605e-05 0.9999240237 8.169575671e-06 0.9999518872
107.9 0.03785689826 0.9206099305 0.00846000387 0.9812957201 0.0003334727204 0.9990420071 6.417413332e-05 0.9997676559 1.591017871e-05 0.9999227502 8.27642455e-06 0.9999512465
108.55 0.03995819862 0.9159763094 0.008918896086 0.9802713303 0.0003452106865 0.9990082019 6.575703237e-05 0.9997618506 1.616141949e-05 0.9999214574 8.385931753e-06 0.9999505961
109.2 0.04215039239 0.9111121184 0.009401743302 0.9791923435 0.0003573612569 0.9989732073 6.737896316e-05 0.9997559022 1.641582642e-05 0.999920145 8.497951754e-06 0.9999499359
109.85 0.04443437739 0.9060105223 0.009909690576 0.9780560189 0.0003699388947 0.9989369817 6.904088742e-05 0.999749807 1.667343952e-05 0.9999188128 8.612328574e-06 0.9999492661
110.5 0.046810671 0.9006650213 0.01044392575 0.9768594968 0.0003829585673 0.9988994817 7.074379059e-05 0.9997435615 1.693432059e-05 0.9999174605 8.728897555e-06 0.9999485865
111.15 0.0492793648 0.8950695225 0.01100567966 0.9755997958 0.0003964357634 0.9988606627 7.248868242e-05 0.999737162 1.719855242e-05 0.9999160877 8.847487046e-06 0.9999478973
111.8 0.05184007845 0.8892184152 0.01159622608 0.9742738103 0.0004103865112 0.9988204783 7.427659757e-05 0.9997306047 1.746623754e-05 0.9999146943 8.967919974e-06 0.9999471985
112.45 0.05449191334 0.8831066498 0.01221688153 0.9728783075 0.0004248273968 0.9987788807 7.610859621e-05 0.9997238856 1.773749663e-05 0.9999132797 9.090015319e-06 0.9999464902
113.1 0.05723340684 0.8767298189 0.01286900473 0.9714099256 0.0004397755835 0.9987358201 7.798576466e-05 0.9997170008 1.801246652e-05 0.9999118438 9.213589485e-06 0.9999457724
113.75 0.06006248783 0.8700842394 0.01355399586 0.9698651716 0.0004552488314 0.9986912454 7.990921598e-05 0.9997099463 1.829129807e-05 0.9999103859 9.338457556e-06 0.9999450452
114.4 0.0629764346 0.8631670362 0.01427329536 0.9682404196 0.0004712655181 0.9986451033 8.188009064e-05 0.9997027177 1.85741537e-05 0.9999089059 9.464434457e-06 0.9999443088
115.05 0.06597183587 0.8559762248 0.01502838251 0.9665319104 0.0004878446596 0.998597339 8.389955718e-05 0.9996953109 1.886120488e-05 0.9999074031 9.591336002e-06 0.9999435633
115.7 0.06904455627 0.8485107916 0.01582077348 0.9647357501 0.0005050059324 0.9985478954 8.596881287e-05 0.9996877215 1.915262955e-05 0.9999058771 9.718979851e-06 0.9999428087
116.35 0.07218970714 0.8407707712 0.01665201896 0.9628479108 0.0005227696959 0.9984967138 8.808908442e-05 0.9996799448 1.944860942e-05 0.9999043276 9.847186362e-06 0.9999420453
117 0.07540162397 0.832757319 0.01752370137 0.9608642309 0.0005411570158 0.9984437332 9.02616287e-05 0.9996719764 1.974932737e-05 0.9999027539 9.975779354e-06 0.9999412732
117.65 0.07867385152 0.824472777 0.01843743134 0.958780417 0.0005601896881 0.9983888905 9.248773344e-05 0.9996638115 2.005496485e-05 0.9999011556 1.010458678e-05 0.9999404925
118.3 0.08199913778 0.8159207311 0.01939484378 0.9565920456 0.0005798902641 0.9983321206 9.476871802e-05 0.9996554453 2.03656994e-05 0.9998995322 1.023344131e-05 0.9999397034
118.95 0.08536943777 0.8071060596 0.02039759319 0.9542945671 0.000600282076 0.9982733558 9.710593425e-05 0.9996468727 2.068170228e-05 0.9998978832 1.036218085e-05 0.999938906
119.6 0.08877592809 0.7980349691 0.02144734821 0.9518833095 0.0006213892635 0.9982125263 9.950076715e-05 0.9996380888 2.100313617e-05 0.999896208 1.049064897e-05 0.9999381006
120.25 0.09220903301 0.7887150187 0.02254578556 0.949353484 0.0006432368011 0.9981495598 0.0001019546358 0.9996290883 2.133015317e-05 0.9998945062 1.061869528e-05 0.9999372873
120.9 0.09565846265 0.7791551289 0.023694583 0.946700192 0.0006658505265 0.9980843815 0.000104468994 0.9996198658 2.166289283e-05 0.9998927773 1.074617686e-05 0.9999364662
121.55 0.0991132636 0.7693655762 0.02489541147 0.9439184328 0.0006892571696 0.9980169139 0.0001070453317 0.9996104159 2.200148048e-05 0.9998910207 1.087296661e-05 0.9999356376
122.2 0.102561882 0.7593579706 0.0261499263 0.9410031133 0.000713484383 0.997947077 0.0001096851749 0.999600733 2.234602592e-05 0.9998892359 1.099896527e-05 0.9999348016
122.85 0.1059922389 0.7491452168 0.02745975743 0.9379490591 0.0007385607727 0.9978747878 0.0001123900876 0.9995908113 2.269662255e-05 0.9998874226 1.112411013e-05 0.9999339583
123.5 0.1093918171 0.7387414583 0.02882649854 0.9347510275 0.0007645159307 0.9977999606 0.000115161672 0.999580645 2.305334721e-05 0.9998855801 1.124838013e-05 0.9999331077
124.15 0.1127477593 0.7281620048 0.03025169516 0.9314037219 0.0007913804675 0.9977225066 0.0001180015699 0.999570228 2.341626057e-05 0.9998837081 1.137179808e-05 0.99993225
124.8 0.1160469754 0.7174232428 0.03173683161 0.9279018089 0.000819186047 0.997642334 0.0001209114631 0.9995595542 2.378540814e-05 0.999881806 1.149443066e-05 0.9999313851
125.45 0.119276258 0.7065425317 0.03328331675 0.9242399364 0.0008479654211 0.9975593477 0.0001238930752 0.9995486172 2.416082185e-05 0.9998798736 1.161638666e-05 0.999930513
126.1 0.122422404 0.6955380847 0.03489246867 0.9204127549 0.0008777524665 0.9974734495 0.0001269481718 0.9995374106 2.454252202e-05 0.9998779102 1.173781396e-05 0.9999296335
126.75 0.1254723411 0.6844288388 0.03656549804 0.9164149403 0.0009085822224 0.9973845377 0.0001300785621 0.9995259276 2.49305197e-05 0.9998759156 1.185889556e-05 0.9999287464
127.4 0.128413256 0.6732343128 0.03830349037 0.9122412195 0.0009404909285 0.997292507 0.0001332860995 0.9995141616 2.532481932e-05 0.9998738892 1.197984498e-05 0.9999278517
128.05 0.1312327215 0.6619744588 0.04010738713 0.9078863976 0.0009735160658 0.9971972486 0.0001365726833 0.9995021054 2.572542143e-05 0.9998718307 1.210090131e-05 0.999926949
128.7 0.1339188225 0.6506695073 0.04197796564 0.9033453888 0.001007696397 0.9970986499 0.0001399402591 0.999489752 2.613232544e-05 0.9998697398 1.222232407e-05 0.999926038
129.35 0.1364602757 0.6393398096 0.04391581804 0.898613248 0.001043072009 0.9969965943 0.0001433908204 0.9994770941 2.654553249e-05 0.9998676158 1.234438802e-05 0.9999251186
130 0.1388465422 0.6280056799 0.04592132919 0.8936852064 0.001079684357 0.9968909613 0.0001469264096 0.9994641242 2.696504802e-05 0.9998654585 1.246737818e-05 0.9999241902
130.65 0.1410679312 0.6166872402 0.04799465382 0.8885567081 0.00111757631 0.9967816262 0.0001505491193 0.9994508344 2.739088427e-05 0.9998632675 1.259158495e-05 0.9999232526
131.3 0.1431156915 0.6054042698 0.0501356929 0.88322345 0.001156792196 0.9966684601 0.0001542610935 0.9994372171 2.782306253e-05 0.9998610422 1.271729959e-05 0.9999223054
131.95 0.1449820908 0.5941760623 0.05234406951 0.8776814227 0.001197377849 0.9965513296 0.0001580645286 0.9994232641 2.826161505e-05 0.9998587823 1.284481003e-05 0.9999213482
132.6 0.1466604802 0.5830212928 0.05461910451 0.8719269543 0.001239380662 0.9964300965 0.000161961675 0.9994089671 2.870658671e-05 0.9998564873 1.297439698e-05 0.9999203806
133.25 0.1481453439 0.5719578954 0.05695979203 0.8659567549 0.001282849634 0.9963046182 0.0001659548384 0.9993943177 2.915803631e-05 0.9998541567 1.31063306e-05 0.9999194021
133.9 0.1494323333 0.5610029547 0.05936477528 0.8597679633 0.001327835422 0.9961747471 0.000170046381 0.9993793072 2.961603748e-05 0.99985179 1.32408674e-05 0.9999184124
134.55 0.1505182848 0.5501726111 0.06183232295 0.853358194 0.0013743904 0.9960403304 0.0001742387229 0.9993639267 3.008067934e-05 0.9998493867 1.337824764e-05 0.999917411
135.2 0.1514012227 0.5394819812 0.06436030652 0.8467255849 0.001422568705 0.9959012102 0.0001785343435 0.9993481671 3.055206667e-05 0.9998469463 1.351869315e-05 0.9999163975
135.85 0.1520803464 0.5289450929 0.0669461789 0.8398688456 0.001472426305 0.9957572231 0.0001829357831 0.999332019 3.103031985e-05 0.9998444682 1.366240552e-05 0.9999153716
136.5 0.1525560037 0.5185748376 0.06958695494 0.8327873045 0.001524021046 0.9956082002 0.0001874456444 0.999315473 3.151557441e-05 0.9998419518 1.380956458e-05 0.9999143327
137.15 0.1528296512 0.5083829358 0.07227919406 0.8254809553 0.001577412722 0.9954539668 0.0001920665936 0.9992985191 3.200798032e-05 0.9998393964 1.39603274e-05 0.9999132806
137.8 0.1529038029 0.4983799185 0.07501898573 0.8179505017 0.00163266313 0.9952943422 0.0001968013626 0.9992811474 3.250770094e-05 0.9998368016 1.411482746e-05 0.9999122148
138.45 0.1527819683 0.4885751222 0.07780193807 0.8101973996 0.001689836138 0.9951291397 0.00020165275 0.9992633475 3.301491181e-05 0.9998341666 1.427317419e-05 0.999911135
139.1 0.1524685824 0.4789766972 0.08062317029 0.8022238965 0.001748997745 0.9949581661 0.000206623623 0.999245109 3.352979912e-05 0.9998314907 1.443545283e-05 0.9999100409
139.75 0.1519689288 0.4695916264 0.0834773093 0.7940330665 0.001810216155 0.9947812216 0.0002117169192 0.999226421 3.405255804e-05 0.9998287732 1.460172445e-05 0.9999089321
140.4 0.1512890571 0.4604257559 0.08635849108 0.7856288411 0.001873561839 0.9945980997 0.0002169356481 0.9992072725 3.45833909e-05 0.9998260134 1.477202626e-05 0.9999078084
141.05 0.1504356975 0.4514838338 0.0892603672 0.7770160342 0.001939107609 0.994408587 0.0002222828928 0.999187652 3.512250519e-05 0.9998232107 1.494637211e-05 0.9999066694
141.7 0.1494161726 0.4427695567 0.09217611701 0.7682003612 0.002006928691 0.9942124626 0.000227761812 0.9991675481 3.567011152e-05 0.9998203641 1.512475313e-05 0.9999055149
142.35 0.1482383096 0.4342856228 0.09509846569 0.7591884509 0.002077102797 0.9940094984 0.0002333756417 0.9991469488 3.62264215e-05 0.999817473 1.530713859e-05 0.9999043447
143 0.1469103525 0.4260337895 0.0980197086 0.7499878497 0.002149710203 0.9937994585 0.000239127697 0.999125842 3.679164564e-05 0.9998145366 1.549347681e-05 0.9999031586
143.65 0.145440877 0.4180149346 0.100931742 0.7406070182 0.002224833824 0.993582099 0.0002450213742 0.999104215 3.736599133e-05 0.999811554 1.568369621e-05 0.9999019564
144.3 0.1438387076 0.4102291201 0.1038261002 0.731055318 0.002302559298 0.9933571679 0.0002510601529 0.9990820552 3.794966102e-05 0.9998085245 1.58777065e-05 0.9999007379
144.95 0.14211284 0.4026756577 0.1066939995 0.7213429906 0.002382975064 0.9931244048 0.0002572475973 0.9990593494 3.854285056e-05 0.9998054472 1.607539983e-05 0.999899503
145.6 0.1402723664 0.3953531733 0.109526388 0.7114811261 0.002466172449 0.9928835402 0.0002635873593 0.9990360842 3.914574787e-05 0.9998023215 1.627665208e-05 0.9998982516
146.25 0.1383264071 0.3882596728 0.1123140015 0.7014816223 0.002552245751 0.9926342961 0.0002700831797 0.9990122459 3.975853196e-05 0.9997991463 1.648132416e-05 0.9998969836
146.9 0.1362840478 0.3813926047 0.1150474254 0.6913571357 0.002641292327 0.9923763849 0.000276738891 0.9989878203 4.03813722e-05 0.999795921 1.668926332e-05 0.999895699
147.55 0.1341542812 0.374748923 0.1177171609 0.6811210215 0.002733412682 0.9921095095 0.0002835584192 0.9989627929 4.101442805e-05 0.9997926446 1.690030447e-05 0.9998943976
148.2 0.1319459566 0.3683251454 0.1203136959 0.6707872665 0.002828710561 0.9918333628 0.0002905457863 0.998937149 4.165784912e-05 0.9997893165 1.71142715e-05 0.9998930795
148.85 0.1296677335 0.3621174106 0.1228275795 0.6603704124 0.002927293042 0.9915476278 0.0002977051125 0.9989108735 4.231177554e-05 0.9997859357 1.733097862e-05 0.9998917447
149.5 0.1273280422 0.3561215315 0.125249498 0.6498854737 0.00302927063 0.9912519766 0.0003050406186 0.9988839508 4.297633873e-05 0.9997825015 1.755023162e-05 0.9998903932
150.15 0.1249350499 0.3503330453 0.1275703533 0.6393478469 0.003134757354 0.9909460709 0.0003125566286 0.9988563649 4.365166238e-05 0.9997790129 1.777182912e-05 0.999889025
150.8 0.1224966319 0.3447472606 0.1297813409 0.6287732163 0.003243870865 0.9906295609 0.0003202575718 0.9988280996 4.433786375e-05 0.9997754693 1.799556384e-05 0.9998876402
151.45 0.1200203479 0.3393593002 0.1318740272 0.618177455 0.003356732537 0.9903020855 0.0003281479859 0.9987991381 4.503505511e-05 0.9997718698 1.822122422e-05 0.999886239
152.1 0.1175134239 0.3341641414 0.133840424 0.607576523 0.003473467569 0.9899632717 0.0003362325189 0.9987694634 4.57433454e-05 0.9997682136 1.844859729e-05 0.9998848213
152.75 0.1149827377 0.329156652 0.1356730604 0.5969863646 0.003594205084 0.9896127343 0.0003445159325 0.9987390579 4.6462842e-05 0.9997644997 1.867747271e-05 0.9998833873
153.4 0.1124348091 0.3243316234 0.1373650491 0.5864228053 0.003719078239 0.9892500756 0.0003530031043 0.9987079037 4.719365249e-05 0.9997607275 1.890764748e-05 0.9998819371
154.05 0.1098757935 0.3196838004 0.1389101479 0.5759014511 0.00384822433 0.9888748849 0.000361699031 0.9986759823 4.793588651e-05 0.999756896 1.913893082e-05 0.9998804708
154.7 0.1073114792 0.3152079077 0.1403028135 0.5654375899 0.003981784896 0.9884867382 0.0003706088308 0.998643275 4.868965756e-05 0.9997530044 1.937114898e-05 0.9998789885
155.35 0.1047472874 0.3108986737 0.1415382485 0.5550460985 0.00411990583 0.9880851978 0.0003797377466 0.9986097623 4.94550847e-05 0.9997490517 1.960414954e-05 0.9998774904
156 0.1021882751 0.3067508518 0.1426124392 0.5447413538 0.004262737491 0.987669812 0.0003890911492 0.9985754245 5.023229418e-05 0.9997450373 1.983780529e-05 0.9998759764
156.65 0.09963914035 0.3027592381 0.143522185 0.5345371521 0.004410434807 0.9872401144 0.0003986745399 0.9985402414 5.102142088e-05 0.99974096 2.007201732e-05 0.9998744468
157.3 0.09710422908 0.2989186879 0.1442651183 0.5244466353 0.004563157397 0.9867956238 0.0004084935541 0.9985041921 5.182260966e-05 0.999736819 2.030671743e-05 0.9998729014
157.95 0.09458754411 0.2952241294 0.1448397151 0.5144822261 0.00472106967 0.9863358438 0.0004185539639 0.9984672554 5.263601635e-05 0.9997326134 2.054186984e-05 0.9998713403
158.6 0.0920927553 0.2916705753 0.1452452954 0.5046555725 0.004884340949 0.9858602621 0.0004288616823 0.9984294095 5.346180873e-05 0.9997283422 2.077747207e-05 0.9998697635
159.25 0.08962321089 0.2882531327 0.1454820151 0.4949775009 0.005053145575 0.9853683502 0.0004394227655 0.9983906321 5.430016708e-05 0.9997240043 2.101355516e-05 0.9998681709
159.9 0.08718194981 0.2849670116 0.1455508486 0.4854579806 0.005227663022 0.984859563 0.0004502434172 0.9983509002 5.515128462e-05 0.9997195989 2.125018329e-05 0.9998665625
160.55 0.08477171457 0.2818075312 0.145453563 0.4761060964 0.005408078009 0.9843333384 0.0004613299918 0.9983101906 5.601536761e-05 0.9997151247 2.148745265e-05 0.999864938
161.2 0.08239496476 0.2787701254 0.1451926846 0.4669300325 0.005594580611 0.9837890965 0.0004726889979 0.9982684791 5.689263528e-05 0.9997105809 2.172548998e-05 0.9998632973
161.85 0.08005389087 0.2758503471 0.1447714583 0.4579370643 0.005787366368 0.9832262396 0.0004843271019 0.9982257412 5.778331941e-05 0.9997059662 2.196445048e-05 0.9998616403
162.5 0.07775042819 0.2730438708 0.1441938014 0.4491335604 0.005986636393 0.9826441517 0.0004962511323 0.9981819517 5.868766378e-05 0.9997012796 2.220451544e-05 0.9998599666
163.15 0.07548627093 0.2703464953 0.1434642518 0.4405249918 0.00619259748 0.9820421974 0.0005084680829 0.9981370847 5.96059233e-05 0.9996965198 2.244588953e-05 0.9998582759
163.8 0.07326288609 0.2677541442 0.1425879127 0.4321159492 0.006405462211 0.9814197223 0.0005209851172 0.9980911139 6.053836299e-05 0.9996916858 2.268879785e-05 0.9998565681
164.45 0.07108152732 0.2652628669 0.1415703933 0.4239101674 0.006625449053 0.980776052 0.0005338095721 0.9980440122 6.148525679e-05 0.9996867763 2.293348279e-05 0.9998548426
165.1 0.06894324846 0.2628688381 0.1404177484 0.4159105549 0.006852782462 0.9801104915 0.0005469489625 0.9979957518 6.244688616e-05 0.9996817901 2.31802008e-05 0.9998530991
165.75 0.06684891677 0.2605683574 0.1391364166 0.4081192294 0.007087692976 0.9794223253 0.000560410985 0.9979463043 6.342353874e-05 0.9996767259 2.342921912e-05 0.9998513373
166.4 0.06479922583 0.258357848 0.1377331577 0.4005375569 0.007330417307 0.9787108161 0.0005742035224 0.9978956407 6.441550676e-05 0.9996715825 2.368081246e-05 0.9998495566
167.05 0.06279470794 0.2562338547 0.1362149912 0.393166195 0.007581198429 0.9779752051 0.0005883346481 0.997843731 6.542308566e-05 0.9996663586 2.393525973e-05 0.9998477567
167.7 0.06083574618 0.2541930427 0.1345891367 0.3860051378 0.007840285655 0.977214711 0.000602812631 0.9977905448 6.644657257e-05 0.9996610528 2.419284094e-05 0.999845937
168.35 0.05892258591 0.2522321947 0.1328629552 0.3790537631 0.00810793472 0.9764285297 0.0006176459393 0.9977360507 6.748626501e-05 0.9996556637 2.445383406e-05 0.9998440971
169 0.0570553458 0.2503482088 0.1310438939 0.3723108811 0.008384407843 0.9756158338 0.000632843246 0.9976802167 6.854245966e-05 0.9996501902 2.471851219e-05 0.9998422364
169.65 0.05523402834 0.2485380956 0.129139434 0.3657747823 0.008669973789 0.9747757721 0.0006484134333 0.9976230101 6.961545126e-05 0.9996446306 2.498714079e-05 0.9998403545
170.3 0.05345852983 0.2467989756 0.1271570416 0.3594432864 0.008964907925 0.973907469 0.0006643655978 0.9975643971 7.070553176e-05 0.9996389838 2.525997514e-05 0.9998384508
170.95 0.05172864991 0.2451280764 0.1251041229 0.3533137896 0.009269492257 0.9730100243 0.000680709055 0.9975043433 7.181298966e-05 0.9996332482 2.553725802e-05 0.9998365248
171.6 0.05004410046 0.2435227293 0.1229879829 0.3473833111 0.009584015469 0.9720825125 0.0006974533452 0.9974428134 7.293810952e-05 0.9996274224 2.581921759e-05 0.999834576
172.25 0.04840451409 0.2419803665 0.1208157888 0.3416485383 0.009908772942 0.9711239824 0.0007146082384 0.9973797713 7.408117177e-05 0.9996215051 2.610606546e-05 0.9998326038
172.9 0.04680945211 0.240498518 0.1185945367 0.336105869 0.01024406676 0.9701334567 0.0007321837394 0.99731518 7.52424527e-05 0.9996154947 2.63979951e-05 0.9998306077
173.55 0.04525841197 0.2390748086 0.1163310232 0.3307514531 0.01059020571 0.9691099316 0.0007501900939 0.9972490016 7.642222474e-05 0.9996093897 2.669518032e-05 0.9998285873
174.2 0.04375083426 0.2377069544 0.1140318209 0.3255812306 0.01094750525 0.9680523762 0.0007686377937 0.9971811972 7.762075684e-05 0.9996031888 2.699777414e-05 0.999826542
174.85 0.04228610926 0.2363927603 0.1117032571 0.3205909677 0.01131628751 0.9669597324 0.0007875375825 0.997111727 7.883831516e-05 0.9995968904 2.730590771e-05 0.9998244713
175.5 0.04086358304 0.2351301165 0.1093513972 0.3157762908 0.01169688118 0.9658309142 0.000806900462 0.9970405504 8.007516392e-05 0.9995904931 2.761968965e-05 0.9998223748
176.15 0.03948256309 0.2339169959 0.1069820313 0.3111327168 0.01208962147 0.9646648077 0.0008267376978 0.9969676255 8.13315663e-05 0.9995839951 2.793920538e-05 0.999820252
176.8 0.03814232363 0.2327514505 0.1046006633 0.3066556825 0.01249485005 0.9634602703 0.0008470608251 0.9968929097 8.260778563e-05 0.9995773952 2.826451685e-05 0.9998181024
177.45 0.03684211046 0.2316316094 0.1022125045 0.3023405698 0.01291291486 0.962216131 0.0008678816559 0.9968163592 8.390408656e-05 0.9995706916 2.85956623e-05 0.9998159257
178.1 0.03558114548 0.2305556753 0.09982246896 0.2981827299 0.01334417003 0.9609311897 0.0008892122845 0.9967379291 8.52207363e-05 0.9995638828 2.893265628e-05 0.9998137215
178.75 0.03435863085 0.2295219219 0.0974351714 0.2941775041 0.01378897568 0.9596042168 0.0009110650944 0.9966575734 8.655800597e-05 0.9995569672 2.927548985e-05 0.9998114894
179.4 0.03317375281 0.2285286915 0.09505492806 0.2903202427 0.01424769776 0.9582339538 0.0009334527651 0.9965752453 8.791617192e-05 0.9995499432 2.962413087e-05 0.999809229
180.05 0.03202568519 0.2275743919 0.09268575899 0.2866063225 0.01472070778 0.9568191123 0.0009563882787 0.9964908965 8.929551695e-05 0.9995428091 2.997852446e-05 0.99980694
180.7 0.03091359265 0.2266574944 0.09033139234 0.283031161 0.0152083826 0.9553583745 0.0009798849272 0.9964044777 9.06963316e-05 0.9995355633 3.033859361e-05 0.9998046222
181.35 0.0298366336 0.2257765309 0.08799527015 0.2795902295 0.01571110411 0.9538503925 0.001003956319 0.9963159384 9.211891527e-05 0.999528204 3.070423988e-05 0.9998022752
182 0.0287939629 0.2249300919 0.0856805555 0.2762790645 0.01622925892 0.9522937892 0.001028616387 0.9962252268 9.356357725e-05 0.9995207295 3.107534435e-05 0.9997998989
182.65 0.02778473429 0.224116824 0.08339014069 0.2730932775 0.016763238 0.9506871577 0.001053879394 0.9961322899 9.503063761e-05 0.999513138 3.14517689e-05 0.9997974929
183.3 0.02680810257 0.2233354275 0.08112665641 0.2700285626 0.01731343623 0.9490290615 0.001079759945 0.9960370735 9.652042797e-05 0.9995054279 3.183335801e-05 0.9997950572
183.95 0.02586322565 0.2225846548 0.07889248158 0.2670807037 0.01788025201 0.947318035 0.001106272989 0.995939522 9.803329207e-05 0.9994975971 3.221994095e-05 0.9997925916
184.6 0.02494926632 0.2218633077 0.0766897538 0.2642455801 0.01846408673 0.9455525836 0.001133433831 0.9958395785 9.956958612e-05 0.9994896439 3.261133457e-05 0.9997900959
185.25 0.02406539383 0.2211702361 0.07452038019 0.2615191705 0.01906534422 0.943731184 0.001161258136 0.9957371848 0.000101129679 0.9994815663 3.30073464e-05 0.99978757
185.9 0.02321078539 0.2205043354 0.07238604849 0.2588975572 0.01968443016 0.941852285 0.001189761945 0.995632281 0.0001027139525 0.9994733625 3.340777812e-05 0.9997850139
186.55 0.02238462739 0.2198645452 0.0702882384 0.2563769281 0.02032175143 0.9399143075 0.001218961673 0.9955248063 0.0001043228006 0.9994650304 3.381242924e-05 0.9997824274
187.2 0.02158611657 0.219249847 0.06822823292 0.2539535786 0.02097771539 0.9379156457 0.001248874127 0.9954146978 0.0001059566298 0.999456568 3.422110093e-05 0.9997798104
187.85 0.020814461 0.2186592632 0.06620712963 0.2516239128 0.02165272911 0.9358546677 0.001279516507 0.9953018917 0.000107615858 0.9994479733 3.463359983e-05 0.9997771631
188.5 0.02006888093 0.2180918549 0.06422585192 0.2493844437 0.02234719853 0.933729716 0.00131090642 0.9951863221 0.0001093009144 0.9994392441 3.504974189e-05 0.9997744851
189.15 0.01934860959 0.2175467204 0.06228516005 0.2472317935 0.02306152754 0.9315391093 0.001343061889 0.9950679221 0.0001110122381 0.9994303784 3.546935591e-05 0.9997717766
189.8 0.01865289378 0.2170229939 0.06038566188 0.2451626927 0.02379611706 0.9292811427 0.001376001359 0.9949466227 0.000112750278 0.9994213739 3.589228698e-05 0.9997690374
190.45 0.01798099444 0.2165198439 0.0585278234 0.2431739792 0.02455136391 0.9269540899 0.001409743707 0.9948223535 0.0001145154912 0.9994122286 3.631839955e-05 0.9997662675
191.1 0.0173321871 0.216036472 0.05671197892 0.2412625969 0.02532765974 0.924556204 0.001444308255 0.9946950424 0.0001163083424 0.99940294 3.674758016e-05 0.9997634667
191.75 0.01670576226 0.2155721111 0.05493834088 0.2394255946 0.02612538981 0.9220857192 0.001479714777 0.9945646155 0.0001181293029 0.999393506 3.71797398e-05 0.999760635
192.4 0.01610102569 0.2151260248 0.05320700931 0.2376601234 0.0269449317 0.9195408528 0.001515983509 0.9944309973 0.0001199788496 0.9993839242 3.761481584e-05 0.9997577723
193.05 0.01551729862 0.2146975056 0.05151798085 0.2359634351 0.02778665394 0.9169198068 0.00155313516 0.9942941102 0.0001218574641 0.9993741923 3.805277349e-05 0.9997548783
193.7 0.01495391795 0.214285874 0.04987115745 0.2343328797 0.02865091453 0.9142207703 0.001591190921 0.9941538751 0.0001237656322 0.9993643078 3.84936069e-05 0.999751953
194.35 0.01441023634 0.2138904772 0.04826635456 0.2327659035 0.02953805941 0.9114419217 0.001630172478 0.9940102108 0.0001257038427 0.9993542684 3.893733969e-05 0.999748996
195 0.01388562227 0.2135106882 0.04670330897 0.2312600459 0.03044842077 0.9085814308 0.001670102021 0.9938630342 0.0001276725871 0.9993440716 3.938402515e-05 0.9997460072
195.65 0.01337946003 0.2131459047 0.04518168615 0.2298129376 0.03138231537 0.9056374621 0.001711002255 0.9937122602 0.0001296723594 0.9993337149 3.9833746e-05 0.9997429863
196.3 0.01289114973 0.2127955482 0.04370108733 0.2284222975 0.03234004265 0.9026081776 0.001752896411 0.9935578018 0.0001317036553 0.9993231958 4.028661368e-05 0.999739933
196.95 0.01242010718 0.2124590625 0.04226105599 0.2270859303 0.03332188278 0.8994917394 0.001795808259 0.9933995699 0.0001337669724 0.9993125117 4.074276737e-05 0.9997368468
197.6 0.01196576382 0.2121359138 0.0408610841 0.2258017237 0.03432809464 0.8962863137 0.001839762116 0.9932374731 0.0001358628101 0.99930166 4.12023726e-05 0.9997337275
198.25 0.01152756659 0.2118255887 0.03950061786 0.2245676458 0.0353589137 0.8929900741 0.001884782861 0.9930714182 0.0001379916698 0.999290638 4.166561959e-05 0.9997305746
198.9 0.01110497773 0.2115275943 0.03817906317 0.2233817428 0.03641454969 0.8896012055 0.001930895947 0.9929013094 0.0001401540552 0.9992794433 4.21327213e-05 0.9997273877
199.55 0.01069747466 0.2112414567 0.03689579065 0.2222421356 0.03749518434 0.8861179083 0.001978127411 0.9927270489 0.0001423504727 0.9992680729 4.260391124e-05 0.9997241662
200.2 0.0103045497 0.2109667206 0.03565014039 0.221147018 0.03860096886 0.8825384024 0.002026503887 0.9925485365 0.0001445814322 0.9992565242 4.307944112e-05 0.9997209097
200.85 0.009925709924 0.2107029486 0.03444142624 0.2200946539 0.03973202143 0.8788609324 0.002076052618 0.9923656697 0.0001468474477 0.9992447944 4.355957828e-05 0.9997176175
201.5 0.009560476863 0.2104497203 0.03326893996 0.2190833746 0.04088842452 0.875083772 0.002126801472 0.9921783435 0.0001491490381 0.9992328808 4.404460306e-05 0.9997142892
202.15 0.009208386287 0.2102066315 0.03213195489 0.2181115766 0.04207022217 0.8712052294 0.002178778951 0.9919864505 0.0001514867279 0.9992207803 4.453480606e-05 0.999710924
202.8 0.008868987929 0.2099732939 0.03102972945 0.217177719 0.04327741712 0.8672236527 0.002232014205 0.9917898807 0.0001538610488 0.9992084903 4.50304853e-05 0.9997075213
203.45 0.008541845217 0.2097493344 0.02996151032 0.2162803215 0.04450996792 0.8631374355 0.002286537047 0.9915885217 0.0001562725398 0.9991960076 4.553194342e-05 0.9997040805
204.1 0.008226534994 0.209534394 0.02892653534 0.2154179619 0.0457677859 0.8589450231 0.002342377965 0.9913822582 0.0001587217491 0.9991833294 4.603948487e-05 0.9997006009
204.75 0.007922647232 0.2093281282 0.02792403619 0.2145892738 0.04705073209 0.8546449186 0.002399568136 0.9911709723 0.0001612092344 0.9991704526 4.655341314e-05 0.9996970818
205.4 0.007629784742 0.2091302053 0.02695324088 0.2137929447 0.0483586141 0.8502356893 0.002458139441 0.9909545436 0.0001637355643 0.9991573741 4.707402801e-05 0.9996935223
206.05 0.007347562876 0.2089403067 0.02601337592 0.213027714 0.04969118289 0.8457159737 0.002518124477 0.9907328486 0.000166301319 0.9991440909 4.760162293e-05 0.9996899219
206.7 0.007075609234 0.2087581263 0.02510366836 0.2122923705 0.05104812953 0.8410844887 0.002579556572 0.9905057609 0.0001689070912 0.9991305997 4.813648251e-05 0.9996862797
207.35 0.006813563364 0.2085833695 0.02422334766 0.2115857512 0.05242908194 0.8363400363 0.002642469803 0.9902731515 0.0001715534871 0.9991168973 4.867888008e-05 0.9996825951
208 0.006561076465 0.2084157534 0.0233716473 0.2109067386 0.05383360156 0.8314815117 0.002706899005 0.9900348879 0.0001742411263 0.9991029805 4.922907548e-05 0.9996788671
208.65 0.006317811085 0.2082550057 0.02254780628 0.2102542598 0.05526118009 0.8265079109 0.002772879789 0.989790835 0.0001769706434 0.9990888459 4.978731285e-05 0.9996750952
209.3 0.006083440828 0.2081008648 0.02175107047 0.2096272839 0.05671123617 0.8214183382 0.002840448557 0.9895408543 0.0001797426873 0.9990744901 5.035381876e-05 0.9996712785
209.95 0.005857650056 0.2079530792 0.02098069377 0.2090248209 0.05818311212 0.8162120149 0.002909642517 0.9892848042 0.0001825579224 0.9990599097 5.09288004e-05 0.9996674162
210.6 0.005640133595 0.207811407 0.02023593921 0.2084459199 0.05967607079 0.8108882874 0.002980499699 0.9890225399 0.0001854170282 0.9990451011 5.151244394e-05 0.9996635077
211.25 0.005430596449 0.2076756156 0.01951607982 0.2078896675 0.06118929236 0.8054466354 0.003053058967 0.988753913 0.0001883206992 0.9990300608 5.210491315e-05 0.9996595522
211.9 0.005228753509 0.2075454815 0.01882039948 0.2073551863 0.0627218714 0.7998866806 0.003127360041 0.988478772 0.0001912696454 0.9990147852 5.270634812e-05 0.9996555489
212.55 0.005034329272 0.2074207896 0.01814819362 0.2068416337 0.06427281392 0.7942081949 0.003203443508 0.9881969618 0.0001942645913 0.9989992706 5.331686426e-05 0.9996514973
213.2 0.004847057564 0.2073013331 0.01749876986 0.2063482002 0.06584103464 0.7884111098 0.003281350837 0.9879083236 0.0001973062763 0.9989835133 5.393655151e-05 0.9996473965
213.85 0.00466668126 0.2071869133 0.01687144845 0.2058741081 0.06742535446 0.782495524 0.003361124402 0.9876126953 0.0002003954539 0.9989675093 5.456547387e-05 0.999643246
214.5 0.004492952022 0.2070773388 0.01626556281 0.2054186105 0.06902449809 0.7764617126 0.003442807491 0.9873099109 0.0002035328912 0.9989512549 5.520366923e-05 0.999639045
215.15 0.004325630027 0.2069724258 0.01568045981 0.2049809898 0.07063709198 0.7703101351 0.003526444325 0.9869998006 0.0002067193685 0.9989347461 5.585114963e-05 0.9996347931
215.8 0.004164483715 0.2068719976 0.01511550011 0.2045605565 0.0722616625 0.7640414441 0.003612080076 0.9866821907 0.0002099556788 0.9989179788 5.650790184e-05 0.9996304895
216.45 0.004009289528 0.2067758839 0.01457005834 0.2041566485 0.07389663451 0.7576564929 0.003699760882 0.9863569038 0.0002132426271 0.9989009492 5.717388843e-05 0.9996261338
217.1 0.003859831664 0.2066839212 0.01404352333 0.2037686293 0.07554033014 0.7511563433 0.003789533864 0.9860237583 0.0002165810301 0.9988836529 5.784904917e-05 0.9996217253
217.75 0.003715901837 0.2065959523 0.01353529817 0.2033958878 0.07719096813 0.7445422735 0.003881447142 0.9856825685 0.0002199717155 0.9988660858 5.853330289e-05 0.9996172637
218.4 0.003577299034 0.2065118258 0.01304480032 0.2030378364 0.07884666353 0.7378157845 0.003975549854 0.9853331446 0.0002234155214 0.9988482436 5.922654965e-05 0.9996127483
219.05 0.003443829284 0.2064313961 0.01257146162 0.2026939108 0.08050542781 0.7309786071 0.004071892171 0.9849752925 0.0002269132964 0.9988301221 5.992867325e-05 0.9996081788
219.7 0.003315305435 0.2063545234 0.01211472824 0.2023635686 0.0821651696 0.7240327078 0.004170525313 0.9846088139 0.0002304658987 0.9988117168 6.063954407e-05 0.9996035546
220.35 0.003191546931 0.206281073 0.01167406071 0.2020462888 0.0838236959 0.7169802942 0.004271501569 0.9842335057 0.0002340741962 0.9987930233 6.135902209e-05 0.9995988754
221 0.003072379596 0.2062109153 0.01124893377 0.2017415705 0.08547871387 0.7098238196 0.004374874312 0.9838491607 0.0002377390665 0.998774037 6.20869601e-05 0.9995941408
221.65 0.002957635428 0.2061439259 0.01083883629 0.2014489325 0.08712783328 0.7025659873 0.004480698015 0.9834555668 0.0002414613965 0.9987547533 6.282320706e-05 0.9995893504
222.3 0.002847152389 0.2060799848 0.01044327114 0.2011679123 0.08876856958 0.6952097534 0.004589028269 0.9830525074 0.0002452420829 0.9987351677 6.356761152e-05 0.9995845037
222.95 0.002740774215 0.2060189769 0.01006175499 0.2008980653 0.09039834766 0.6877583293 0.004699921802 0.982639761 0.0002490820319 0.9987152753 6.4320025e-05 0.9995796004
223.6 0.002638350216 0.2059607912 0.009693818217 0.2006389643 0.09201450633 0.6802151829 0.004813436489 0.9822171014 0.0002529821602 0.9986950714 6.508030539e-05 0.9995746402
224.25 0.002539735094 0.2059053211 0.009339004629 0.2003901988 0.0936143035 0.6725840385 0.004929631377 0.981784297 0.0002569433948 0.9986745511 6.584832018e-05 0.9995696226
224.9 0.002444788757 0.2058524641 0.008996871301 0.2001513741 0.09519492217 0.6648688764 0.005048566695 0.9813411117 0.0002609666739 0.9986537095 6.662394959e-05 0.9995645474
225.55 0.002353376145 0.2058021213 0.008666988343 0.1999221106 0.0967534771 0.6570739305 0.005170303873 0.9808873039 0.0002650529473 0.9986325415 6.740708951e-05 0.999559414
226.2 0.00226536706 0.2057541979 0.008348938667 0.1997020439 0.09828702233 0.6492036851 0.005294905558 0.9804226268 0.0002692031772 0.9986110422 6.819765412e-05 0.9995542221
226.85 0.002180635994 0.2057086024 0.008042317746 0.1994908232 0.09979255945 0.6412628702 0.005422435627 0.9799468283 0.0002734183391 0.9985892062 6.899557836e-05 0.9995489713
227.5 0.002099061974 0.2056652471 0.007746733364 0.1992881117 0.1012670466 0.6332564556 0.005552959209 0.9794596509 0.0002776994221 0.9985670284 6.980082e-05 0.9995436612
228.15 0.002020528403 0.2056240474 0.007461805363 0.1990935852 0.1027074083 0.6251896436 0.005686542693 0.9789608315 0.0002820474304 0.9985445035 7.061336147e-05 0.9995382913
228.8 0.001944922906 0.2055849218 0.007187165378 0.1989069324 0.1041105459 0.6170678605 0.005823253747 0.9784501013 0.0002864633837 0.998521626 7.14332113e-05 0.999532861
229.45 0.00187213719 0.2055477923 0.006922456575 0.1987278536 0.1054733488 0.608896746 0.00596316133 0.977927186 0.0002909483181 0.9984983905 7.226040522e-05 0.99952737
230.1 0.001802066894 0.2055125835 0.006667333384 0.1985560611 0.1067927065 0.6006821422 0.00610633571 0.9773918053 0.000295503287 0.9984747915 7.309500694e-05 0.9995218177
230.75 0.001734611457 0.2054792229 0.006421461231 0.198391278 0.108065521 0.5924300804 0.006252848474 0.9768436728 0.0003001293622 0.9984508231 7.393710855e-05 0.9995162034
231.4 0.001669673982 0.2054476409 0.006184516265 0.198233238 0.1092887196 0.5841467667 0.006402772542 0.9762824965 0.000304827634 0.9984264798 7.478683055e-05 0.9995105266
232.05 0.001607161109 0.2054177704 0.00595618509 0.1980816852 0.1104592689 0.5758385665 0.006556182181 0.975707978 0.0003095992124 0.9984017557 7.564432158e-05 0.9995047867
232.7 0.001546982887 0.2053895469 0.005736164496 0.1979363735 0.1115741885 0.5675119875 0.006713153014 0.9751198125 0.0003144452277 0.9983766448 7.650975781e-05 0.9994989828
233.35 0.001489052656 0.2053629083 0.005524161192 0.1977970661 0.1126305652 0.5591736613 0.006873762035 0.9745176894 0.0003193668307 0.9983511411 7.738334199e-05 0.9994931144
234 0.00143328693 0.205337795 0.005319891536 0.1976635356 0.1136255678 0.5508303243 0.007038087616 0.9739012911 0.0003243651937 0.9983252386 7.826530222e-05 0.9994871807
234.65 0.001379605285 0.2053141494 0.005123081276 0.1975355629 0.1145564615 0.5424887968 0.007206209519 0.9732702939 0.0003294415104 0.9982989309 7.915589047e-05 0.9994811808
235.3 0.001327930246 0.2052919163 0.004933465287 0.1974129376 0.1154206226 0.5341559619 0.007378208907 0.9726243672 0.0003345969963 0.9982722118 8.00553808e-05 0.9994751139
235.95 0.001278187185 0.2052710424 0.004750787312 0.1972954573 0.1162155531 0.5258387433 0.007554168344 0.9719631738 0.0003398328892 0.9982450749 8.09640674e-05 0.9994689791
236.6 0.00123030422 0.2052514766 0.004574799711 0.1971829272 0.1169388951 0.5175440818 0.007734171811 0.9712863697 0.0003451504489 0.9982175136 8.188226237e-05 0.9994627756
237.25 0.001184212112 0.2052331696 0.004405263207 0.1970751601 0.1175884446 0.5092789122 0.007918304709 0.9705936039 0.0003505509576 0.9981895213 8.281029342e-05 0.9994565022
237.9 0.001139844174 0.2052160741 0.004241946645 0.1969719758 0.1181621651 0.501050139 0.008106653861 0.9698845184 0.0003560357196 0.9981610912 8.374850131e-05 0.9994501582
238.55 0.001097136179 0.2052001444 0.004084626742 0.1968732012 0.1186582006 0.4928646125 0.008299307518 0.9691587482 0.0003616060613 0.9981322166 8.469723726e-05 0.9994437423
239.2 0.001056026268 0.2051853366 0.00393308786 0.1967786695 0.1190748876 0.4847291043 0.008496355363 0.9684159208 0.0003672633314 0.9981028905 8.565686022e-05 0.9994372537
239.85 0.001016454866 0.2051716086 0.003787121764 0.1966882206 0.1194107662 0.4766502829 0.008697888508 0.9676556568 0.0003730089001 0.9980731058 8.662773407e-05 0.9994306912
240.5 0.000978364603 0.2051589196 0.003646527399 0.1966017001 0.1196645909 0.4686346904 0.008903999497 0.966877569 0.0003788441594 0.9980428553 8.761022484e-05 0.9994240536
241.15 0.0009417002269 0.2051472306 0.003511110669 0.19651896 0.1198353393 0.4606887183 0.009114782301 0.966081263 0.0003847705229 0.9980121317 8.86046978e-05 0.9994173399
241.8 0.0009064085324 0.205136504 0.003380684213 0.1964398574 0.1199222203 0.4528185856 0.009330332317 0.9652663368 0.0003907894253 0.9979809278 8.96115147e-05 0.9994105489
242.45 0.0008724382843 0.2051267036 0.003255067197 0.1963642551 0.1199246804 0.4450303161 0.009550746361 0.9644323806 0.0003969023224 0.9979492359 9.063103093e-05 0.9994036794
243.1 0.0008397401456 0.2051177945 0.003134085103 0.1962920212 0.1198424096 0.4373297182 0.009776122661 0.9635789768 0.0004031106912 0.9979170484 9.166359276e-05 0.9993967303
243.75 0.000808266609 0.2051097433 0.003017569531 0.1962230287 0.1196753442 0.4297223647 0.01000656085 0.9627057003 0.0004094160293 0.9978843575 9.270953474e-05 0.9993897003
244.4 0.0007779719295 0.2051025176 0.002905357996 0.1961571552 0.1194236701 0.4222135749 0.01024216194 0.9618121177 0.0004158198555 0.9978511555 9.376917713e-05 0.9993825883
245.05 0.0007488120602 0.2050960863 0.002797293737 0.1960942834 0.1190878223 0.4148083975 0.01048302833 0.9608977879 0.0004223237091 0.9978174343 9.484282355e-05 0.9993753931
245.7 0.0007207445903 0.2050904198 0.002693225533 0.1960343002 0.1186684848 0.4075115953 0.01072926379 0.9599622616 0.0004289291507 0.9977831858 9.593075878e-05 0.9993681134
246.35 0.0006937286846 0.2050854891 0.002593007515 0.1959770967 0.1181665875 0.400327632 0.0109809734 0.9590050814 0.0004356377618 0.9977484018 9.703324683e-05 0.9993607481
247 0.0006677250264 0.2050812667 0.002496498993 0.1959225682 0.1175833021 0.3932606607 0.01123826361 0.9580257818 0.0004424511456 0.9977130739 9.815052928e-05 0.9993532959
247.65 0.0006426957611 0.2050777258 0.002403564281 0.1958706141 0.1169200365 0.3863145136 0.01150124211 0.9570238889 0.0004493709269 0.9976771937 9.928282393e-05 0.9993457557
248.3 0.0006186044428 0.205074841 0.002314072532 0.1958211376 0.1161784271 0.3794926948 0.0117700179 0.9559989206 0.0004563987526 0.9976407524 0.0001004303237 0.9993381263
248.95 0.0005954159825 0.2050725875 0.002227897571 0.1957740452 0.1153603303 0.3727983741 0.01204470122 0.9549503864 0.0004635362924 0.9976037415 0.000101593196 0.9993304065
249.6 0.0005730965978 0.2050709416 0.002144917741 0.1957292475 0.1144678121 0.3662343837 0.01232540348 0.9538777874 0.0004707852392 0.997566152 0.0001027715825 0.9993225952
250.25 0.0005516137649 0.2050698805 0.002065015747 0.195686658 0.113503137 0.3598032161 0.01261223731 0.9527806163 0.0004781473099 0.9975279749 0.0001039655991 0.9993146913
250.9 0.0005309361726 0.2050693822 0.001988078508 0.1956461938 0.1124687549 0.3535070244 0.01290531642 0.9516583572 0.0004856242459 0.9974892011 0.0001051753363 0.9993066937
251.55 0.0005110336765 0.2050694255 0.001913997014 0.1956077749 0.1113672876 0.3473476244 0.01320475565 0.9505104858 0.0004932178139 0.9974498212 0.0001064008604 0.9992986012
252.2 0.000491877257 0.2050699902 0.001842666183 0.1955713245 0.1102015143 0.3413264987 0.01351067084 0.9493364692 0.0005009298067 0.9974098259 0.0001076422144 0.9992904128
252.85 0.000473438977 0.2050710566 0.001773984729 0.1955367685 0.108974356 0.3354448022 0.01382317883 0.9481357661 0.0005087620443 0.9973692056 0.0001088994197 0.9992821275
253.5 0.0004556919419 0.2050726059 0.001707855027 0.1955040359 0.1076888598 0.3297033693 0.0141423974 0.9469078265 0.0005167163743 0.9973279506 0.0001101724778 0.9992737441
254.15 0.0004386102615 0.2050746199 0.001644182987 0.1954730581 0.106348182 0.3241027233 0.01446844519 0.9456520919 0.0005247946729 0.9972860509 0.0001114613729 0.9992652618
254.8 0.0004221690122 0.2050770813 0.001582877933 0.1954437691 0.1049555717 0.3186430862 0.01480144163 0.9443679953 0.000532998846 0.9972434967 0.000112766074 0.9992566795
255.45 0.0004063442012 0.2050799731 0.001523852482 0.1954161057 0.1035143537 0.3133243902 0.01514150689 0.9430549611 0.0005413308295 0.9972002776 0.0001140865378 0.9992479963
256.1 0.0003911127325 0.2050832792 0.001467022425 0.1953900067 0.1020279117 0.3081462907 0.0154887618 0.9417124054 0.0005497925908 0.9971563835 0.0001154227114 0.9992392111
256.75 0.0003764523731 0.2050869842 0.001412306623 0.1953654134 0.1004996713 0.3031081793 0.01584332776 0.9403397357 0.0005583861287 0.9971118037 0.0001167745355 0.999230323
257.4 0.0003623417209 0.2050910729 0.00135962689 0.1953422693 0.09893308358 0.2982091987 0.01620532665 0.9389363512 0.000567113475 0.9970665276 0.0001181419472 0.999221331
258.05 0.0003487601744 0.205095531 0.001308907896 0.19532052 0.0973316093 0.2934482572 0.01657488076 0.9375016426 0.0005759766945 0.9970205445 0.0001195248838 0.9992122343
258.7 0.0003356879023 0.2051003446 0.001260077061 0.1953001132 0.09569870302 0.2888240445 0.01695211265 0.9360349927 0.0005849778861 0.9969738432 0.0001209232852 0.9992030318
259.35 0.0003231058152 0.2051055003 0.00121306446 0.1952809985 0.0940377984 0.2843350473 0.0173371451 0.9345357758 0.0005941191829 0.9969264127 0.0001223370975 0.9991937227
260 0.0003109955378 0.2051109854 0.001167802728 0.1952631275 0.09235229409 0.2799795653 0.01773010094 0.9330033584 0.0006034027531 0.9968782417 0.0001237662762 0.9991843059
260.65 0.0002993393825 0.2051167875 0.001124226965 0.1952464534 0.0906455404 0.2757557272 0.01813110298 0.931437099 0.0006128308003 0.9968293185 0.0001252107887 0.9991747805
261.3 0.0002881203236 0.2051228946 0.001082274654 0.1952309314 0.08892082696 0.2716615069 0.01854027387 0.9298363481 0.0006224055638 0.9967796315 0.0001266706174 0.9991651455
261.95 0.0002773219729 0.2051292953 0.001041885572 0.1952165184 0.08718137133 0.2676947389 0.01895773592 0.9282004488 0.0006321293193 0.9967291689 0.0001281457624 0.9991554
262.6 0.0002669285557 0.2051359787 0.001003001708 0.1952031727 0.08543030855 0.2638531339 0.01938361105 0.9265287367 0.0006420043786 0.9966779185 0.0001296362436 0.9991455429
263.25 0.0002569248878 0.205142934 0.0009655671819 0.1951908542 0.08367068185 0.2601342941 0.01981802055 0.9248205399 0.0006520330905 0.9966258681 0.0001311421031 0.9991355731
263.9 0.000247296354 0.205150151 0.0009295281723 0.1951795246 0.08190543428 0.2565357273 0.02026108499 0.9230751796 0.0006622178404 0.9965730053 0.0001326634071 0.9991254897
264.55 0.0002380288862 0.20515762 0.0008948328379 0.1951691468 0.08013740147 0.2530548614 0.02071292403 0.9212919701 0.0006725610512 0.9965193174 0.0001342002472 0.9991152915
265.2 0.0002291089434 0.2051653316 0.0008614312477 0.195159685 0.07836930545 0.2496890573 0.02117365621 0.9194702189 0.0006830651828 0.9964647917 0.0001357527421 0.9991049773
265.85 0.0002205234922 0.2051732765 0.0008292753119 0.195151105 0.07660374945 0.2464356222 0.02164339884 0.9176092273 0.0006937327329 0.996409415 0.0001373210383 0.9990945461
266.5 0.0002122599871 0.205181446 0.0007983187145 0.1951433736 0.07484321374 0.2432918214 0.02212226775 0.9157082904 0.0007045662366 0.9963531741 0.0001389053109 0.9990839966
267.15 0.0002043063532 0.2051898317 0.0007685168497 0.1951364593 0.07309005236 0.2402548894 0.02261037711 0.9137666974 0.0007155682671 0.9962960556 0.0001405057639 0.9990733275
267.8 0.0001966509678 0.2051984256 0.0007398267593 0.1951303312 0.07134649093 0.237322041 0.02310783921 0.9117837324 0.0007267414357 0.996238046 0.0001421226302 0.9990625377
268.45 0.0001892826439 0.2052072197 0.0007122070727 0.19512496 0.06961462512 0.2344904805 0.02361476425 0.9097586739 0.0007380883921 0.9961791312 0.0001437561715 0.9990516256
269.1 0.0001821906141 0.2052162065 0.0006856179493 0.1951203173 0.06789642013 0.2317574113 0.02413126009 0.9076907961 0.0007496118247 0.9961192973 0.0001454066771 0.99904059
269.75 0.0001753645144 0.2052253789 0.0006600210227 0.1951163759 0.0661937108 0.229120044 0.02465743202 0.9055793685 0.0007613144609 0.9960585299 0.0001470744638 0.9990294295
270.4 0.0001687943696 0.2052347299 0.0006353793465 0.1951131095 0.06450820245 0.2265756041 0.02519338252 0.903423657 0.0007731990676 0.9959968147 0.000148759874 0.9990181425
271.05 0.0001624705782 0.2052442527 0.0006116573429 0.1951104927 0.06284147241 0.2241213386 0.02573921095 0.9012229238 0.0007852684515 0.9959341367 0.0001504632745 0.9990067275
271.7 0.0001563838991 0.205253941 0.0005888207521 0.1951085014 0.06119497208 0.2217545225 0.02629501331 0.8989764283 0.00079752546 0.9958704813 0.0001521850548 0.998995183
272.35 0.0001505254375 0.2052637884 0.0005668365846 0.195107112 0.05957002947 0.2194724643 0.02686088196 0.8966834274 0.0008099729813 0.995805833 0.0001539256249 0.9989835073
273 0.0001448866323 0.2052737891 0.0005456730742 0.1951063021 0.05796785224 0.2172725106 0.02743690527 0.8943431761 0.0008226139452 0.9957401767 0.0001556854131 0.9989716988
273.65 0.0001394592436 0.2052839373 0.0005252996331 0.1951060499 0.05638953115 0.2151520507 0.02802316736 0.8919549281 0.0008354513241 0.9956734965 0.0001574648637 0.9989597558
274.3 0.0001342353403 0.2052942274 0.0005056868089 0.1951063346 0.05483604377 0.2131085203 0.02861974776 0.8895179365 0.0008484881333 0.9956057768 0.0001592644344 0.9989476765
274.95 0.0001292072889 0.2053046542 0.0004868062428 0.1951071361 0.05330825852 0.2111394044 0.02922672106 0.887031454 0.0008617274322 0.9955370012 0.0001610845934 0.9989354592
275.6 0.0001243677425 0.2053152125 0.0004686306291 0.195108435 0.05180693895 0.2092422403 0.02984415657 0.8844947344 0.0008751723247 0.9954671536 0.0001629258166 0.9989231019
276.25 0.0001197096294 0.2053258973 0.0004511336767 0.1951102128 0.05033274814 0.2074146196 0.03047211797 0.8819070325 0.0008888259609 0.9953962172 0.0001647885847 0.9989106029
276.9 0.0001152261435 0.2053367039 0.0004342900718 0.1951124515 0.04888625327 0.2056541903 0.0311106629 0.8792676054 0.000902691537 0.9953241753 0.0001666733803 0.9988979602
277.55 0.0001109107339 0.2053476278 0.0004180754414 0.1951151338 0.04746793032 0.2039586578 0.03175984262 0.8765757129 0.0009167722971 0.9952510107 0.0001685806844 0.998885172
278.2 0.0001067570955 0.2053586645 0.0004024663191 0.1951182433 0.04607816873 0.2023257863 0.03241970157 0.8738306187 0.0009310715338 0.995176706 0.0001705109743 0.9988722362
278.85 0.0001027591599 0.2053698098 0.0003874401115 0.1951217638 0.04471727615 0.2007533994 0.03309027698 0.871031591 0.0009455925894 0.9951012436 0.00017246472 0.9988591509
279.5 9.891108626e-05 0.2053810597 0.0003729750658 0.1951256801 0.04338548315 0.1992393806 0.03377159843 0.8681779035 0.0009603388564 0.9950246056 0.0001744423814 0.9988459141
280.15 9.520725285e-05 0.2053924101 0.0003590502388 0.1951299772 0.04208294789 0.1977816732 0.03446368742 0.8652688364 0.0009753137794 0.9949467738 0.0001764444064 0.9988325238
280.8 9.164224899e-05 0.2054038574 0.000345645467 0.1951346411 0.04080976075 0.1963782807 0.03516655691 0.8623036773 0.0009905208551 0.9948677298 0.0001784712276 0.9988189779
281.45 8.821086702e-05 0.2054153979 0.0003327413378 0.1951396579 0.03956594882 0.1950272662 0.03588021089 0.8592817224 0.001005963634 0.9947874548 0.0001805232608 0.9988052744
282.1 8.490809466e-05 0.2054270281 0.0003203191615 0.1951450145 0.03835148032 0.1937267518 0.03660464384 0.8562022772 0.001021645721 0.9947059297 0.0001826009024 0.9987914113
282.75 8.172910773e-05 0.2054387447 0.0003083609448 0.1951506981 0.03716626894 0.1924749186 0.0373398403 0.8530646581 0.001037570776 0.9946231353 0.0001847045284 0.9987773864
283.4 7.866926309e-05 0.2054505443 0.0002968493648 0.1951566965 0.03601017792 0.1912700052 0.03808577434 0.8498681933 0.001053742516 0.994539052 0.0001868344927 0.9987631979
284.05 7.572409183e-05 0.2054624239 0.0002857677442 0.195162998 0.03488302416 0.1901103073 0.03884240907 0.846612224 0.001070164715 0.9944536597 0.0001889911262 0.9987488435
284.7 7.288929275e-05 0.2054743804 0.0002751000273 0.1951695912 0.03378458203 0.1889941764 0.03960969608 0.8432961058 0.001086841204 0.9943669384 0.0001911747362 0.9987343213
285.35 7.016072605e-05 0.205486411 0.0002648307571 0.1951764652 0.03271458708 0.1879200191 0.04038757496 0.8399192098 0.001103775873 0.9942788674 0.0001933856059 0.9987196292
286 6.753440729e-05 0.205498513 0.000254945053 0.1951836095 0.03167273961 0.1868862956 0.04117597273 0.8364809239 0.001120972672 0.994189426 0.0001956239949 0.9987047651
286.65 6.500650156e-05 0.2055106835 0.000245428589 0.195191014 0.03065870802 0.1858915187 0.04197480328 0.8329806548 0.001138435612 0.9940985929 0.0001978901393 0.9986897271
287.3 6.257331787e-05 0.2055229201 0.0002362675741 0.195198669 0.02967213208 0.1849342523 0.04278396683 0.8294178284 0.001156168763 0.9940063467 0.0002001842526 0.9986745131
287.95 6.023130374e-05 0.2055352203 0.0002274487311 0.1952065651 0.02871262589 0.1840131104 0.04360334937 0.8257918922 0.001174176257 0.9939126655 0.0002025065268 0.9986591212
288.6 5.797703998e-05 0.2055475816 0.0002189592787 0.1952146933 0.02777978084 0.1831267558 0.04443282206 0.8221023163 0.00119246229 0.9938175273 0.0002048571342 0.9986435492
289.25 5.580723576e-05 0.2055600018 0.0002107869123 0.195223045 0.02687316829 0.1822738983 0.04527224067 0.8183485953 0.001211031118 0.9937209094 0.0002072362287 0.9986277952
289.9 5.37187237e-05 0.2055724787 0.0002029197866 0.1952316116 0.02599234212 0.181453294 0.04612144501 0.8145302493 0.001229887063 0.9936227892 0.000209643948 0.9986118573
290.55 5.170845531e-05 0.2055850101 0.0001953464983 0.1952403854 0.02513684115 0.1806637434 0.04698025832 0.8106468265 0.001249034509 0.9935231433 0.0002120804162 0.9985957333
291.2 4.977349651e-05 0.205597594 0.0001880560699 0.1952493584 0.02430619139 0.1799040903 0.04784848669 0.8066979038 0.001268477906 0.9934219484 0.000214545746 0.9985794215
291.85 4.791102328e-05 0.2056102284 0.0001810379337 0.1952585232 0.02349990808 0.1791732206 0.0487259185 0.8026830895 0.00128822177 0.9933191805 0.0002170400415 0.9985629196
292.5 4.611831763e-05 0.2056229114 0.0001742819166 0.1952678728 0.02271749774 0.1784700607 0.04961232379 0.7986020244 0.001308270682 0.9932148153 0.0002195634012 0.9985462259
293.15 4.439276351e-05 0.2056356412 0.0001677782251 0.1952774 0.02195845991 0.1777935762 0.05050745374 0.7944543838 0.001328629289 0.9931088284 0.0002221159208 0.9985293382
293.8 4.273184309e-05 0.2056484161 0.0001615174319 0.1952870985 0.02122228884 0.1771427711 0.05141104001 0.7902398793 0.001349302306 0.9930011945 0.0002246976961 0.9985122547
294.45 4.113313298e-05 0.2056612343 0.0001554904613 0.1952969616 0.02050847508 0.1765166857 0.05232279427 0.7859582609 0.001370294518 0.9928918885 0.0002273088266 0.9984949733
295.1 3.959430074e-05 0.2056740941 0.0001496885768 0.1953069833 0.01981650689 0.175914396 0.05324240753 0.7816093184 0.001391610776 0.9927808846 0.0002299494181 0.9984774919
295.75 3.811310145e-05 0.2056869941 0.0001441033683 0.1953171576 0.01914587158 0.1753350123 0.05416954971 0.7771928838 0.001413256004 0.9926681567 0.0002326195856 0.9984598086
296.4 3.668737444e-05 0.2056999328 0.0001387267397 0.1953274789 0.01849605667 0.1747776779 0.05510386899 0.7727088328 0.001435235193 0.9925536781 0.000235319457 0.9984419213
297.05 3.531504008e-05 0.2057129086 0.0001335508975 0.1953379416 0.01786655106 0.1742415683 0.05604499139 0.7681570871 0.00145755341 0.9924374221 0.0002380491749 0.998423828
297.7 3.39940968e-05 0.2057259202 0.0001285683392 0.1953485405 0.01725684599 0.1737258894 0.0569925202 0.7635376161 0.001480215791 0.9923193613 0.0002408089002 0.9984055265
298.35 3.272261812e-05 0.2057389662 0.0001237718427 0.1953592705 0.01666643598 0.1732298772 0.05794603554 0.7588504391 0.001503227548 0.9921994679 0.0002435988138 0.9983870147
299 3.149874984e-05 0.2057520453 0.0001191544557 0.1953701266 0.01609481963 0.172752796 0.05890509389 0.754095627 0.001526593967 0.9920777138 0.0002464191195 0.9983682904
299.65 3.032070732e-05 0.2057651564 0.0001147094857 0.1953811041 0.0155415004 0.1722939378 0.05986922767 0.7492733046 0.00155032041 0.9919540705 0.0002492700458 0.9983493514
300.3 2.918677289e-05 0.2057782981 0.0001104304904 0.1953921986 0.01500598724 0.1718526214 0.06083794485 0.7443836522 0.001574412315 0.9918285089 0.0002521518475 0.9983301955
300.95 2.809529331e-05 0.2057914693 0.0001063112681 0.1954034056 0.01448779523 0.171428191 0.06181072858 0.7394269079 0.0015988752 0.9917009997 0.0002550648075 0.9983108204
301.6 2.704467738e-05 0.2058046689 0.0001023458488 0.195414721 0.01398644605 0.1710200154 0.06278703686 0.7344033693 0.001623714661 0.9915715128 0.000258009238 0.9982912237
302.25 2.603339356e-05 0.2058178959 9.852848573e-05 0.1954261406 0.01350146851 0.1706274874 0.0637663023 0.7293133958 0.001648936377 0.9914400181 0.000260985481 0.998271403
302.9 2.505996781e-05 0.2058311492 9.485364688e-05 0.1954376607 0.01303239891 0.1702500225 0.06474793183 0.7241574098 0.001674546106 0.9913064848 0.0002639939095 0.9982513559
303.55 2.412298135e-05 0.2058444278 9.131600698e-05 0.1954492773 0.01257878139 0.1698870583 0.06573130653 0.7189358994 0.00170054969 0.9911708816 0.0002670349272 0.9982310799
304.2 2.322106863e-05 0.2058577308 8.791043976e-05 0.195460987 0.0121401683 0.1695380534 0.06671578151 0.7136494196 0.001726953059 0.9910331768 0.0002701089686 0.9982105724
304.85 2.235291534e-05 0.2058710572 8.46320106e-05 0.1954727862 0.01171612034 0.1692024872 0.0677006858 0.7082985942 0.001753762223 0.9908933382 0.0002732164989 0.9981898308
305.5 2.151725644e-05 0.2058844062 8.147596927e-05 0.1954846716 0.0113062069 0.1688798583 0.06868532238 0.7028841179 0.001780983285 0.9907513333 0.0002763580128 0.9981688525
306.15 2.071287437e-05 0.2058977769 7.843774313e-05 0.19549664 0.01091000613 0.1685696845 0.06966896815 0.6974067573 0.001808622431 0.9906071288 0.0002795340337 0.9981476345
306.8 1.993859722e-05 0.2059111685 7.551293043e-05 0.1955086882 0.01052710514 0.1682715015 0.07065087412 0.691867353 0.001836685942 0.9904606911 0.0002827451125 0.9981261742
307.45 1.919329703e-05 0.2059245801 7.269729397e-05 0.1955208134 0.01015710006 0.1679848629 0.07163026553 0.686266821 0.001865180186 0.9903119862 0.0002859918254 0.9981044688
308.1 1.847588816e-05 0.2059380111 6.998675492e-05 0.1955330125 0.009799596148 0.1677093387 0.07260634216 0.6806061538 0.001894111626 0.9901609792 0.0002892747728 0.9980825151
308.75 1.778532568e-05 0.2059514607 6.737738691e-05 0.1955452829 0.009454207821 0.1674445153 0.07357827864 0.674886422 0.001923486815 0.9900076352 0.0002925945762 0.9980603103
309.4 1.712060384e-05 0.2059649282 6.486541034e-05 0.1955576218 0.009120558662 0.1671899946 0.07454522491 0.6691087756 0.001953312404 0.9898519183 0.0002959518766 0.9980378513
310.05 1.648075462e-05 0.2059784129 6.24471869e-05 0.1955700268 0.008798281426 0.1669453937 0.07550630667 0.6632744446 0.001983595138 0.9896937925 0.0002993473316 0.998015135
310.7 1.586484628e-05 0.2059919142 6.011921426e-05 0.1955824952 0.008487018014 0.1667103437 0.07646062608 0.6573847403 0.002014341861 0.9895332208 0.0003027816125 0.9979921582
311.35 1.527198205e-05 0.2060054315 5.787812102e-05 0.1955950249 0.008186419425 0.16648449 0.07740726236 0.6514410562 0.002045559512 0.9893701661 0.0003062554018 0.9979689177
312 1.470129875e-05 0.206018964 5.572066181e-05 0.1956076134 0.007896145697 0.166267491 0.07834527269 0.6454448682 0.002077255131 0.9892045905 0.0003097693901 0.9979454102
312.65 1.41519656e-05 0.2060325114 5.364371254e-05 0.1956202586 0.007615865828 0.1660590181 0.07927369303 0.6393977357 0.00210943586 0.9890364555 0.0003133242728 0.9979216324
313.3 1.362318296e-05 0.2060460729 5.164426594e-05 0.1956329584 0.007345257682 0.165858755 0.08019153917 0.6333013013 0.002142108939 0.9888657223 0.0003169207477 0.9978975809
313.95 1.311418115e-05 0.2060596481 4.97194271e-05 0.1956457106 0.00708400789 0.1656663974 0.08109780786 0.6271572917 0.002175281713 0.9886923511 0.0003205595116 0.9978732523
314.6 1.262421938e-05 0.2060732364 4.786640937e-05 0.1956585134 0.006831811736 0.1654816522 0.081991478 0.6209675168 0.002208961629 0.9885163019 0.0003242412576 0.9978486431
315.25 1.215258461e-05 0.2060868373 4.608253021e-05 0.1956713648 0.006588373027 0.1653042373 0.08287151201 0.6147338701 0.002243156242 0.988337534 0.0003279666724 0.9978237498
315.9 1.169859054e-05 0.2061004504 4.43652074e-05 0.1956842631 0.006353403969 0.1651338814 0.08373685727 0.6084583282 0.002277873208 0.988156006 0.0003317364334 0.997798569
316.55 1.126157659e-05 0.2061140752 4.27119552e-05 0.1956972064 0.006126625021 0.1649703232 0.08458644769 0.6021429499 0.002313120294 0.987971676 0.0003355512067 0.9977730969
317.2 1.084090696e-05 0.2061277113 4.11203808e-05 0.1957101931 0.005907764754 0.1648133111 0.0854192054 0.5957898754 0.002348905373 0.9877845014 0.0003394116448 0.9977473301
317.85 1.043596966e-05 0.2061413582 3.958818082e-05 0.1957232216 0.005696559699 0.1646626031 0.08623404258 0.5894013253 0.002385236428 0.9875944391 0.0003433183843 0.9977212649
318.5 1.004617567e-05 0.2061550154 3.811313796e-05 0.1957362903 0.00549275419 0.1645179662 0.08702986331 0.5829795994 0.002422121551 0.9874014451 0.0003472720449 0.9976948977
319.15 9.670958012e-06 0.2061686827 3.669311781e-05 0.1957493977 0.005296100211 0.1643791759 0.08780556569 0.5765270746 0.002459568946 0.9872054752 0.0003512732273 0.9976682247
319.8 9.309770987e-06 0.2061823596 3.532606573e-05 0.1957625423 0.005106357229 0.1642460164 0.08856004391 0.5700462038 0.002497586932 0.9870064841 0.000355322513 0.9976412424
320.45 8.962089335e-06 0.2061960458 3.401000386e-05 0.1957757227 0.004923292031 0.1641182797 0.08929219059 0.563539513 0.002536183938 0.9868044261 0.000359420463 0.997613947
321.1 8.627407486e-06 0.2062097408 3.274302828e-05 0.1957889376 0.004746678563 0.1639957656 0.09000089907 0.5570095997 0.002575368512 0.9865992548 0.0003635676175 0.9975863348
321.75 8.305238815e-06 0.2062234444 3.15233062e-05 0.1958021858 0.004576297762 0.1638782816 0.09068506594 0.5504591298 0.002615149315 0.9863909231 0.0003677644965 0.997558402
322.4 7.995114934e-06 0.2062371563 3.034907335e-05 0.1958154659 0.004411937388 0.1637656421 0.09134359358 0.5438908349 0.002655535129 0.9861793832 0.0003720115992 0.9975301449
323.05 7.696585008e-06 0.206250876 2.921863137e-05 0.1958287767 0.004253391857 0.1636576685 0.09197539288 0.5373075091 0.002696534852 0.9859645866 0.0003763094056 0.9975015598
323.7 7.409215094e-06 0.2062646034 2.813034538e-05 0.1958421172 0.004100462081 0.1635541889 0.09257938593 0.5307120058 0.002738157505 0.9857464842 0.0003806583768 0.9974726429
324.35 7.13258751e-06 0.2062783381 2.708264159e-05 0.1958554862 0.003952955293 0.1634550376 0.09315450892 0.5241072335 0.002780412231 0.985525026 0.0003850589571 0.9974433904
325 6.866300224e-06 0.2062920798 2.607400502e-05 0.1958688826 0.003810684892 0.1633600554 0.09369971501 0.5174961526 0.002823308294 0.9853001614 0.0003895115748 0.9974137986
325.65 6.609966267e-06 0.2063058283 2.51029773e-05 0.1958823053 0.003673470274 0.1632690886 0.09421397736 0.5108817707 0.002866855086 0.9850718391 0.0003940166449 0.9973838635
326.3 6.363213167e-06 0.2063195833 2.416815456e-05 0.1958957535 0.003541136671 0.1631819896 0.09469629214 0.5042671382 0.002911062122 0.984840007 0.0003985745705 0.9973535815
326.95 6.125682408e-06 0.2063333446 2.326818539e-05 0.1959092261 0.003413514997 0.1630986161 0.0951456816 0.4976553439 0.002955939048 0.9846046122 0.000403185746 0.9973229486
327.6 5.897028904e-06 0.2063471118 2.240176885e-05 0.1959227223 0.003290441682 0.1630188309 0.09556119723 0.4910495096 0.003001495638 0.9843656013 0.0004078505593 0.997291961
328.25 5.676920496e-06 0.2063608849 2.156765262e-05 0.1959362411 0.003171758524 0.1629425022 0.09594192286 0.4844527854 0.003047741796 0.9841229197 0.0004125693944 0.9972606148
328.9 5.465037469e-06 0.2063746634 2.076463119e-05 0.1959497817 0.003057312535 0.162869503 0.09628697785 0.4778683443 0.00309468756 0.9838765124 0.0004173426345 0.9972289062
329.55 5.261072082e-06 0.2063884474 1.999154406e-05 0.1959633432 0.002946955787 0.1627997108 0.0965955202 0.4712993761 0.0031423431 0.9836263234 0.0004221706652 0.9971968311
330.2 5.064728122e-06 0.2064022364 1.924727409e-05 0.195976925 0.002840545268 0.162733008 0.09686674972 0.4647490823 0.003190718723 0.9833722959 0.000427053877 0.9971643857
330.85 4.87572047e-06 0.2064160304 1.853074588e-05 0.1959905261 0.002737942738 0.1626692809 0.09709991109 0.45822067 0.003239824873 0.9831143726 0.0004319926689 0.9971315659
331.5 4.693774686e-06 0.2064298291 1.784092421e-05 0.196004146 0.002639014583 0.1626084205 0.09729429692 0.4517173456 0.00328967213 0.9828524949 0.000436987451 0.9970983678
332.15 4.518626608e-06 0.2064436323 1.717681253e-05 0.1960177838 0.002543631679 0.1625503213 0.09744925077 0.4452423087 0.003340271217 0.9825866037 0.0004420386479 0.9970647872
332.8 4.350021966e-06 0.2064574399 1.65374515e-05 0.1960314389 0.002451669257 0.1624948823 0.09756416999 0.4387987458 0.003391632995 0.9823166389 0.0004471467011 0.9970308199
333.45 4.187716014e-06 0.2064712517 1.592191764e-05 0.1960451107 0.002363006766 0.1624420056 0.09763850858 0.4323898241 0.003443768471 0.9820425396 0.0004523120723 0.996996462
334.1 4.03147317e-06 0.2064850676 1.532932193e-05 0.1960587985 0.002277527747 0.1623915974 0.09767177987 0.4260186848 0.003496688794 0.9817642442 0.0004575352456 0.9969617091
334.75 3.881066671e-06 0.2064988873 1.475880858e-05 0.1960725018 0.002195119703 0.1623435671 0.09766355904 0.4196884364 0.003550405257 0.9814816899 0.0004628167301 0.9969265569
335.4 3.736278249e-06 0.2065127107 1.420955377e-05 0.1960862198 0.002115673978 0.1622978277 0.09761348562 0.4134021488 0.003604929304 0.9811948132 0.000468157062 0.9968910012
336.05 3.596897806e-06 0.2065265377 1.368076443e-05 0.1960999522 0.002039085631 0.162254295 0.09752126564 0.4071628461 0.003660272522 0.9809035498 0.0004735568068 0.9968550375
336.7 3.462723109e-06 0.2065403681 1.31716771e-05 0.1961136982 0.001965253325 0.1622128883 0.09738667376 0.4009735007 0.003716446651 0.9806078343 0.0004790165607 0.9968186613
337.35 3.333559498e-06 0.2065542019 1.268155687e-05 0.1961274575 0.001894079208 0.1621735296 0.09720955511 0.3948370264 0.003773463581 0.9803076005 0.000484536952 0.9967818681
338 3.209219601e-06 0.2065680387 1.220969623e-05 0.1961412295 0.001825468801 0.162136144 0.09698982699 0.3887562725 0.003831335352 0.9800027812 0.0004901186425 0.9967446533
338.65 3.089523059e-06 0.2065818786 1.175541412e-05 0.1961550138 0.001759330889 0.1621006592 0.09672748023 0.3827340176 0.003890074159 0.9796933083 0.0004957623278 0.9967070122
339.3 2.974296264e-06 0.2065957215 1.13180549e-05 0.1961688098 0.001695577418 0.1620670056 0.09642258044 0.3767729633 0.003949692351 0.9793791128 0.0005014687381 0.99666894
339.95 2.863372109e-06 0.2066095671 1.089698741e-05 0.1961826171 0.00163412339 0.1620351162 0.0960752689 0.3708757286 0.00401020243 0.9790601246 0.0005072386381 0.9966304319
340.6 2.756589739e-06 0.2066234154 1.049160406e-05 0.1961964353 0.001574886763 0.1620049263 0.09568576326 0.3650448443 0.004071617058 0.9787362727 0.000513072827 0.9965914828
341.25 2.653794321e-06 0.2066372662 1.010131995e-05 0.196210264 0.001517788352 0.1619763739 0.09525435793 0.3592827475 0.004133949053 0.9784074853 0.0005189721376 0.9965520879
341.9 2.554836817e-06 0.2066511196 9.725572004e-06 0.1962241028 0.001462751738 0.1619493991 0.09478142416 0.3535917767 0.004197211392 0.9780736892 0.0005249374356 0.9965122418
342.55 2.459573766e-06 0.2066649753 9.363818181e-06 0.1962379512 0.001409703174 0.161923944 0.09426740988 0.3479741667 0.004261417212 0.9777348105 0.0005309696182 0.9964719395
343.2 2.367867077e-06 0.2066788332 9.015536668e-06 0.196251809 0.001358571496 0.1618999532 0.09371283922 0.3424320444 0.00432657981 0.9773907743 0.0005370696129 0.9964311757
343.85 2.279583825e-06 0.2066926934 8.680225132e-06 0.1962656758 0.001309288038 0.1618773731 0.09311831173 0.3369674245 0.004392712648 0.9770415045 0.0005432383754 0.9963899449
344.5 2.194596062e-06 0.2067065556 8.357399995e-06 0.1962795512 0.001261786547 0.1618561521 0.09248450126 0.3315822057 0.004459829347 0.976686924 0.0005494768876 0.9963482417
345.15 2.112780624e-06 0.2067204198 8.046595728e-06 0.1962934348 0.0012160031 0.1618362405 0.09181215463 0.3262781675 0.004527943698 0.9763269547 0.0005557861555 0.9963060604
345.8 2.034018957e-06 0.2067342859 7.747364177e-06 0.1963073265 0.001171876029 0.1618175905 0.09110208992 0.3210569669 0.004597069652 0.9759615174 0.0005621672067 0.9962633956
346.45 1.958196944e-06 0.2067481539 7.459273916e-06 0.1963212258 0.001129345842 0.161800156 0.09035519445 0.3159201362 0.004667221329 0.9755905318 0.0005686210873 0.9962202413
347.1 1.885204736e-06 0.2067620236 7.181909623e-06 0.1963351325 0.00108835515 0.1617838926 0.08957242256 0.3108690804 0.004738413017 0.9752139166 0.00057514886 0.9961765918
347.75 1.814936594e-06 0.206775895 6.914871474e-06 0.1963490463 0.001048848595 0.1617687575 0.08875479305 0.3059050759 0.004810659172 0.9748315893 0.0005817516003 0.9961324413
348.4 1.747290735e-06 0.206789768 6.657774566e-06 0.196362967 0.001010772779 0.1617547095 0.08790338631 0.301029269 0.004883974419 0.9744434663 0.0005884303945 0.9960877836
349.05 1.682169183e-06 0.2068036426 6.410248362e-06 0.1963768941 0.0009740761983 0.1617417088 0.0870193413 0.2962426752 0.004958373555 0.974049463 0.000595186336 0.9960426127
349.7 1.619477627e-06 0.2068175186 6.171936151e-06 0.1963908276 0.00093870918 0.1617297173 0.08610385218 0.2915461787 0.005033871549 0.9736494934 0.0006020205231 0.9959969225
350.35 1.559125284e-06 0.206831396 5.942494532e-06 0.1964047672 0.0009046238157 0.1617186981 0.08515816477 0.2869405327 0.00511048354 0.9732434707 0.0006089340556 0.9959507068
351 1.501024768e-06 0.2068452748 5.721592919e-06 0.1964187126 0.0008717739019 0.1617086157 0.08418357282 0.2824263595 0.005188224844 0.9728313066 0.0006159280325 0.9959039592
351.65 1.445091958e-06 0.2068591549 5.508913059e-06 0.1964326635 0.0008401148813 0.1616994358 0.08318141399 0.2780041523 0.005267110948 0.9724129118 0.0006230035494 0.9958566735
352.3 1.391245883e-06 0.2068730362 5.304148575e-06 0.1964466199 0.0008096037851 0.1616911257 0.08215306582 0.2736742755 0.005347157519 0.9719881959 0.0006301616959 0.9958088432
352.95 1.339408598e-06 0.2068869186 5.107004518e-06 0.1964605815 0.0007801991783 0.1616836534 0.0810999414 0.2694369677 0.005428380397 0.971557067 0.0006374035535 0.9957604619
353.6 1.289505072e-06 0.2069008022 4.917196945e-06 0.196474548 0.0007518611057 0.1616769886 0.080023485 0.2652923428 0.0055107956 0.9711194323 0.0006447301941 0.9957115229
354.25 1.241463082e-06 0.2069146869 4.734452504e-06 0.1964885193 0.0007245510405 0.1616711016 0.07892516761 0.2612403936 0.005594419323 0.9706751976 0.0006521426775 0.9956620197
354.9 1.195213104e-06 0.2069285726 4.558508041e-06 0.1965024952 0.0006982318343 0.1616659641 0.07780648238 0.2572809941 0.005679267941 0.9702242676 0.0006596420508 0.9956119457
355.55 1.150688215e-06 0.2069424593 4.389110217e-06 0.1965164755 0.0006728676692 0.1616615488 0.07666893998 0.2534139031 0.005765358009 0.9697665456 0.0006672293469 0.995561294
356.2 1.107823993e-06 0.2069563469 4.226015145e-06 0.19653046 0.0006484240102 0.1616578293 0.07551406406 0.2496387678 0.005852706259 0.9693019336 0.0006749055839 0.9955100581
356.85 1.066558426e-06 0.2069702354 4.068988031e-06 0.1965444486 0.0006248675612 0.1616547803 0.07434338654 0.2459551277 0.005941329606 0.9688303327 0.0006826717647 0.995458231
357.5 1.026831818e-06 0.2069841247 3.917802841e-06 0.1965584412 0.0006021662205 0.1616523773 0.07315844311 0.2423624189 0.006031245145 0.9683516422 0.0006905288768 0.9954058059
358.15 9.885867076e-07 0.2069980149 3.772241969e-06 0.1965724375 0.0005802890391 0.1616505968 0.07196076865 0.2388599785 0.006122470151 0.9678657605 0.0006984778926 0.9953527759
358.8 9.517677797e-07 0.2070119058 3.632095927e-06 0.1965864374 0.0005592061802 0.161649416 0.0707518928 0.2354470492 0.006215022081 0.9673725845 0.0007065197701 0.9952991341
359.45 9.163217875e-07 0.2070257974 3.497163037e-06 0.1966004408 0.0005388888794 0.1616488131 0.06953333563 0.2321227842 0.006308918575 0.9668720098 0.0007146554536 0.9952448734
360.1 8.821974743e-07 0.2070396898 3.367249142e-06 0.1966144475 0.0005193094071 0.161648767 0.06830660338 0.2288862523 0.006404177454 0.9663639307 0.0007228858753 0.9951899868
360.75 8.493454997e-07 0.2070535828 3.242167325e-06 0.1966284574 0.0005004410316 0.1616492575 0.06707318448 0.2257364425 0.006500816719 0.9658482402 0.0007312119564 0.9951344672
361.4 8.17718367e-07 0.2070674764 3.121737639e-06 0.1966424703 0.000482257984 0.161650265 0.06583454555 0.22267227 0.006598854556 0.9653248299 0.0007396346092 0.9950783074
362.05 7.872703548e-07 0.2070813706 3.005786845e-06 0.1966564862 0.0004647354237 0.1616517705 0.06459212774 0.2196925808 0.00669830933 0.9647935899 0.0007481547392 0.9950215002
362.7 7.579574507e-07 0.2070952653 2.894148165e-06 0.196670505 0.0004478494055 0.1616537561 0.06334734323 0.2167961574 0.006799199588 0.9642544091 0.0007567732473 0.9949640385
363.35 7.297372867e-07 0.2071091606 2.786661038e-06 0.1966845264 0.0004315768478 0.1616562042 0.06210157188 0.2139817237 0.006901544059 0.9637071749 0.0007654910324 0.9949059148
364 7.025690784e-07 0.2071230564 2.683170886e-06 0.1966985505 0.0004158955018 0.1616590979 0.06085615823 0.2112479507 0.00700536165 0.9631517735 0.000774308994 0.9948471218
364.65 6.764135652e-07 0.2071369527 2.583528899e-06 0.196712577 0.0004007839215 0.1616624211 0.0596124086 0.2085934615 0.007110671452 0.9625880895 0.0007832280353 0.994787652
365.3 6.512329536e-07 0.2071508494 2.487591809e-06 0.196726606 0.0003862214357 0.161666158 0.05837158858 0.2060168364 0.007217492732 0.962016006 0.0007922490661 0.994727498
365.95 6.269908622e-07 0.2071647465 2.39522169e-06 0.1967406372 0.0003721881196 0.1616702936 0.05713492063 0.2035166182 0.007325844936 0.9614354048 0.0008013730056 0.9946666522
366.6 6.03652269e-07 0.2071786441 2.306285759e-06 0.1967546707 0.0003586647685 0.1616748134 0.05590358205 0.2010913169 0.007435747689 0.9608461663 0.0008106007857 0.994605107
367.25 5.811834602e-07 0.207192542 2.220656179e-06 0.1967687062 0.0003456328722 0.1616797033 0.05467870319 0.1987394146 0.007547220793 0.9602481693 0.0008199333541 0.9945428545
367.9 5.595519818e-07 0.2072064402 2.138209879e-06 0.1967827438 0.0003330745894 0.16168495 0.05346136584 0.1964593703 0.007660284224 0.9596412913 0.0008293716773 0.9944798871
368.55 5.387265921e-07 0.2072203388 2.058828374e-06 0.1967967833 0.0003209727247 0.1616905404 0.05225260197 0.1942496241 0.007774958134 0.9590254082 0.0008389167436 0.9944161969
369.2 5.186772163e-07 0.2072342377 1.982397595e-06 0.1968108247 0.0003093107047 0.1616964619 0.05105339268 0.1921086018 0.007891262847 0.9584003943 0.0008485695659 0.9943517758
369.85 4.993749033e-07 0.2072481369 1.908807725e-06 0.1968248679 0.0002980725558 0.1617027026 0.04986466742 0.190034719 0.008009218861 0.9577661228 0.0008583311845 0.9942866159
370.5 4.807917832e-07 0.2072620363 1.837953035e-06 0.1968389127 0.000287242883 0.1617092508 0.04868730343 0.1880263848 0.008128846841 0.9571224649 0.0008682026695 0.9942207088
371.15 4.62901027e-07 0.207275936 1.769731741e-06 0.1968529592 0.0002768068488 0.1617160954 0.04752212544 0.1860820056 0.008250167625 0.9564692907 0.0008781851235 0.9941540465
371.8 4.456768079e-07 0.2072898359 1.704045847e-06 0.1968670073 0.000266750153 0.1617232254 0.04636990553 0.184199989 0.008373202214 0.9558064685 0.0008882796832 0.9940866204
372.45 4.290942635e-07 0.2073037361 1.640801011e-06 0.1968810569 0.000257059014 0.1617306306 0.04523136333 0.1823787464 0.008497971776 0.9551338652 0.0008984875215 0.9940184222
373.1 4.131294601e-07 0.2073176364 1.579906403e-06 0.1968951079 0.0002477201493 0.1617383009 0.04410716626 0.1806166966 0.008624497641 0.9544513461 0.0009088098493 0.9939494431
373.75 3.977593575e-07 0.2073315369 1.52127458e-06 0.1969091602 0.0002387207582 0.1617462267 0.04299793013 0.1789122687 0.008752801301 0.953758775 0.0009192479161 0.9938796745
374.4 3.829617761e-07 0.2073454376 1.464821354e-06 0.1969232139 0.0002300485041 0.1617543986 0.04190421974 0.1772639043 0.008882904405 0.9530560141 0.0009298030117 0.9938091076
375.05 3.687153644e-07 0.2073593384 1.410465674e-06 0.1969372688 0.0002216914978 0.1617628078 0.04082654982 0.1756700602 0.009014828758 0.9523429241 0.0009404764661 0.9937377334
375.7 3.549995681e-07 0.2073732393 1.358129509e-06 0.1969513249 0.0002136382814 0.1617714455 0.03976538596 0.1741292108 0.009148596318 0.951619364 0.0009512696503 0.9936655427
376.35 3.417946003e-07 0.2073871404 1.307737732e-06 0.1969653822 0.0002058778128 0.1617803035 0.03872114579 0.1726398496 0.009284229195 0.9508851913 0.000962183976 0.9935925263
377 3.29081413e-07 0.2074010415 1.259218016e-06 0.1969794405 0.0001983994506 0.1617893737 0.03769420023 0.1712004917 0.009421749645 0.950140262 0.0009732208951 0.993518675
377.65 3.168416693e-07 0.2074149428 1.212500729e-06 0.1969934999 0.0001911929395 0.1617986484 0.03668487485 0.1698096747 0.009561180067 0.9493844303 0.0009843818991 0.9934439791
378.3 3.050577165e-07 0.2074288441 1.167518828e-06 0.1970075603 0.0001842483967 0.1618081202 0.03569345133 0.1684659609 0.009702543002 0.9486175489 0.0009956685182 0.9933684291
378.95 2.937125615e-07 0.2074427455 1.124207771e-06 0.1970216216 0.000177556298 0.1618177819 0.03472016899 0.1671679378 0.009845861128 0.947839469 0.00100708232 0.9932920151
379.6 2.827898449e-07 0.207456647 1.082505418e-06 0.1970356839 0.0001711074653 0.1618276266 0.03376522642 0.1659142197 0.009991157256 0.9470500402 0.001018624906 0.9932147274
380.25 2.722738183e-07 0.2074705485 1.042351941e-06 0.197049747 0.0001648930535 0.1618376476 0.03282878311 0.1647034485 0.01013845433 0.9462491101 0.001030297915 0.9931365557
380.9 2.62149321e-07 0.2074844501 1.003689743e-06 0.1970638109 0.0001589045392 0.1618478385 0.03191096117 0.1635342944 0.0102877754 0.9454365252 0.001042103013 0.99305749
381.55 2.524017581e-07 0.2074983516 9.664633687e-07 0.1970778756 0.0001531337082 0.1618581931 0.03101184705 0.1624054567 0.01043914367 0.9446121301 0.0010540419 0.9929775198
382.2 2.430170796e-07 0.2075122532 9.306194292e-07 0.197091941 0.0001475726451 0.1618687055 0.03013149332 0.161315664 0.01059258243 0.9437757678 0.001066116297 0.9928966349
382.85 2.339817595e-07 0.2075261548 8.961065225e-07 0.1971060072 0.0001422137219 0.1618793699 0.02926992038 0.1602636749 0.01074811509 0.9429272797 0.001078327955 0.9928148244
383.5 2.25282777e-07 0.2075400564 8.628751606e-07 0.197120074 0.0001370495878 0.1618901809 0.02842711826 0.1592482783 0.01090576518 0.9420665056 0.001090678644 0.9927320778
384.15 2.169075966e-07 0.2075539579 8.308776973e-07 0.1971341414 0.0001320731593 0.161901133 0.02760304838 0.1582682932 0.01106555629 0.9411932836 0.001103170151 0.9926483841
384.8 2.088441512e-07 0.2075678595 8.000682604e-07 0.1971482095 0.0001272776103 0.1619122211 0.02679764526 0.1573225689 0.01122751216 0.9403074503 0.001115804281 0.9925637323
385.45 2.010808235e-07 0.207581761 7.70402685e-07 0.1971622781 0.0001226563628 0.1619234403 0.02601081825 0.1564099853 0.01139165657 0.9394088405 0.001128582852 0.9924781113
386.1 1.936064297e-07 0.2075956625 7.418384501e-07 0.1971763472 0.0001182030779 0.1619347858 0.02524245321 0.1555294524 0.0115580134 0.9384972874 0.001141507693 0.9923915098
386.75 1.864102036e-07 0.2076095639 7.143346172e-07 0.1971904169 0.0001139116472 0.161946253 0.02449241419 0.1546799101 0.01172660661 0.9375726228 0.001154580639 0.9923039164
387.4 1.794817802e-07 0.2076234653 6.878517717e-07 0.1972044871 0.0001097761845 0.1619578375 0.02376054499 0.1538603284 0.01189746021 0.9366346765 0.001167803532 0.9922153197
388.05 1.728111814e-07 0.2076373666 6.623519655e-07 0.1972185577 0.0001057910175 0.1619695351 0.02304667078 0.1530697064 0.0120705983 0.9356832771 0.001181178216 0.992125708
388.7 1.663888014e-07 0.2076512679 6.377986629e-07 0.1972326287 0.0001019506801 0.1619813415 0.02235059956 0.1523070727 0.012246045 0.9347182512 0.001194706535 0.9920350695
389.35 1.602053926e-07 0.207665169 6.141566878e-07 0.1972467002 9.824990517e-05 0.1619932528 0.02167212371 0.1515714844 0.0124238245 0.9337394241 0.001208390335 0.9919433923
390 1.542520524e-07 0.2076790701 5.913921729e-07 0.197260772 9.468361707e-05 0.1620052653 0.02101102133 0.1508620269 0.012603961 0.9327466192 0.001222231455 0.9918506645
390.65 1.485202101e-07 0.2076929711 5.694725111e-07 0.1972748442 9.124692472e-05 0.1620173752 0.02036705762 0.1501778135 0.01278647876 0.9317396585 0.001236231734 0.9917568739
391.3 1.430016149e-07 0.207706872 5.483663085e-07 0.1972889167 8.793511498e-05 0.1620295791 0.01973998623 0.1495179846 0.01297140203 0.9307183624 0.001250393003 0.9916620084
391.95 1.376883235e-07 0.2077207729 5.280433392e-07 0.1973029896 8.474364611e-05 0.1620418733 0.01912955044 0.1488817074 0.01315875509 0.9296825497 0.001264717087 0.9915660555
392.6 1.32572689e-07 0.2077346736 5.084745019e-07 0.1973170627 8.166814162e-05 0.1620542548 0.0185354844 0.1482681753 0.01334856222 0.9286320375 0.001279205807 0.9914690029
393.25 1.276473496e-07 0.2077485742 4.896317777e-07 0.1973311361 7.870438418e-05 0.1620667203 0.01795751422 0.1476766074 0.01354084766 0.9275666415 0.001293860973 0.991370838
393.9 1.22905218e-07 0.2077624747 4.714881903e-07 0.1973452098 7.584830991e-05 0.1620792667 0.01739535908 0.1471062476 0.01373563567 0.9264861757 0.001308684394 0.9912715481
394.55 1.183394712e-07 0.2077763751 4.540177665e-07 0.1973592837 7.309600276e-05 0.1620918912 0.01684873222 0.1465563644 0.01393295045 0.9253904528 0.001323677868 0.9911711204
395.2 1.139435406e-07 0.2077902753 4.371954996e-07 0.1973733578 7.044368913e-05 0.1621045908 0.0163173419 0.14602625 0.01413281616 0.9242792837 0.00133884319 0.9910695421
395.85 1.097111025e-07 0.2078041754 4.209973127e-07 0.1973874321 6.788773273e-05 0.1621173628 0.01580089232 0.1455152199 0.01433525693 0.9231524779 0.001354182152 0.9909668001
396.5 1.05636069e-07 0.2078180754 4.054000245e-07 0.1974015066 6.542462955e-05 0.1621302046 0.01529908444 0.145022612 0.01454029679 0.9220098434 0.001369696542 0.9908628813
397.15 1.017125792e-07 0.2078319753 3.903813159e-07 0.1974155813 6.305100308e-05 0.1621431137 0.01481161679 0.1445477863 0.01474795972 0.9208511868 0.001385388147 0.9907577725
397.8 9.79349905e-08 0.207845875 3.759196977e-07 0.1974296561 6.076359965e-05 0.1621560875 0.01433818622 0.1440901241 0.01495826958 0.9196763132 0.001401258758 0.9906514604
398.45 9.429787091e-08 0.2078597746 3.619944799e-07 0.1974437311 5.855928396e-05 0.1621691239 0.01387848856 0.1436490276 0.01517125015 0.9184850262 0.001417310165 0.9905439314
399.1 9.079599076e-08 0.207873674 3.485857418e-07 0.1974578061 5.64350348e-05 0.1621822203 0.0134322193 0.143223919 0.01538692508 0.9172771279 0.001433544169 0.990435172
399.75 8.742431535e-08 0.2078875733 3.356743035e-07 0.1974718813 5.438794088e-05 0.1621953748 0.01299907416 0.1428142402 0.01560531787 0.9160524193 0.001449962576 0.9903251685
400.4 8.417799764e-08 0.2079014724 3.232416983e-07 0.1974859566 5.241519683e-05 0.1622085851 0.01257874965 0.1424194518 0.01582645191 0.9148106997 0.001466567207 0.990213907
401.05 8.105237124e-08 0.2079153714 3.11270146e-07 0.197500032 5.051409937e-05 0.1622218492 0.01217094358 0.1420390331 0.01605035038 0.9135517673 0.001483359893 0.9901013735
401.7 7.804294368e-08 0.2079292702 2.997425275e-07 0.1975141074 4.868204356e-05 0.1622351652 0.01177535551 0.1416724811 0.01627703633 0.9122754188 0.001500342488 0.989987554
402.35 7.514538992e-08 0.2079431688 2.886423599e-07 0.1975281829 4.691651925e-05 0.1622485312 0.01139168719 0.1413193101 0.01650653257 0.9109814498 0.001517516863 0.9898724341
403 7.235554609e-08 0.2079570673 2.779537735e-07 0.1975422585 4.521510762e-05 0.1622619454 0.01101964296 0.1409790511 0.01673886173 0.9096696545 0.001534884914 0.9897559994
403.65 6.966940346e-08 0.2079709656 2.676614882e-07 0.1975563341 4.357547786e-05 0.1622754059 0.01065893009 0.1406512513 0.01697404618 0.9083398258 0.001552448565 0.9896382355
404.3 6.708310272e-08 0.2079848637 2.577507919e-07 0.1975704097 4.199538396e-05 0.1622889111 0.01030925908 0.1403354736 0.01721210806 0.9069917557 0.001570209769 0.9895191275
404.95 6.459292832e-08 0.2079987616 2.482075194e-07 0.1975844853 4.047266163e-05 0.1623024595 0.009970343992 0.140031296 0.01745306926 0.9056252347 0.001588170511 0.9893986607
405.6 6.219530318e-08 0.2080126594 2.390180321e-07 0.197598561 3.900522534e-05 0.1623160493 0.009641902667 0.1397383113 0.01769695135 0.9042400523 0.001606332815 0.9892768199
406.25 5.988678346e-08 0.208026557 2.30169198e-07 0.1976126366 3.759106542e-05 0.1623296791 0.009323656977 0.1394561263 0.0179437756 0.9028359971 0.00162469874 0.98915359
406.9 5.766405365e-08 0.2080404544 2.216483735e-07 0.1976267122 3.622824533e-05 0.1623433475 0.009015333019 0.1391843618 0.01819356299 0.9014128564 0.001643270388 0.9890289556
407.55 5.552392175e-08 0.2080543516 2.134433847e-07 0.1976407878 3.491489897e-05 0.162357053 0.008716661296 0.1389226514 0.01844633411 0.8999704167 0.001662049903 0.988902901
408.2 5.346331465e-08 0.2080682487 2.055425099e-07 0.1976548634 3.364922816e-05 0.1623707942 0.008427376866 0.1386706419 0.0187021092 0.8985084633 0.001681039477 0.9887754107
408.85 5.147927373e-08 0.2080821455 1.979344633e-07 0.1976689389 3.242950012e-05 0.1623845699 0.008147219479 0.1384279924 0.01896090812 0.8970267808 0.001700241345 0.9886464685
409.5 4.956895058e-08 0.2080960422 1.906083783e-07 0.1976830144 3.125404511e-05 0.1623983789 0.007875933685 0.1381943739 0.0192227503 0.8955251529 0.001719657792 0.9885160585
410.15 4.772960287e-08 0.2081099387 1.83553792e-07 0.1976970899 3.012125414e-05 0.1624122198 0.007613268926 0.1379694688 0.01948765473 0.8940033624 0.001739291153 0.9883841641
410.8 4.595859042e-08 0.2081238349 1.767606303e-07 0.1977111653 2.902957676e-05 0.1624260916 0.007358979615 0.1377529709 0.01975563997 0.8924611916 0.001759143812 0.988250769
411.45 4.425337137e-08 0.208137731 1.702191933e-07 0.1977252406 2.797751892e-05 0.162439993 0.00711282519 0.1375445846 0.02002672407 0.8908984217 0.001779218204 0.9881158564
412.1 4.261149852e-08 0.2081516269 1.639201417e-07 0.1977393158 2.696364091e-05 0.1624539231 0.006874570157 0.1373440248 0.02030092456 0.8893148336 0.001799516816 0.9879794092
412.75 4.103061582e-08 0.2081655225 1.578544827e-07 0.197753391 2.598655541e-05 0.1624678807 0.006643984123 0.1371510165 0.02057825846 0.8877102075 0.001820042183 0.9878414103
413.4 3.950845495e-08 0.208179418 1.520135579e-07 0.1977674661 2.504492554e-05 0.1624818649 0.006420841805 0.136965294 0.0208587422 0.8860843231 0.001840796892 0.9877018424
414.05 3.804283204e-08 0.2081933133 1.463890305e-07 0.1977815411 2.413746308e-05 0.1624958747 0.006204923045 0.1367866015 0.02114239165 0.8844369595 0.001861783578 0.9875606878
414.7 3.663164456e-08 0.2082072084 1.409728732e-07 0.197795616 2.326292663e-05 0.1625099092 0.00599601279 0.1366146918 0.02142922203 0.8827678956 0.001883004925 0.9874179287
415.35 3.527286823e-08 0.2082211032 1.357573569e-07 0.1978096907 2.242011998e-05 0.1625239674 0.005793901089 0.1364493266 0.02171924792 0.88107691 0.001904463663 0.987273547
416 3.396455417e-08 0.2082349979 1.307350395e-07 0.1978237654 2.160789042e-05 0.1625380485 0.005598383056 0.136290276 0.02201248324 0.8793637809 0.001926162566 0.9871275246
416.65 3.270482604e-08 0.2082488923 1.258987554e-07 0.19783784 2.082512713e-05 0.1625521516 0.005409258843 0.1361373181 0.02230894118 0.8776282865 0.001948104453 0.9869798428
417.3 3.149187735e-08 0.2082627865 1.212416051e-07 0.1978519144 2.007075975e-05 0.162566276 0.005226333597 0.135990239 0.0226086342 0.8758702047 0.001970292181 0.9868304829
417.95 3.032396887e-08 0.2082766806 1.167569452e-07 0.1978659888 1.934375679e-05 0.1625804208 0.005049417411 0.1358488321 0.02291157398 0.8740893136 0.001992728649 0.9866794261
418.6 2.91994261e-08 0.2082905744 1.124383791e-07 0.197880063 1.864312431e-05 0.1625945853 0.004878325271 0.1357128984 0.0232177714 0.8722853912 0.002015416789 0.9865266531
419.25 2.811663687e-08 0.2083044679 1.082797475e-07 0.197894137 1.79679045e-05 0.1626087688 0.004712876996 0.1355822456 0.02352723652 0.8704582159 0.002038359569 0.9863721445
419.9 2.707404903e-08 0.2083183613 1.042751201e-07 0.197908211 1.731717438e-05 0.1626229706 0.004552897175 0.1354566884 0.0238399785 0.8686075662 0.002061559985 0.9862158807
420.55 2.607016819e-08 0.2083322545 1.004187864e-07 0.1979222848 1.669004453e-05 0.16263719 0.004398215098 0.135336048 0.02415600562 0.8667332209 0.002085021064 0.9860578419
421.2 2.510355557e-08 0.2083461474 9.670524835e-08 0.1979363584 1.60856579e-05 0.1626514264 0.004248664681 0.1352201518 0.02447532518 0.8648349592 0.002108745858 0.985898008
421.85 2.417282595e-08 0.2083600402 9.312921159e-08 0.1979504319 1.550318855e-05 0.1626656792 0.004104084397 0.1351088335 0.02479794355 0.8629125611 0.00213273744 0.9857363587
422.5 2.327664564e-08 0.2083739327 8.968557854e-08 0.1979645053 1.494184063e-05 0.1626799477 0.003964317192 0.1350019324 0.02512386605 0.8609658071 0.002156998905 0.9855728735
423.15 2.241373061e-08 0.2083878249 8.636944074e-08 0.1979785785 1.440084717e-05 0.1626942313 0.003829210407 0.1348992937 0.02545309695 0.8589944782 0.002181533367 0.9854075316
423.8 2.158284458e-08 0.208401717 8.317607198e-08 0.1979926515 1.387946913e-05 0.1627085296 0.003698615697 0.1348007679 0.02578563945 0.8569983568 0.002206343953 0.9852403122
424.45 2.078279729e-08 0.2084156089 8.010092142e-08 0.1980067244 1.337699431e-05 0.1627228419 0.003572388942 0.1347062109 0.02612149558 0.8549772257 0.002231433806 0.985071194
425.1 2.001244274e-08 0.2084295005 7.713960715e-08 0.1980207971 1.289273641e-05 0.1627371678 0.003450390168 0.1346154835 0.02646066624 0.8529308692 0.00225680608 0.9849001556
425.75 1.927067761e-08 0.2084433919 7.428790989e-08 0.1980348696 1.242603407e-05 0.1627515067 0.003332483457 0.1345284516 0.02680315108 0.8508590725 0.002282463938 0.9847271755
426.4 1.855643959e-08 0.2084572831 7.154176691e-08 0.198048942 1.197625e-05 0.1627658582 0.00321853686 0.1344449857 0.02714894853 0.8487616223 0.002308410552 0.9845522319
427.05 1.78687059e-08 0.208471174 6.889726628e-08 0.1980630142 1.154277003e-05 0.1627802218 0.003108422309 0.1343649609 0.02749805569 0.8466383069 0.002334649103 0.9843753026
427.7 1.720649182e-08 0.2084850647 6.635064121e-08 0.1980770862 1.112500236e-05 0.1627945971 0.003002015533 0.1342882567 0.02785046833 0.8444889157 0.002361182777 0.9841963656
428.35 1.656884924e-08 0.2084989552 6.389826468e-08 0.198091158 1.072237666e-05 0.1628089836 0.002899195966 0.1342147569 0.02820618085 0.8423132403 0.002388014765 0.9840153983
429 1.595486533e-08 0.2085128455 6.153664425e-08 0.1981052297 1.033434335e-05 0.1628233809 0.002799846661 0.1341443493 0.02856518621 0.8401110739 0.002415148267 0.983832378
429.65 1.536366122e-08 0.2085267355 5.926241705e-08 0.1981193012 9.960372827e-06 0.1628377886 0.002703854203 0.1340769256 0.02892747589 0.8378822117 0.002442586487 0.983647282
430.3 1.479439071e-08 0.2085406254 5.7072345e-08 0.1981333725 9.59995472e-06 0.1628522063 0.002611108621 0.1340123815 0.02929303985 0.8356264511 0.002470332636 0.983460087
430.95 1.424623907e-08 0.2085545149 5.496331011e-08 0.1981474436 9.252597212e-06 0.1628666337 0.002521503305 0.1339506163 0.02966186649 0.8333435918 0.002498389932 0.9832707698
431.6 1.37184219e-08 0.2085684043 5.293231007e-08 0.1981615145 8.917826359e-06 0.1628810704 0.002434934916 0.1338915327 0.0300339426 0.8310334357 0.002526761601 0.9830793069
432.25 1.321018393e-08 0.2085822934 5.097645396e-08 0.1981755852 8.595185435e-06 0.162895516 0.002351303306 0.1338350369 0.03040925329 0.8286957877 0.002555450879 0.9828856745
432.9 1.2720798e-08 0.2085961823 4.909295807e-08 0.1981896557 8.284234313e-06 0.1629099703 0.002270511431 0.1337810385 0.03078778196 0.826330455 0.002584461014 0.9826898487
433.55 1.224956399e-08 0.208610071 4.727914195e-08 0.198203726 7.984548853e-06 0.1629244328 0.002192465273 0.1337294502 0.03116951026 0.8239372481 0.002613795267 0.9824918052
434.2 1.17958078e-08 0.2086239594 4.553242456e-08 0.1982177962 7.695720329e-06 0.1629389034 0.002117073754 0.1336801878 0.03155441802 0.8215159802 0.002643456914 0.9822915196
434.85 1.135888041e-08 0.2086378476 4.38503206e-08 0.1982318661 7.417354861e-06 0.1629533816 0.002044248658 0.1336331699 0.03194248321 0.819066468 0.00267344925 0.9820889673
435.5 1.093815691e-08 0.2086517356 4.223043692e-08 0.1982459358 7.149072878e-06 0.1629678672 0.001973904554 0.1335883182 0.03233368188 0.8165885315 0.002703775589 0.9818841234
436.15 1.053303563e-08 0.2086656233 4.067046913e-08 0.1982600053 6.8905086e-06 0.16298236 0.001905958715 0.1335455569 0.03272798813 0.8140819944 0.002734439271 0.9816769628
436.8 1.014293728e-08 0.2086795108 3.916819829e-08 0.1982740746 6.64130953e-06 0.1629968596 0.001840331046 0.1335048132 0.03312537402 0.8115466841 0.002765443659 0.9814674601
437.45 9.767304096e-09 0.2086933981 3.772148775e-08 0.1982881438 6.401135979e-06 0.1630113658 0.001776944006 0.1334660165 0.03352580956 0.8089824318 0.002796792149 0.9812555897
438.1 9.40559904e-09 0.2087072852 3.632828006e-08 0.1983022127 6.169660594e-06 0.1630258784 0.001715722539 0.1334290988 0.03392926264 0.8063890733 0.002828488166 0.9810413257
438.75 9.057305046e-09 0.208721172 3.498659408e-08 0.1983162813 5.946567909e-06 0.163040397 0.001656593997 0.1333939946 0.03433569894 0.8037664482 0.002860535174 0.980824642
439.4 8.721924265e-09 0.2087350585 3.369452211e-08 0.1983303498 5.73155392e-06 0.1630549216 0.001599488074 0.1333606406 0.03474508194 0.801114401 0.002892936671 0.9806055122
440.05 8.398977348e-09 0.2087489449 3.245022716e-08 0.1983444181 5.524325659e-06 0.1630694518 0.001544336737 0.1333289757 0.03515737283 0.7984327809 0.002925696202 0.9803839096
440.7 8.088002766e-09 0.208762831 3.125194037e-08 0.1983584861 5.324600799e-06 0.1630839875 0.001491074157 0.1332989409 0.03557253045 0.795721442 0.002958817354 0.9801598072
441.35 7.788556138e-09 0.2087767168 3.009795843e-08 0.198372554 5.132107265e-06 0.1630985284 0.001439636645 0.1332704795 0.03599051127 0.7929802434 0.00299230376 0.979933178
442 7.500209601e-09 0.2087906025 2.898664119e-08 0.1983866216 4.946582859e-06 0.1631130744 0.001389962587 0.1332435364 0.03641126927 0.7902090498 0.003026159106 0.9797039943
442.65 7.222551188e-09 0.2088044879 2.791640926e-08 0.198400689 4.767774907e-06 0.1631276252 0.001341992384 0.1332180589 0.03683475597 0.7874077314 0.003060387129 0.9794722284
443.3 6.955184242e-09 0.208818373 2.688574181e-08 0.1984147562 4.595439905e-06 0.1631421806 0.001295668386 0.1331939957 0.03726092031 0.7845761641 0.003094991621 0.979237852
443.95 6.697726844e-09 0.2088322579 2.589317439e-08 0.1984288232 4.429343193e-06 0.1631567406 0.001250934837 0.1331712975 0.03768970862 0.7817142301 0.003129976432 0.979000837
444.6 6.449811267e-09 0.2088461426 2.49372968e-08 0.1984428899 4.269258627e-06 0.1631713049 0.001207737817 0.1331499169 0.03812106456 0.7788218175 0.00316534547 0.9787611544
445.25 6.211083443e-09 0.2088600271 2.401675111e-08 0.1984569564 4.114968273e-06 0.1631858733 0.001166025181 0.1331298077 0.03855492907 0.7758988211 0.003201102703 0.9785187754
445.9 5.981202461e-09 0.2088739113 2.313022972e-08 0.1984710227 3.96626211e-06 0.1632004457 0.001125746509 0.1331109259 0.03899124032 0.7729451424 0.003237252161 0.9782736704
446.55 5.759840073e-09 0.2088877952 2.227647347e-08 0.1984850888 3.822937738e-06 0.163215022 0.001086853049 0.1330932285 0.03942993363 0.7699606898 0.003273797937 0.97802581
447.2 5.546680228e-09 0.208901679 2.145426985e-08 0.1984991547 3.684800106e-06 0.1632296019 0.001049297667 0.1330766743 0.03987094145 0.766945379 0.003310744184 0.9777751639
447.85 5.34141861e-09 0.2089155625 2.066245131e-08 0.1985132203 3.551661238e-06 0.1632441854 0.001013034797 0.1330612235 0.0403141933 0.7638991329 0.003348095121 0.9775217019
448.5 5.143762211e-09 0.2089294457 1.989989353e-08 0.1985272857 3.423339984e-06 0.1632587723 0.0009780203865 0.1330468377 0.04075961569 0.7608218822 0.003385855029 0.9772653934
449.15 4.953428906e-09 0.2089433288 1.916551385e-08 0.1985413509 3.299661766e-06 0.1632733625 0.0009442118544 0.1330334797 0.0412071321 0.7577135657 0.003424028252 0.9770062072
449.8 4.770147045e-09 0.2089572115 1.845826971e-08 0.1985554159 3.180458343e-06 0.1632879558 0.0009115680414 0.1330211139 0.04165666291 0.7545741301 0.003462619194 0.976744112
450.45 4.593655072e-09 0.2089710941 1.77771572e-08 0.1985694806 3.065567578e-06 0.1633025522 0.0008800491651 0.1330097055 0.04210812535 0.7514035307 0.003501632323 0.9764790761
451.1 4.423701139e-09 0.2089849764 1.712120956e-08 0.1985835451 2.954833215e-06 0.1633171515 0.0008496167761 0.1329992214 0.04256143347 0.7482017314 0.003541072162 0.9762110674
451.75 4.260042756e-09 0.2089988584 1.648949588e-08 0.1985976093 2.848104671e-06 0.1633317535 0.0008202337151 0.1329896293 0.04301649806 0.7449687052 0.003580943297 0.9759400535
452.4 4.102446435e-09 0.2090127403 1.58811197e-08 0.1986116734 2.745236825e-06 0.1633463583 0.0007918640713 0.1329808981 0.04347322664 0.741704434 0.003621250366 0.9756660015
453.05 3.950687358e-09 0.2090266219 1.529521777e-08 0.1986257372 2.646089819e-06 0.1633609656 0.0007644731423 0.132972998 0.04393152337 0.7384089095 0.003661998063 0.9753888784
453.7 3.804549054e-09 0.2090405032 1.473095882e-08 0.1986398008 2.550528872e-06 0.1633755754 0.0007380273948 0.1329659 0.04439128904 0.735082133 0.003703191134 0.9751086507
454.35 3.663823093e-09 0.2090543843 1.418754237e-08 0.1986538641 2.458424091e-06 0.1633901876 0.0007124944263 0.1329595762 0.04485242102 0.7317241157 0.003744834373 0.9748252845
455 3.528308779e-09 0.2090682652 1.366419756e-08 0.1986679272 2.369650292e-06 0.1634048021 0.0006878429289 0.1329539996 0.04531481319 0.7283348791 0.003786932622 0.9745387456
455.65 3.397812869e-09 0.2090821458 1.316018209e-08 0.1986819901 2.284086836e-06 0.1634194187 0.0006640426529 0.1329491443 0.04577835595 0.7249144554 0.003829490767 0.9742489993
456.3 3.272149295e-09 0.2090960262 1.267478115e-08 0.1986960527 2.201617457e-06 0.1634340375 0.0006410643728 0.1329449852 0.04624293612 0.7214628874 0.003872513736 0.9739560109
456.95 3.151138895e-09 0.2091099063 1.22073064e-08 0.1987101152 2.122130106e-06 0.1634486582 0.0006188798529 0.132941498 0.04670843698 0.717980229 0.003916006496 0.9736597449
457.6 3.034609158e-09 0.2091237862 1.175709497e-08 0.1987241773 2.045516798e-06 0.163463281 0.0005974618155 0.1329386595 0.04717473816 0.7144665455 0.00395997405 0.9733601657
458.25 2.922393975e-09 0.2091376659 1.132350855e-08 0.1987382393 1.971673463e-06 0.1634779055 0.0005767839086 0.132936447 0.04764171564 0.7109219136 0.004004421435 0.9730572373
458.9 2.814333404e-09 0.2091515453 1.090593244e-08 0.198752301 1.900499807e-06 0.1634925319 0.000556820676 0.1329348387 0.04810924175 0.7073464223 0.00404935372 0.9727509234
459.55 2.71027344e-09 0.2091654245 1.050377473e-08 0.1987663624 1.831899171e-06 0.1635071599 0.0005375475271 0.1329338137 0.04857718507 0.7037401722 0.004094776002 0.9724411871
460.2 2.610065792e-09 0.2091793035 1.011646538e-08 0.1987804237 1.7657784e-06 0.1635217896 0.0005189407086 0.1329333517 0.0490454105 0.7001032767 0.004140693406 0.9721279915
460.85 2.513567673e-09 0.2091931822 9.743455483e-09 0.1987944847 1.702047719e-06 0.1635364209 0.0005009772761 0.1329334332 0.04951377913 0.6964358617 0.004187111081 0.9718112989
461.5 2.420641596e-09 0.2092070606 9.384216436e-09 0.1988085454 1.640620605e-06 0.1635510536 0.0004836350678 0.1329340391 0.04998214833 0.692738066 0.004234034199 0.9714910718
462.15 2.331155173e-09 0.2092209388 9.038239204e-09 0.198822606 1.581413673e-06 0.1635656878 0.000466892678 0.1329351514 0.05045037166 0.6890100416 0.004281467953 0.9711672718
462.8 2.244980931e-09 0.2092348168 8.705033591e-09 0.1988366663 1.524346561e-06 0.1635803234 0.0004507294321 0.1329367524 0.05091829888 0.6852519541 0.004329417558 0.9708398604
463.45 2.161996127e-09 0.2092486946 8.384127542e-09 0.1988507263 1.469341819e-06 0.1635949603 0.0004351253617 0.1329388251 0.05138577595 0.6814639827 0.004377888245 0.9705087988
464.1 2.082082571e-09 0.2092625721 8.075066475e-09 0.1988647861 1.416324806e-06 0.1636095984 0.0004200611816 0.1329413531 0.051852645 0.6776463204 0.004426885267 0.9701740477
464.75 2.005126458e-09 0.2092764493 7.777412626e-09 0.1988788457 1.365223585e-06 0.1636242378 0.0004055182661 0.1329443207 0.05231874438 0.6737991747 0.004476413893 0.9698355676
465.4 1.931018206e-09 0.2092903263 7.490744433e-09 0.198892905 1.315968827e-06 0.1636388783 0.0003914786276 0.1329477125 0.0527839086 0.6699227672 0.004526479409 0.9694933184
466.05 1.859652297e-09 0.2093042031 7.214655932e-09 0.1989069641 1.268493714e-06 0.1636535199 0.0003779248943 0.1329515138 0.05324796838 0.6660173346 0.004577087121 0.9691472598
466.7 1.79092713e-09 0.2093180796 6.948756179e-09 0.198921023 1.222733851e-06 0.1636681625 0.0003648402903 0.1329557104 0.05371075063 0.6620831282 0.004628242353 0.9687973512
467.35 1.724744869e-09 0.2093319559 6.692668695e-09 0.1989350816 1.178627176e-06 0.1636828062 0.0003522086149 0.1329602885 0.05417207853 0.6581204146 0.004679950447 0.9684435515
468 1.66101131e-09 0.209345832 6.446030931e-09 0.19894914 1.136113876e-06 0.1636974508 0.0003400142233 0.1329652349 0.05463177144 0.6541294757 0.004732216767 0.9680858193
468.65 1.599635742e-09 0.2093597078 6.208493748e-09 0.1989631981 1.095136305e-06 0.1637120964 0.0003282420081 0.1329705369 0.05508964505 0.650110609 0.004785046699 0.9677241128
469.3 1.540530818e-09 0.2093735833 5.979720924e-09 0.198977256 1.055638905e-06 0.1637267428 0.0003168773804 0.132976182 0.05554551132 0.6460641279 0.004838445651 0.9673583898
469.95 1.483612433e-09 0.2093874587 5.759388674e-09 0.1989913137 1.017568133e-06 0.16374139 0.0003059062532 0.1329821584 0.05599917855 0.6419903618 0.004892419057 0.9669886078
470.6 1.428799597e-09 0.2094013337 5.547185191e-09 0.1990053711 9.80872382e-07 0.1637560381 0.0002953150235 0.1329884545 0.05645045143 0.6378896561 0.00494697238 0.9666147239
471.25 1.376014327e-09 0.2094152086 5.3428102e-09 0.1990194283 9.455019182e-07 0.1637706869 0.0002850905563 0.1329950593 0.05689913106 0.6337623729 0.005002111111 0.9662366948
471.9 1.32518153e-09 0.2094290832 5.145974532e-09 0.1990334852 9.114088072e-07 0.1637853364 0.0002752201686 0.133001962 0.05734501505 0.6296088905 0.005057840774 0.9658544767
472.55 1.276228898e-09 0.2094429575 4.956399714e-09 0.1990475419 8.785468516e-07 0.1637999866 0.0002656916141 0.1330091523 0.05778789752 0.6254296042 0.005114166926 0.9654680256
473.2 1.229086805e-09 0.2094568316 4.773817569e-09 0.1990615983 8.468715269e-07 0.1638146375 0.0002564930681 0.1330166202 0.05822756921 0.6212249263 0.005171095165 0.965077297
473.85 1.183688204e-09 0.2094707055 4.59796984e-09 0.1990756545 8.163399214e-07 0.1638292889 0.0002476131134 0.1330243561 0.05866381753 0.6169952857 0.005228631127 0.964682246
474.5 1.139968536e-09 0.2094845791 4.428607819e-09 0.1990897105 7.869106773e-07 0.163843941 0.0002390407263 0.1330323507 0.05909642666 0.6127411288 0.005286780491 0.9642828273
475.15 1.097865636e-09 0.2094984525 4.265491995e-09 0.1991037662 7.585439347e-07 0.1638585936 0.000230765263 0.1330405949 0.05952517758 0.6084629193 0.005345548982 0.9638789952
475.8 1.057319641e-09 0.2095123256 4.108391713e-09 0.1991178217 7.31201277e-07 0.1638732468 0.0002227764469 0.1330490801 0.05994984826 0.6041611381 0.005404942373 0.9634707035
476.45 1.01827291e-09 0.2095261985 3.957084846e-09 0.1991318769 7.048456787e-07 0.1638879004 0.0002150643558 0.1330577981 0.06037021365 0.5998362838 0.00546496649 0.9630579057
477.1 9.806699358e-10 0.2095400712 3.811357478e-09 0.1991459319 6.794414547e-07 0.1639025545 0.0002076194099 0.1330667406 0.06078604587 0.5954888725 0.005525627209 0.9626405547
477.75 9.444572714e-10 0.2095539436 3.671003605e-09 0.1991599867 6.549542121e-07 0.1639172091 0.0002004323603 0.1330758999 0.06119711427 0.5911194378 0.005586930466 0.9622186032
478.4 9.095834493e-10 0.2095678158 3.535824836e-09 0.1991740412 6.313508031e-07 0.163931864 0.0001934942771 0.1330852684 0.06160318558 0.5867285314 0.005648882251 0.9617920032
479.05 8.759989097e-10 0.2095816877 3.405630114e-09 0.1991880955 6.0859928e-07 0.1639465194 0.0001867965389 0.133094839 0.06200402403 0.5823167223 0.005711488618 0.9613607064
479.7 8.4365593e-10 0.2095955594 3.280235445e-09 0.1992021495 5.866688514e-07 0.1639611752 0.0001803308223 0.1331046045 0.06239939149 0.5778845975 0.005774755679 0.9609246641
480.35 8.125085558e-10 0.2096094309 3.159463637e-09 0.1992162033 5.655298406e-07 0.1639758313 0.0001740890912 0.1331145583 0.0627890476 0.5734327617 0.005838689612 0.9604838269
481 7.825125359e-10 0.2096233021 3.043144044e-09 0.1992302568 5.451536452e-07 0.1639904877 0.0001680635874 0.1331246938 0.06317274994 0.5689618375 0.005903296658 0.9600381451
481.65 7.536252589e-10 0.209637173 2.931112331e-09 0.1992443101 5.255126978e-07 0.1640051444 0.0001622468209 0.1331350047 0.06355025418 0.5644724649 0.005968583122 0.9595875686
482.3 7.258056923e-10 0.2096510437 2.823210233e-09 0.1992583632 5.065804288e-07 0.1640198014 0.0001566315606 0.1331454849 0.06392131424 0.559965302 0.006034555377 0.9591320467
482.95 6.99014324e-10 0.2096649142 2.719285337e-09 0.199272416 4.883312302e-07 0.1640344587 0.0001512108255 0.1331561286 0.0642856825 0.555441024 0.00610121986 0.9586715281
483.6 6.732131058e-10 0.2096787844 2.61919086e-09 0.1992864685 4.707404206e-07 0.1640491162 0.0001459778759 0.13316693 0.06464310993 0.5509003241 0.006168583076 0.9582059614
484.25 6.483653994e-10 0.2096926544 2.522785443e-09 0.1993005209 4.537842119e-07 0.164063774 0.0001409262055 0.1331778836 0.06499334635 0.5463439126 0.006236651593 0.9577352943
484.9 6.244359236e-10 0.2097065242 2.429932951e-09 0.1993145729 4.374396765e-07 0.1640784319 0.0001360495329 0.1331889843 0.06533614056 0.5417725172 0.006305432045 0.9572594743
485.55 6.013907044e-10 0.2097203937 2.340502281e-09 0.1993286248 4.216847166e-07 0.1640930901 0.0001313417942 0.133200227 0.06567124061 0.5371868826 0.006374931128 0.9567784482
486.2 5.791970264e-10 0.2097342629 2.254367169e-09 0.1993426763 4.064980338e-07 0.1641077484 0.0001267971354 0.1332116066 0.06599839397 0.5325877706 0.006445155603 0.9562921624
486.85 5.578233858e-10 0.2097481319 2.171406021e-09 0.1993567277 3.918591001e-07 0.1641224069 0.000122409905 0.1332231184 0.06631734778 0.5279759596 0.00651611229 0.9558005628
487.5 5.37239446e-10 0.2097620007 2.091501732e-09 0.1993707788 3.777481304e-07 0.1641370656 0.0001181746473 0.1332347579 0.06662784911 0.5233522446 0.006587808066 0.9553035947
488.15 5.17415994e-10 0.2097758693 2.014541523e-09 0.1993848296 3.641460551e-07 0.1641517244 0.0001140860953 0.1332465206 0.06692964512 0.5187174369 0.006660249866 0.9548012031
488.8 4.983248987e-10 0.2097897375 1.940416784e-09 0.1993988802 3.510344945e-07 0.1641663833 0.0001101391647 0.1332584022 0.06722248342 0.5140723639 0.006733444679 0.9542933324
489.45 4.799390709e-10 0.2098036056 1.869022913e-09 0.1994129306 3.383957335e-07 0.1641810423 0.0001063289471 0.1332703986 0.06750611222 0.5094178684 0.006807399544 0.9537799263
490.1 4.622324247e-10 0.2098174734 1.800259174e-09 0.1994269807 3.26212698e-07 0.1641957014 0.000102650704 0.1332825059 0.06778028068 0.5047548089 0.006882121551 0.9532609283
490.75 4.4517984e-10 0.209831341 1.734028551e-09 0.1994410306 3.144689313e-07 0.1642103606 9.909986133e-05 0.1332947202 0.06804473913 0.5000840589 0.006957617831 0.9527362811
491.4 4.287571271e-10 0.2098452083 1.670237612e-09 0.1994550802 3.031485717e-07 0.1642250198 9.567200323e-05 0.1333070378 0.06829923939 0.4954065065 0.007033895562 0.9522059272
492.05 4.12940992e-10 0.2098590753 1.608796373e-09 0.1994691296 2.922363313e-07 0.1642396791 9.236286699e-05 0.133319455 0.06854353501 0.4907230542 0.007110961959 0.9516698084
492.7 3.977090032e-10 0.2098729422 1.549618177e-09 0.1994831788 2.817174748e-07 0.1642543385 8.916833755e-05 0.1333319685 0.06877738161 0.4860346184 0.007188824273 0.951127866
493.35 3.830395597e-10 0.2098868088 1.492619562e-09 0.1994972277 2.715777999e-07 0.1642689978 8.608444247e-05 0.1333445749 0.06900053717 0.4813421288 0.007267489788 0.9505800408
494 3.689118603e-10 0.2099006751 1.437720153e-09 0.1995112763 2.618036178e-07 0.1642836573 8.310734696e-05 0.1333572709 0.0692127623 0.4766465282 0.007346965818 0.9500262732
494.65 3.553058738e-10 0.2099145412 1.38484254e-09 0.1995253247 2.523817344e-07 0.1642983167 8.023334916e-05 0.1333700535 0.06941382063 0.4719487718 0.007427259704 0.949466503
495.3 3.422023108e-10 0.2099284071 1.33391217e-09 0.1995393729 2.432994328e-07 0.1643129761 7.745887552e-05 0.1333829197 0.06960347905 0.4672498266 0.007508378809 0.9489006695
495.95 3.295825957e-10 0.2099422727 1.284857246e-09 0.1995534208 2.345444557e-07 0.1643276355 7.478047634e-05 0.1333958666 0.06978150809 0.4625506714 0.007590330518 0.9483287116
496.6 3.174288406e-10 0.2099561381 1.237608618e-09 0.1995674685 2.26104989e-07 0.1643422949 7.219482153e-05 0.1334088912 0.06994768222 0.4578522954 0.007673122234 0.9477505675
497.25 3.057238197e-10 0.2099700032 1.192099692e-09 0.1995815159 2.179696456e-07 0.1643569543 6.969869644e-05 0.1334219911 0.07010178018 0.4531556981 0.007756761375 0.9471661751
497.9 2.94450945e-10 0.2099838681 1.14826633e-09 0.1995955631 2.101274498e-07 0.1643716136 6.728899785e-05 0.1334351635 0.07024358538 0.4484618887 0.007841255372 0.9465754718
498.55 2.835942421e-10 0.2099977327 1.106046763e-09 0.19960961 2.025678228e-07 0.1643862729 6.496273016e-05 0.1334484059 0.07037288615 0.4437718853 0.007926611665 0.9459783943
499.2 2.73138328e-10 0.2100115971 1.0653815e-09 0.1996236567 1.95280568e-07 0.1644009322 6.271700162e-05 0.133461716 0.07048947614 0.4390867141 0.008012837707 0.9453748791
499.85 2.630683891e-10 0.2100254613 1.026213249e-09 0.1996377031 1.882558575e-07 0.1644155914 6.054902074e-05 0.1334750912 0.07059315468 0.4344074091 0.008099940956 0.9447648619
500.5 2.533701597e-10 0.2100393252 9.884868299e-10 0.1996517493 1.814842182e-07 0.1644302506 5.845609283e-05 0.1334885295 0.07068372709 0.4297350108 0.008187928874 0.9441482782
501.15 2.440299024e-10 0.2100531889 9.521490996e-10 0.1996657953 1.749565197e-07 0.1644449096 5.643561666e-05 0.1335020286 0.07076100505 0.425070566 0.008276808932 0.9435250629
501.8 2.350343877e-10 0.2100670523 9.171488767e-10 0.199679841 1.686639611e-07 0.1644595686 5.448508117e-05 0.1335155864 0.07082480695 0.4204151267 0.008366588602 0.9428951503
502.45 2.263708759e-10 0.2100809155 8.834368684e-10 0.1996938865 1.625980597e-07 0.1644742275 5.26020624e-05 0.1335292008 0.07087495824 0.4157697494 0.00845727536 0.9422584744
503.1 2.180270986e-10 0.2100947784 8.509656006e-10 0.1997079317 1.567506393e-07 0.1644888864 5.078422044e-05 0.1335428699 0.07091129181 0.411135494 0.008548876685 0.9416149685
503.75 2.099912412e-10 0.2101086411 8.196893512e-10 0.1997219766 1.511138191e-07 0.1645035451 4.902929654e-05 0.1335565918 0.07093364826 0.4065134237 0.008641400062 0.9409645656
504.4 2.022519263e-10 0.2101225036 7.895640851e-10 0.1997360214 1.456800027e-07 0.1645182037 4.733511027e-05 0.1335703647 0.07094187636 0.4019046033 0.008734852974 0.9403071981
505.05 1.947981975e-10 0.2101363658 7.605473917e-10 0.1997500658 1.404418685e-07 0.1645328622 4.569955682e-05 0.1335841867 0.07093583328 0.3973100987 0.008829242913 0.939642798
505.7 1.876195034e-10 0.2101502278 7.325984252e-10 0.1997641101 1.35392359e-07 0.1645475206 4.412060437e-05 0.1335980562 0.07091538503 0.3927309761 0.008924577371 0.9389712968
506.35 1.807056831e-10 0.2101640895 7.056778468e-10 0.1997781541 1.30524672e-07 0.1645621789 4.259629159e-05 0.1336119715 0.0708804067 0.3881683008 0.009020863849 0.9382926253
507 1.740469517e-10 0.210177951 6.797477687e-10 0.1997921978 1.258322505e-07 0.1645768371 4.112472514e-05 0.1336259311 0.0708307829 0.3836231365 0.009118109852 0.9376067142
507.65 1.676338859e-10 0.2101918122 6.547717008e-10 0.1998062413 1.213087747e-07 0.1645914951 3.970407736e-05 0.1336399334 0.07076640797 0.3790965442 0.009216322893 0.9369134933
508.3 1.61457411e-10 0.2102056732 6.307144992e-10 0.1998202845 1.169481528e-07 0.164606153 3.833258398e-05 0.1336539768 0.0706871864 0.3745895813 0.009315510493 0.9362128922
508.95 1.555087882e-10 0.210219534 6.075423158e-10 0.1998343276 1.127445132e-07 0.1646208108 3.700854191e-05 0.1336680601 0.07059303304 0.3701033006 0.009415680184 0.9355048399
509.6 1.497796016e-10 0.2102333945 5.852225515e-10 0.1998483703 1.086921959e-07 0.1646354685 3.573030712e-05 0.1336821818 0.0704838735 0.3656387495 0.009516839507 0.9347892647
510.25 1.442617465e-10 0.2102472548 5.63723809e-10 0.1998624128 1.047857458e-07 0.1646501259 3.449629261e-05 0.1336963405 0.07035964436 0.3611969687 0.009618996018 0.9340660948
510.9 1.389474181e-10 0.2102611148 5.430158492e-10 0.1998764551 1.010199043e-07 0.1646647833 3.33049664e-05 0.133710535 0.07022029349 0.3567789912 0.009722157285 0.9333352577
511.55 1.338291001e-10 0.2102749746 5.23069548e-10 0.1998904971 9.738960291e-08 0.1646794405 3.215484966e-05 0.133724764 0.07006578031 0.3523858416 0.009826330891 0.9325966802
512.2 1.288995541e-10 0.2102888341 5.038568555e-10 0.1999045389 9.388995603e-08 0.1646940975 3.104451484e-05 0.1337390263 0.06989607604 0.3480185349 0.009931524437 0.9318502888
512.85 1.241518094e-10 0.2103026934 4.853507558e-10 0.1999185804 9.051625443e-08 0.1647087544 2.997258388e-05 0.1337533208 0.06971116395 0.3436780754 0.01003774554 0.9310960096
513.5 1.195791528e-10 0.2103165524 4.675252294e-10 0.1999326217 8.726395886e-08 0.1647234111 2.893772654e-05 0.1337676464 0.06951103957 0.3393654558 0.01014500183 0.9303337679
514.15 1.151751196e-10 0.2103304113 4.50355216e-10 0.1999466627 8.412869393e-08 0.1647380676 2.793865867e-05 0.1337820019 0.06929571092 0.3350816562 0.01025330096 0.9295634887
514.8 1.109334839e-10 0.2103442698 4.338165793e-10 0.1999607035 8.110624216e-08 0.164752724 2.69741407e-05 0.1337963863 0.06906519871 0.330827643 0.0103626506 0.9287850965
515.45 1.068482501e-10 0.2103581282 4.178860729e-10 0.1999747441 7.819253827e-08 0.1647673802 2.6042976e-05 0.1338107987 0.06881953647 0.326604368 0.01047305845 0.927998515
516.1 1.02913644e-10 0.2103719862 4.025413073e-10 0.1999887844 7.538366373e-08 0.1647820362 2.514400946e-05 0.1338252379 0.0685587708 0.3224127671 0.01058453221 0.9272036678
516.75 9.912410495e-11 0.2103858441 3.877607182e-10 0.2000028244 7.267584136e-08 0.164796692 2.427612602e-05 0.1338397032 0.0682829614 0.31825376 0.0106970796 0.9264004776
517.4 9.547427792e-11 0.2103997017 3.735235366e-10 0.2000168642 7.006543032e-08 0.1648113477 2.343824928e-05 0.1338541936 0.06799218128 0.3141282482 0.01081070837 0.9255888668
518.05 9.195900569e-11 0.210413559 3.598097587e-10 0.2000309038 6.754892114e-08 0.1648260032 2.262934017e-05 0.1338687082 0.06768651682 0.310037115 0.01092542628 0.9247687573
518.7 8.857332167e-11 0.2104274161 3.466001182e-10 0.2000449431 6.512293095e-08 0.1648406585 2.184839564e-05 0.1338832462 0.06736606787 0.305981224 0.01104124111 0.9239400703
519.35 8.531244281e-11 0.210441273 3.338760586e-10 0.2000589822 6.278419894e-08 0.1648553135 2.109444742e-05 0.1338978068 0.06703094777 0.3019614183 0.01115816064 0.9231027266
520 8.217176284e-11 0.2104551296 3.216197077e-10 0.200073021 6.052958196e-08 0.1648699685 2.036656081e-05 0.1339123891 0.06668128342 0.2979785196 0.01127619266 0.9222566466
520.65 7.914684568e-11 0.210468986 3.098138516e-10 0.2000870596 5.835605021e-08 0.1648846232 1.966383352e-05 0.1339269924 0.06631721528 0.2940333273 0.01139534498 0.9214017499
521.3 7.623341917e-11 0.2104828421 2.98441911e-10 0.2001010979 5.626068322e-08 0.1648992777 1.898539454e-05 0.133941616 0.06593889737 0.2901266178 0.01151562542 0.9205379559
521.95 7.342736903e-11 0.210496698 2.874879173e-10 0.200115136 5.424066584e-08 0.164913932 1.833040304e-05 0.1339562592 0.0655464972 0.2862591431 0.01163704178 0.9196651832
522.6 7.072473297e-11 0.2105105537 2.769364905e-10 0.2001291738 5.229328447e-08 0.1649285861 1.769804737e-05 0.1339709213 0.06514019573 0.2824316309 0.01175960187 0.9187833502
523.25 6.812169508e-11 0.2105244091 2.667728171e-10 0.2001432114 5.041592337e-08 0.16494324 1.708754398e-05 0.1339856015 0.06472018729 0.2786447828 0.01188331351 0.9178923745
523.9 6.561458046e-11 0.2105382642 2.569826296e-10 0.2001572488 4.860606116e-08 0.1649578937 1.649813651e-05 0.1340002994 0.06428667944 0.2748992744 0.01200818448 0.9169921734
524.55 6.319984994e-11 0.2105521192 2.47552186e-10 0.2001712859 4.686126735e-08 0.1649725472 1.592909481e-05 0.1340150143 0.06383989286 0.271195754 0.01213422256 0.9160826637
525.2 6.087409512e-11 0.2105659738 2.384682506e-10 0.2001853227 4.517919914e-08 0.1649872005 1.537971402e-05 0.1340297455 0.06338006116 0.2675348424 0.01226143552 0.9151637616
525.85 5.863403347e-11 0.2105798283 2.297180753e-10 0.2001993593 4.355759816e-08 0.1650018536 1.484931373e-05 0.1340444925 0.06290743071 0.2639171317 0.0123898311 0.9142353828
526.5 5.647650372e-11 0.2105936825 2.212893815e-10 0.2002133957 4.199428752e-08 0.1650165064 1.433723711e-05 0.1340592548 0.06242226041 0.2603431853 0.012519417 0.9132974429
527.15 5.439846138e-11 0.2106075364 2.13170343e-10 0.2002274318 4.048716878e-08 0.1650311591 1.384285008e-05 0.1340740318 0.06192482142 0.2568135368 0.0126502009 0.9123498565
527.8 5.239697438e-11 0.2106213901 2.053495693e-10 0.2002414677 3.903421917e-08 0.1650458115 1.336554056e-05 0.1340888229 0.06141539693 0.2533286899 0.01278219044 0.911392538
528.45 5.046921896e-11 0.2106352436 1.978160891e-10 0.2002555033 3.763348884e-08 0.1650604638 1.290471765e-05 0.1341036278 0.06089428187 0.2498891177 0.01291539322 0.9104254015
529.1 4.861247563e-11 0.2106490968 1.905593354e-10 0.2002695387 3.628309823e-08 0.1650751158 1.245981095e-05 0.1341184459 0.06036178251 0.2464952623 0.01304981677 0.9094483604
529.75 4.682412532e-11 0.2106629498 1.835691304e-10 0.2002835738 3.498123553e-08 0.1650897675 1.203026981e-05 0.1341332768 0.05981821621 0.2431475346 0.01318546858 0.9084613278
530.4 4.51016457e-11 0.2106768025 1.76835671e-10 0.2002976087 3.372615424e-08 0.1651044191 1.161556267e-05 0.1341481199 0.05926391099 0.2398463135 0.01332235608 0.9074642164
531.05 4.344260755e-11 0.210690655 1.70349515e-10 0.2003116433 3.251617082e-08 0.1651190704 1.121517638e-05 0.1341629749 0.05869920512 0.2365919463 0.01346048663 0.9064569384
531.7 4.184467137e-11 0.2107045072 1.641015682e-10 0.2003256777 3.134966238e-08 0.1651337216 1.082861558e-05 0.1341778414 0.05812444675 0.2333847479 0.01359986752 0.9054394056
532.35 4.030558401e-11 0.2107183593 1.58083071e-10 0.2003397119 3.022506453e-08 0.1651483724 1.045540205e-05 0.1341927189 0.05753999342 0.2302250009 0.01374050595 0.9044115294
533 3.882317553e-11 0.210732211 1.522855863e-10 0.2003537458 2.914086927e-08 0.1651630231 1.009507416e-05 0.1342076071 0.0569462116 0.2271129553 0.01388240906 0.903373221
533.65 3.73953561e-11 0.2107460625 1.467009878e-10 0.2003677794 2.809562292e-08 0.1651776736 9.747186261e-06 0.1342225056 0.05634347623 0.2240488287 0.01402558388 0.902324391
534.3 3.602011302e-11 0.2107599138 1.413214482e-10 0.2003818129 2.70879242e-08 0.1651923238 9.411308141e-06 0.134237414 0.05573217018 0.2210328059 0.01417003738 0.9012649498
534.95 3.469550791e-11 0.2107737648 1.361394286e-10 0.200395846 2.611642229e-08 0.1652069737 9.087024491e-06 0.1342523319 0.05511268372 0.2180650393 0.01431577639 0.9001948074
535.6 3.341967394e-11 0.2107876156 1.311476673e-10 0.2004098789 2.517981506e-08 0.1652216235 8.773934386e-06 0.1342672591 0.05448541402 0.2151456488 0.01446280767 0.8991138733
536.25 3.219081316e-11 0.2108014662 1.263391701e-10 0.2004239116 2.42768473e-08 0.165236273 8.471650789e-06 0.1342821952 0.0538507645 0.2122747219 0.01461113787 0.8980220569
536.9 3.100719403e-11 0.2108153165 1.217072003e-10 0.200437944 2.3406309e-08 0.1652509223 8.179800064e-06 0.1342971399 0.05320914436 0.2094523139 0.01476077352 0.8969192672
537.55 2.986714886e-11 0.2108291665 1.172452689e-10 0.2004519762 2.256703375e-08 0.1652655714 7.898021516e-06 0.1343120928 0.05256096788 0.2066784484 0.01491172104 0.8958054129
538.2 2.876907157e-11 0.2108430163 1.129471261e-10 0.2004660081 2.175789715e-08 0.1652802202 7.625966942e-06 0.1343270538 0.0519066539 0.2039531172 0.01506398674 0.8946804024
538.85 2.77114153e-11 0.2108568659 1.088067518e-10 0.2004800398 2.097781529e-08 0.1652948688 7.363300194e-06 0.1343420224 0.05124662514 0.2012762808 0.01521757679 0.8935441438
539.5 2.669269029e-11 0.2108707153 1.048183475e-10 0.2004940713 2.022574333e-08 0.1653095171 7.109696765e-06 0.1343569985 0.0505813076 0.198647869 0.01537249725 0.8923965449
540.15 2.571146178e-11 0.2108845643 1.009763282e-10 0.2005081025 1.950067403e-08 0.1653241652 6.864843382e-06 0.1343719817 0.04991112996 0.1960677811 0.01552875406 0.8912375134
540.8 2.476634791e-11 0.2108984132 9.727531435e-11 0.2005221334 1.880163643e-08 0.1653388131 6.628437619e-06 0.1343869718 0.04923652284 0.1935358863 0.01568635302 0.8900669565
541.45 2.385601783e-11 0.2109122618 9.371012431e-11 0.2005361641 1.812769455e-08 0.1653534608 6.40018752e-06 0.1344019686 0.04855791828 0.1910520247 0.01584529978 0.8888847814
542.1 2.29791898e-11 0.2109261101 9.027576715e-11 0.2005501946 1.747794609e-08 0.1653681082 6.179811237e-06 0.1344169719 0.04787574899 0.1886160073 0.01600559987 0.887690895
542.75 2.213462935e-11 0.2109399583 8.696743553e-11 0.2005642248 1.685152126e-08 0.1653827553 5.967036676e-06 0.1344319813 0.04719044774 0.1862276171 0.0161672587 0.8864852038
543.4 2.132114757e-11 0.2109538061 8.378049901e-11 0.2005782547 1.624758159e-08 0.1653974022 5.761601164e-06 0.1344469967 0.04650244671 0.1838866096 0.01633028149 0.8852676144
544.05 2.053759938e-11 0.2109676538 8.071049747e-11 0.2005922844 1.566531876e-08 0.1654120489 5.563251119e-06 0.1344620178 0.04581217685 0.1815927133 0.01649467335 0.8840380331
544.7 1.978288199e-11 0.2109815011 7.775313487e-11 0.2006063139 1.510395361e-08 0.1654266954 5.371741734e-06 0.1344770445 0.04512006723 0.1793456309 0.01666043924 0.8827963659
545.35 1.905593324e-11 0.2109953483 7.490427322e-11 0.2006203431 1.456273497e-08 0.1654413416 5.186836677e-06 0.1344920765 0.04442654438 0.1771450396 0.01682758397 0.8815425188
546 1.835573018e-11 0.2110091952 7.21599267e-11 0.2006343721 1.404093875e-08 0.1654559875 5.008307793e-06 0.1345071137 0.0437320317 0.1749905921 0.01699611218 0.8802763974
546.65 1.768128758e-11 0.2110230418 6.951625615e-11 0.2006484009 1.353786691e-08 0.1654706332 4.835934822e-06 0.1345221559 0.04303694883 0.1728819178 0.01716602837 0.8789979076
547.3 1.703165655e-11 0.2110368883 6.696956356e-11 0.2006624293 1.305284653e-08 0.1654852787 4.669505127e-06 0.1345372028 0.04234171101 0.170818623 0.01733733688 0.8777069547
547.95 1.640592318e-11 0.2110507344 6.451628696e-11 0.2006764576 1.258522891e-08 0.165499924 4.508813427e-06 0.1345522544 0.04164672853 0.1688002924 0.01751004188 0.8764034442
548.6 1.580320728e-11 0.2110645804 6.215299536e-11 0.2006904856 1.213438872e-08 0.1655145689 4.353661545e-06 0.1345673104 0.04095240614 0.1668264897 0.01768414739 0.8750872814
549.25 1.522266112e-11 0.211078426 5.987638397e-11 0.2007045133 1.169972309e-08 0.1655292137 4.203858159e-06 0.1345823707 0.04025914245 0.1648967584 0.01785965726 0.8737583714
549.9 1.466346823e-11 0.2110922715 5.768326948e-11 0.2007185408 1.128065089e-08 0.1655438582 4.059218567e-06 0.1345974351 0.03956732944 0.1630106234 0.01803657514 0.8724166195
550.55 1.412484223e-11 0.2111061167 5.557058568e-11 0.2007325681 1.087661186e-08 0.1655585024 3.919564454e-06 0.1346125035 0.0388773519 0.1611675913 0.01821490455 0.8710619306
551.2 1.360602576e-11 0.2111199616 5.353537908e-11 0.2007465951 1.048706594e-08 0.1655731464 3.784723676e-06 0.1346275757 0.03818958691 0.1593671517 0.01839464879 0.8696942099
551.85 1.310628936e-11 0.2111338064 5.157480477e-11 0.2007606219 1.011149246e-08 0.1655877902 3.654530042e-06 0.1346426516 0.03750440341 0.1576087782 0.01857581099 0.8683133624
552.5 1.262493047e-11 0.2111476508 4.968612247e-11 0.2007746484 9.749389516e-09 0.1656024337 3.528823108e-06 0.1346577311 0.03682216167 0.1558919292 0.01875839409 0.8669192931
553.15 1.216127245e-11 0.2111614951 4.786669262e-11 0.2007886746 9.40027324e-09 0.165617077 3.40744798e-06 0.134672814 0.03614321294 0.1542160493 0.01894240085 0.865511907
553.8 1.171466358e-11 0.211175339 4.611397269e-11 0.2008027007 9.063677178e-09 0.16563172 3.290255122e-06 0.1346879001 0.03546789896 0.1525805699 0.0191278338 0.8640911092
554.45 1.128447618e-11 0.2111891828 4.442551363e-11 0.2008167264 8.739151653e-09 0.1656463628 3.177100166e-06 0.1347029895 0.0347965516 0.1509849106 0.01931469528 0.8626568048
555.1 1.08701057e-11 0.2112030263 4.279895641e-11 0.200830752 8.426263163e-09 0.1656610053 3.067843738e-06 0.1347180819 0.03412949256 0.1494284797 0.01950298741 0.861208899
555.75 1.047096987e-11 0.2112168695 4.123202871e-11 0.2008447773 8.124593799e-09 0.1656756476 2.962351282e-06 0.1347331772 0.03346703294 0.1479106759 0.0196927121 0.8597472971
556.4 1.00865079e-11 0.2112307126 3.972254172e-11 0.2008588023 7.833740681e-09 0.1656902896 2.860492897e-06 0.1347482754 0.03280947304 0.1464308887 0.01988387103 0.8582719044
557.05 9.716179636e-12 0.2112445553 3.82683871e-11 0.2008728271 7.553315417e-09 0.1657049314 2.762143169e-06 0.1347633763 0.03215710202 0.1449884995 0.02007646563 0.8567826265
557.7 9.359464862e-12 0.2112583978 3.686753396e-11 0.2008868516 7.282943586e-09 0.1657195729 2.667181022e-06 0.1347784799 0.0315101977 0.1435828827 0.02027049711 0.855279369
558.35 9.015862519e-12 0.2112722401 3.551802607e-11 0.2009008759 7.022264226e-09 0.1657342142 2.575489566e-06 0.1347935859 0.03086902634 0.1422134069 0.02046596642 0.8537620379
559 8.684890015e-12 0.2112860822 3.421797909e-11 0.2009149 6.770929358e-09 0.1657488552 2.486955949e-06 0.1348086944 0.03023384244 0.1408794353 0.02066287424 0.8522305392
559.65 8.366082542e-12 0.211299924 3.296557791e-11 0.2009289238 6.528603512e-09 0.165763496 2.401471221e-06 0.1348238052 0.02960488862 0.1395803268 0.020861221 0.8506847791
560.3 8.058992416e-12 0.2113137655 3.175907411e-11 0.2009429474 6.294963283e-09 0.1657781365 2.318930199e-06 0.1348389182 0.02898239547 0.1383154372 0.02106100683 0.8491246644
560.95 7.763188454e-12 0.2113276068 3.059678352e-11 0.2009569707 6.069696889e-09 0.1657927768 2.239231332e-06 0.1348540334 0.02836658148 0.1370841197 0.0212622316 0.8475501018
561.6 7.478255353e-12 0.2113414479 2.947708386e-11 0.2009709938 5.852503758e-09 0.1658074168 2.16227658e-06 0.1348691507 0.02775765298 0.1358857261 0.02146489486 0.8459609985
562.25 7.203793116e-12 0.2113552887 2.839841243e-11 0.2009850166 5.643094124e-09 0.1658220566 2.087971293e-06 0.13488427 0.02715580408 0.1347196072 0.02166899587 0.844357262
562.9 6.939416479e-12 0.2113691293 2.735926396e-11 0.2009990392 5.441188635e-09 0.1658366961 2.016224087e-06 0.1348993912 0.02656121671 0.1335851138 0.02187453358 0.8427388003
563.55 6.684754373e-12 0.2113829697 2.635818845e-11 0.2010130615 5.24651798e-09 0.1658513354 1.946946738e-06 0.1349145142 0.02597406058 0.1324815979 0.02208150658 0.8411055216
564.2 6.439449397e-12 0.2113968098 2.539378919e-11 0.2010270836 5.058822529e-09 0.1658659744 1.880054072e-06 0.134929639 0.0253944933 0.1314084124 0.02228991315 0.8394573348
564.85 6.203157314e-12 0.2114106496 2.446472076e-11 0.2010411054 4.877851982e-09 0.1658806132 1.815463853e-06 0.1349447655 0.02482266042 0.1303649131 0.02249975122 0.8377941489
565.5 5.975546568e-12 0.2114244892 2.356968716e-11 0.201055127 4.703365033e-09 0.1658952517 1.753096689e-06 0.1349598937 0.02425869554 0.1293504583 0.02271101837 0.8361158738
566.15 5.756297816e-12 0.2114383286 2.270743999e-11 0.2010691484 4.53512905e-09 0.16590989 1.692875931e-06 0.1349750234 0.0237027204 0.1283644099 0.02292371179 0.8344224198
566.8 5.545103473e-12 0.2114521677 2.187677671e-11 0.2010831695 4.372919759e-09 0.165924528 1.634727574e-06 0.1349901546 0.02315484511 0.1274061342 0.02313782831 0.8327136976
567.45 5.341667286e-12 0.2114660066 2.107653892e-11 0.2010971903 4.216520944e-09 0.1659391658 1.578580173e-06 0.1350052872 0.02261516825 0.1264750021 0.02335336436 0.8309896187
568.1 5.145703909e-12 0.2114798452 2.030561079e-11 0.201111211 4.065724158e-09 0.1659538033 1.524364748e-06 0.1350204212 0.02208377709 0.1255703898 0.02357031598 0.8292500953
568.75 4.956938506e-12 0.2114936836 1.956291744e-11 0.2011252313 3.920328443e-09 0.1659684405 1.472014702e-06 0.1350355566 0.02156074779 0.1246916794 0.02378867879 0.82749504
569.4 4.77510636e-12 0.2115075218 1.884742347e-11 0.2011392514 3.780140062e-09 0.1659830776 1.421465738e-06 0.1350506932 0.02104614567 0.1238382593 0.02400844799 0.8257243665
570.05 4.599952501e-12 0.2115213597 1.815813149e-11 0.2011532713 3.644972235e-09 0.1659977143 1.372655779e-06 0.1350658311 0.02054002539 0.1230095246 0.02422961838 0.823937989
570.7 4.431231349e-12 0.2115351974 1.749408074e-11 0.2011672909 3.514644893e-09 0.1660123508 1.32552489e-06 0.1350809701 0.02004243127 0.1222048777 0.02445218427 0.8221358225
571.35 4.268706364e-12 0.2115490348 1.685434573e-11 0.2011813103 3.388984436e-09 0.166026987 1.280015207e-06 0.1350961102 0.01955339756 0.1214237284 0.02467613955 0.8203177829
572 4.112149716e-12 0.211562872 1.623803495e-11 0.2011953295 3.267823497e-09 0.166041623 1.236070864e-06 0.1351112514 0.01907294871 0.1206654946 0.02490147766 0.818483787
572.65 3.961341961e-12 0.2115767089 1.564428961e-11 0.2012093483 3.151000723e-09 0.1660562588 1.193637923e-06 0.1351263937 0.01860109968 0.1199296024 0.02512819155 0.8166337526
573.3 3.816071735e-12 0.2115905456 1.507228244e-11 0.201223367 3.038360552e-09 0.1660708943 1.152664306e-06 0.1351415369 0.01813785627 0.1192154862 0.02535627369 0.8147675982
573.95 3.676135453e-12 0.2116043821 1.452121657e-11 0.2012373854 2.929753012e-09 0.1660855295 1.113099736e-06 0.135156681 0.01768321542 0.1185225894 0.02558571608 0.8128852434
574.6 3.541337025e-12 0.2116182183 1.399032434e-11 0.2012514035 2.825033516e-09 0.1661001645 1.074895668e-06 0.1351718261 0.01723716555 0.1178503646 0.02581651021 0.8109866089
575.25 3.411487578e-12 0.2116320543 1.347886628e-11 0.2012654214 2.724062666e-09 0.1661147992 1.038005236e-06 0.135186972 0.0167996869 0.1171982732 0.02604864707 0.8090716166
575.9 3.286405192e-12 0.21164589 1.298613007e-11 0.2012794391 2.626706072e-09 0.1661294337 1.002383187e-06 0.1352021187 0.01637075187 0.1165657864 0.02628211714 0.8071401892
576.55 3.165914641e-12 0.2116597255 1.251142952e-11 0.2012934565 2.532834169e-09 0.1661440679 9.679858342e-07 0.1352172663 0.01595032534 0.1159523848 0.02651691036 0.8051922508
577.2 3.049847149e-12 0.2116735607 1.205410362e-11 0.2013074737 2.442322042e-09 0.1661587019 9.34770995e-07 0.1352324145 0.01553836506 0.1153575587 0.02675301615 0.8032277266
577.85 2.938040149e-12 0.2116873957 1.161351564e-11 0.2013214906 2.355049262e-09 0.1661733356 9.026979435e-07 0.1352475635 0.01513482198 0.1147808082 0.0269904234 0.801246543
578.5 2.830337059e-12 0.2117012305 1.118905218e-11 0.2013355073 2.270899721e-09 0.166187969 8.717273588e-07 0.1352627131 0.01473964059 0.1142216433 0.02722912044 0.799248628
579.15 2.726587058e-12 0.211715065 1.078012237e-11 0.2013495237 2.189761482e-09 0.1662026022 8.418212765e-07 0.1352778634 0.01435275926 0.1136795839 0.02746909503 0.7972339105
579.8 2.626644873e-12 0.2117288993 1.038615701e-11 0.2013635399 2.111526624e-09 0.1662172352 8.12943042e-07 0.1352930143 0.01397411063 0.1131541599 0.02771033441 0.795202321
580.45 2.530370579e-12 0.2117427333 1.00066078e-11 0.2013775558 2.036091099e-09 0.1662318678 7.85057265e-07 0.1353081658 0.0136036219 0.1126449113 0.02795282519 0.7931537916
581.1 2.437629396e-12 0.2117565671 9.640946534e-12 0.2013915715 1.963354595e-09 0.1662465003 7.581297759e-07 0.1353233179 0.01324121519 0.1121513879 0.02819655344 0.7910882555
581.75 2.348291506e-12 0.2117704006 9.288664398e-12 0.201405587 1.893220397e-09 0.1662611325 7.321275838e-07 0.1353384704 0.01288680791 0.1116731495 0.02844150463 0.7890056476
582.4 2.262231864e-12 0.2117842339 8.949271238e-12 0.2014196022 1.825595264e-09 0.1662757644 7.070188356e-07 0.1353536235 0.01254031304 0.1112097661 0.02868766363 0.7869059045
583.05 2.179330027e-12 0.211798067 8.62229488e-12 0.2014336171 1.7603893e-09 0.1662903961 6.827727764e-07 0.135368777 0.01220163945 0.1107608173 0.02893501472 0.7847889641
583.7 2.099469981e-12 0.2118118998 8.307280472e-12 0.2014476318 1.697515833e-09 0.1663050275 6.593597123e-07 0.135383931 0.01187069226 0.1103258927 0.02918354153 0.7826547663
584.35 2.02253998e-12 0.2118257323 8.003789843e-12 0.2014616463 1.636891302e-09 0.1663196586 6.36750973e-07 0.1353990855 0.01154737315 0.1099045916 0.02943322711 0.7805032524
585 1.94843239e-12 0.2118395647 7.711400894e-12 0.2014756605 1.578435145e-09 0.1663342895 6.14918877e-07 0.1354142403 0.01123158058 0.1094965229 0.02968405385 0.7783343657
585.65 1.877043534e-12 0.2118533968 7.429707007e-12 0.2014896745 1.522069689e-09 0.1663489202 5.93836697e-07 0.1354293955 0.0109232102 0.1091013053 0.02993600352 0.7761480512
586.3 1.808273547e-12 0.2118672286 7.158316475e-12 0.2015036882 1.467720047e-09 0.1663635506 5.734786273e-07 0.135444551 0.01062215503 0.1087185668 0.03018905723 0.7739442557
586.95 1.742026239e-12 0.2118810602 6.896851956e-12 0.2015177017 1.415314019e-09 0.1663781807 5.538197515e-07 0.1354597069 0.01032830582 0.1083479446 0.03044319543 0.7717229279
587.6 1.678208957e-12 0.2118948916 6.644949944e-12 0.2015317149 1.364781996e-09 0.1663928106 5.348360126e-07 0.1354748631 0.01004155124 0.1079890855 0.03069839793 0.7694840187
588.25 1.616732454e-12 0.2119087227 6.402260266e-12 0.2015457279 1.316056863e-09 0.1664074402 5.165041825e-07 0.1354900196 0.009761778202 0.1076416452 0.03095464384 0.7672274808
588.9 1.557510765e-12 0.2119225535 6.168445583e-12 0.2015597406 1.269073915e-09 0.1664220696 4.988018336e-07 0.1355051763 0.009488872051 0.1073052882 0.03121191158 0.7649532689
589.55 1.500461088e-12 0.2119363842 5.943180928e-12 0.2015737531 1.223770766e-09 0.1664366987 4.817073117e-07 0.1355203333 0.009222716842 0.1069796881 0.0314701789 0.76266134
590.2 1.445503663e-12 0.2119502146 5.726153249e-12 0.2015877654 1.180087268e-09 0.1664513276 4.651997083e-07 0.1355354906 0.008963195545 0.1066645269 0.03172942282 0.7603516532
590.85 1.392561663e-12 0.2119640447 5.517060967e-12 0.2016017774 1.137965429e-09 0.1664659562 4.492588359e-07 0.1355506481 0.008710190264 0.1063594954 0.03198961967 0.7580241698
591.5 1.341561086e-12 0.2119778746 5.315613562e-12 0.2016157891 1.097349338e-09 0.1664805846 4.338652023e-07 0.1355658057 0.008463582445 0.1060642924 0.03225074504 0.7556788535
592.15 1.292430652e-12 0.2119917043 5.121531162e-12 0.2016298006 1.058185086e-09 0.1664952127 4.189999872e-07 0.1355809636 0.008223253073 0.1057786253 0.03251277378 0.7533156703
592.8 1.245101698e-12 0.2120055337 4.934544154e-12 0.2016438119 1.020420701e-09 0.1665098405 4.046450184e-07 0.1355961216 0.007989082852 0.105502209 0.03277568 0.7509345885
593.45 1.199508087e-12 0.2120193628 4.75439281e-12 0.2016578229 9.8400607e-10 0.1665244681 3.9078275e-07 0.1356112798 0.007760952385 0.1052347669 0.03303943708 0.748535579
594.1 1.155586114e-12 0.2120331918 4.580826917e-12 0.2016718337 9.488928799e-10 0.1665390954 3.773962405e-07 0.1356264382 0.00753874234 0.1049760295 0.03330401758 0.7461186151
594.75 1.113274413e-12 0.2120470205 4.413605437e-12 0.2016858442 9.150345479e-10 0.1665537225 3.64469132e-07 0.1356415966 0.007322333602 0.1047257353 0.03356939333 0.7436836729
595.4 1.072513877e-12 0.2120608489 4.252496162e-12 0.2016998545 8.823861614e-10 0.1665683493 3.5198563e-07 0.1356567552 0.007111607426 0.1044836298 0.03383553534 0.7412307309
596.05 1.033247567e-12 0.2120746771 4.097275396e-12 0.2017138645 8.509044175e-10 0.1665829759 3.399304839e-07 0.1356719139 0.00690644557 0.104249466 0.03410241385 0.7387597704
596.7 9.954206407e-13 0.2120885051 3.947727639e-12 0.2017278743 8.205475655e-10 0.1665976022 3.282889687e-07 0.1356870727 0.006706730423 0.1040230038 0.03436999826 0.7362707756
597.35 9.589802684e-13 0.2121023328 3.80364529e-12 0.2017418839 7.912753512e-10 0.1666122282 3.17046866e-07 0.1357022315 0.006512345129 0.10380401 0.03463825717 0.7337637334
598 9.23875563e-13 0.2121161602 3.664828351e-12 0.2017558932 7.630489629e-10 0.166626854 3.061904475e-07 0.1357173904 0.006323173696 0.103592258 0.03490715834 0.7312386337
598.65 8.90057507e-13 0.2121299875 3.531084154e-12 0.2017699022 7.358309798e-10 0.1666414796 2.957064574e-07 0.1357325494 0.006139101099 0.1033875279 0.03517666869 0.7286954691
599.3 8.57478884e-13 0.2121438145 3.402227092e-12 0.201783911 7.09585322e-10 0.1666561048 2.855820962e-07 0.1357477084 0.005960013376 0.1031896061 0.03544675427 0.7261342356
599.95 8.260942126e-13 0.2121576412 3.278078354e-12 0.2017979196 6.842772025e-10 0.1666707299 2.758050053e-07 0.1357628674 0.005785797714 0.1029982852 0.03571738031 0.7235549322
600.6 7.958596822e-13 0.2121714677 3.158465682e-12 0.2018119279 6.598730807e-10 0.1666853546 2.663632514e-07 0.1357780265 0.005616342533 0.1028133639 0.03598851112 0.7209575608
601.25 7.667330919e-13 0.212185294 3.043223128e-12 0.201825936 6.363406178e-10 0.1666999792 2.572453123e-07 0.1357931856 0.005451537555 0.1026346469 0.03626011016 0.7183421269
601.9 7.38673791e-13 0.21219912 2.932190823e-12 0.2018399438 6.136486335e-10 0.1667146034 2.48440062e-07 0.1358083447 0.005291273873 0.1024619444 0.03653213997 0.715708639
602.55 7.116426225e-13 0.2122129458 2.825214753e-12 0.2018539514 5.917670646e-10 0.1667292274 2.399367578e-07 0.1358235037 0.005135444011 0.1022950725 0.03680456222 0.7130571093
603.2 6.856018672e-13 0.2122267713 2.722146545e-12 0.2018679587 5.706669247e-10 0.1667438512 2.317250266e-07 0.1358386628 0.004983941975 0.1021338525 0.03707733766 0.710387553
603.85 6.60515192e-13 0.2122405966 2.622843261e-12 0.2018819658 5.503202658e-10 0.1667584747 2.237948524e-07 0.1358538218 0.004836663307 0.1019781112 0.0373504261 0.7076999892
604.5 6.363475978e-13 0.2122544216 2.527167199e-12 0.2018959726 5.307001409e-10 0.1667730979 2.161365637e-07 0.1358689808 0.004693505122 0.1018276804 0.03762378645 0.7049944403
605.15 6.130653714e-13 0.2122682464 2.434985698e-12 0.2019099792 5.117805684e-10 0.1667877209 2.08740822e-07 0.1358841398 0.004554366145 0.1016823971 0.03789737667 0.7022709324
605.8 5.906360375e-13 0.212282071 2.346170955e-12 0.2019239856 4.935364969e-10 0.1668023436 2.015986101e-07 0.1358992987 0.00441914675 0.101542103 0.03817115381 0.6995294955
606.45 5.690283136e-13 0.2122958953 2.260599848e-12 0.2019379917 4.759437723e-10 0.1668169661 1.947012211e-07 0.1359144576 0.004287748978 0.1014066447 0.03844507392 0.6967701632
607.1 5.48212066e-13 0.2123097194 2.178153764e-12 0.2019519975 4.589791055e-10 0.1668315883 1.880402474e-07 0.1359296164 0.004160076567 0.1012758734 0.03871909215 0.6939929728
607.75 5.281582674e-13 0.2123235432 2.098718432e-12 0.2019660031 4.426200413e-10 0.1668462102 1.816075711e-07 0.1359447751 0.004036034968 0.1011496445 0.03899316267 0.6911979658
608.4 5.088389567e-13 0.2123373668 2.022183763e-12 0.2019800085 4.268449285e-10 0.1668608319 1.753953531e-07 0.1359599338 0.003915531361 0.1010278183 0.03926723868 0.6883851875
609.05 4.902271992e-13 0.2123511902 1.948443703e-12 0.2019940136 4.116328913e-10 0.1668754534 1.693960242e-07 0.1359750923 0.003798474663 0.1009102588 0.03954127243 0.6855546872
609.7 4.722970492e-13 0.2123650133 1.877396076e-12 0.2020080185 3.969638012e-10 0.1668900746 1.636022756e-07 0.1359902508 0.003684775541 0.1007968345 0.03981521519 0.6827065186
610.35 4.550235136e-13 0.2123788361 1.80894245e-12 0.2020220231 3.828182502e-10 0.1669046955 1.580070498e-07 0.1360054092 0.003574346411 0.1006874177 0.04008901726 0.6798407391
611 4.383825171e-13 0.2123926588 1.742987993e-12 0.2020360275 3.691775252e-10 0.1669193162 1.526035319e-07 0.1360205675 0.003467101443 0.1005818846 0.04036262796 0.6769574108
611.65 4.223508679e-13 0.2124064811 1.679441347e-12 0.2020500316 3.560235831e-10 0.1669339366 1.473851415e-07 0.1360357257 0.00336295656 0.1004801152 0.04063599564 0.6740565997
612.3 4.069062257e-13 0.2124203033 1.618214496e-12 0.2020640355 3.433390265e-10 0.1669485567 1.423455246e-07 0.1360508837 0.003261829429 0.1003819931 0.04090906767 0.6711383766
612.95 3.920270704e-13 0.2124341252 1.559222648e-12 0.2020780392 3.311070806e-10 0.1669631766 1.374785454e-07 0.1360660417 0.00316363946 0.1002874056 0.04118179044 0.6682028163
613.6 3.776926716e-13 0.2124479468 1.502384111e-12 0.2020920426 3.193115712e-10 0.1669777963 1.327782793e-07 0.1360811995 0.003068307796 0.1001962433 0.04145410937 0.6652499984
614.25 3.638830599e-13 0.2124617682 1.447620184e-12 0.2021060457 3.079369029e-10 0.1669924157 1.282390052e-07 0.1360963572 0.0029757573 0.1001084002 0.0417259689 0.662280007
614.9 3.505789989e-13 0.2124755894 1.394855048e-12 0.2021200486 2.969680383e-10 0.1670070348 1.23855199e-07 0.1361115148 0.002885912543 0.1000237736 0.04199731248 0.6592929307
615.55 3.377619581e-13 0.2124894103 1.344015655e-12 0.2021340513 2.863904782e-10 0.1670216537 1.196215261e-07 0.1361266722 0.002798699794 0.09994226381 0.04226808262 0.6562888628
616.2 3.254140871e-13 0.212503231 1.295031634e-12 0.2021480537 2.761902422e-10 0.1670362723 1.155328355e-07 0.1361418295 0.002714046998 0.09986377432 0.04253822082 0.6532679015
616.85 3.135181905e-13 0.2125170514 1.247835185e-12 0.2021620559 2.663538502e-10 0.1670508907 1.115841533e-07 0.1361569866 0.002631883761 0.09978821154 0.04280766764 0.6502301496
617.5 3.020577041e-13 0.2125308716 1.202360991e-12 0.2021760578 2.568683044e-10 0.1670655088 1.077706764e-07 0.1361721436 0.002552141333 0.09971548477 0.04307636268 0.647175715
618.15 2.910166712e-13 0.2125446916 1.158546125e-12 0.2021900595 2.477210719e-10 0.1670801267 1.040877668e-07 0.1361873005 0.002474752585 0.09964550609 0.04334424456 0.6441047101
618.8 2.803797208e-13 0.2125585113 1.116329959e-12 0.2022040609 2.389000683e-10 0.1670947443 1.00530946e-07 0.1362024572 0.002399651991 0.0995781903 0.04361125098 0.6410172528
619.45 2.701320458e-13 0.2125723308 1.075654088e-12 0.2022180621 2.303936414e-10 0.1671093616 9.709588936e-08 0.1362176137 0.002326775603 0.09951345481 0.04387731867 0.6379134657
620.1 2.602593825e-13 0.21258615 1.036462239e-12 0.202232063 2.221905559e-10 0.1671239787 9.37784207e-08 0.13623277 0.002256061033 0.09945121958 0.04414238342 0.6347934765
620.75 2.507479904e-13 0.212599969 9.987002003e-13 0.2022460637 2.142799782e-10 0.1671385955 9.057450747e-08 0.1362479262 0.002187447424 0.09939140705 0.0444063801 0.631657418
621.4 2.415846329e-13 0.2126137877 9.623157414e-13 0.2022600642 2.066514625e-10 0.1671532121 8.748025563e-08 0.1362630823 0.00212087543 0.09933394204 0.04466924266 0.6285054285
622.05 2.327565592e-13 0.2126276062 9.27258543e-13 0.2022740644 1.992949363e-10 0.1671678284 8.449190491e-08 0.1362782381 0.002056287189 0.09927875171 0.04493090413 0.6253376511
622.7 2.242514862e-13 0.2126414245 8.934801263e-13 0.2022880643 1.922006875e-10 0.1671824445 8.16058242e-08 0.1362933938 0.001993626299 0.09922576546 0.04519129662 0.6221542344
623.35 2.160575813e-13 0.2126552425 8.60933785e-13 0.202302064 1.853593513e-10 0.1671970603 7.881850715e-08 0.1363085493 0.001932837792 0.09917491486 0.04545035137 0.6189553325
624 2.081634459e-13 0.2126690602 8.295745212e-13 0.2023160635 1.787618976e-10 0.1672116758 7.612656782e-08 0.1363237046 0.001873868109 0.09912613362 0.04570799871 0.6157411046
624.65 2.005580994e-13 0.2126828778 7.993589825e-13 0.2023300627 1.723996194e-10 0.1672262911 7.352673658e-08 0.1363388597 0.001816665074 0.09907935749 0.04596416812 0.6125117154
625.3 1.932309641e-13 0.2126966951 7.702454017e-13 0.2023440617 1.66264121e-10 0.1672409061 7.101585607e-08 0.1363540146 0.001761177865 0.09903452421 0.04621878821 0.6092673352
625.95 1.861718501e-13 0.2127105121 7.421935388e-13 0.2023580604 1.603473067e-10 0.1672555209 6.859087736e-08 0.1363691694 0.001707356993 0.09899157345 0.04647178674 0.6060081397
626.6 1.793709411e-13 0.2127243289 7.151646251e-13 0.2023720589 1.546413705e-10 0.1672701354 6.624885625e-08 0.1363843239 0.001655154268 0.09895044674 0.04672309062 0.6027343102
627.25 1.72818781e-13 0.2127381455 6.891213096e-13 0.2023860571 1.491387853e-10 0.1672847497 6.398694958e-08 0.1363994782 0.00160452278 0.09891108743 0.04697262598 0.5994460336
627.9 1.665062602e-13 0.2127519618 6.640276066e-13 0.2024000551 1.43832293e-10 0.1672993637 6.180241186e-08 0.1364146324 0.001555416869 0.09887344063 0.04722031811 0.5961435023
628.55 1.604246033e-13 0.2127657778 6.398488459e-13 0.2024140529 1.38714895e-10 0.1673139775 5.969259182e-08 0.1364297863 0.001507792097 0.09883745314 0.04746609152 0.5928269146
629.2 1.545653564e-13 0.2127795937 6.165516251e-13 0.2024280504 1.337798431e-10 0.167328591 5.765492924e-08 0.1364449401 0.001461605225 0.09880307343 0.04770986995 0.5894964744
629.85 1.489203759e-13 0.2127934093 5.941037624e-13 0.2024420476 1.290206299e-10 0.1673432042 5.568695175e-08 0.1364600936 0.001416814186 0.09877025154 0.0479515764 0.5861523912
630.5 1.434818165e-13 0.2128072246 5.724742526e-13 0.2024560447 1.244309808e-10 0.1673578172 5.378627188e-08 0.136475247 0.001373378056 0.09873893908 0.0481911331 0.5827948805
631.15 1.382421206e-13 0.2128210397 5.516332236e-13 0.2024700414 1.200048454e-10 0.1673724299 5.195058408e-08 0.1364904001 0.001331257033 0.09870908915 0.04842846161 0.5794241634
631.8 1.331940076e-13 0.2128348546 5.315518954e-13 0.2024840379 1.157363896e-10 0.1673870424 5.017766196e-08 0.136505553 0.001290412408 0.09868065633 0.04866348275 0.576040467
632.45 1.283304638e-13 0.2128486692 5.122025394e-13 0.2024980342 1.116199875e-10 0.1674016546 4.846535551e-08 0.1365207057 0.001250806539 0.09865359658 0.0488961167 0.572644024
633.1 1.236447326e-13 0.2128624836 4.935584407e-13 0.2025120302 1.076502145e-10 0.1674162666 4.681158851e-08 0.1365358582 0.001212402832 0.09862786724 0.04912628298 0.5692350731
633.75 1.19130305e-13 0.2128762977 4.755938607e-13 0.202526026 1.038218397e-10 0.1674308783 4.521435598e-08 0.1365510104 0.001175165707 0.09860342698 0.04935390047 0.5658138589
634.4 1.147809106e-13 0.2128901116 4.58284001e-13 0.2025400216 1.001298191e-10 0.1674454897 4.367172175e-08 0.1365661625 0.001139060582 0.09858023575 0.04957888747 0.5623806318
635.05 1.105905088e-13 0.2129039252 4.416049698e-13 0.2025540168 9.656928889e-11 0.1674601009 4.218181607e-08 0.1365813143 0.001104053843 0.09855825474 0.0498011617 0.5589356482
635.7 1.065532805e-13 0.2129177386 4.255337478e-13 0.2025680119 9.31355591e-11 0.1674747119 4.074283333e-08 0.1365964659 0.001070112824 0.09853744635 0.05002064031 0.5554791704
636.35 1.026636196e-13 0.2129315518 4.100481572e-13 0.2025820067 8.98241072e-11 0.1674893225 3.935302987e-08 0.1366116173 0.001037205782 0.09851777414 0.05023723996 0.5520114665
637 9.891612556e-14 0.2129453647 3.951268302e-13 0.2025960012 8.66305722e-11 0.167503933 3.801072186e-08 0.1366267684 0.001005301875 0.09849920282 0.0504508768 0.5485328106
637.65 9.530559576e-14 0.2129591774 3.807491798e-13 0.2026099956 8.355074894e-11 0.1675185431 3.67142832e-08 0.1366419194 0.0009743711354 0.09848169818 0.05066146653 0.5450434829
638.3 9.182701817e-14 0.2129729898 3.668953708e-13 0.2026239896 8.058058239e-11 0.167533153 3.546214358e-08 0.1366570701 0.0009443844543 0.09846522708 0.05086892443 0.5415437691
638.95 8.847556439e-14 0.212986802 3.535462929e-13 0.2026379834 7.771616237e-11 0.1675477627 3.425278653e-08 0.1366722205 0.0009153135547 0.09844975741 0.05107316537 0.5380339611
639.6 8.524658294e-14 0.213000614 3.406835338e-13 0.202651977 7.495371834e-11 0.1675623721 3.308474762e-08 0.1366873708 0.0008871309714 0.09843525806 0.05127410387 0.5345143567
640.25 8.213559273e-14 0.2130144257 3.282893535e-13 0.2026659703 7.22896144e-11 0.1675769812 3.195661261e-08 0.1367025208 0.0008598100303 0.09842169888 0.05147165415 0.5309852596
640.9 7.913827683e-14 0.2130282372 3.163466602e-13 0.2026799634 6.972034448e-11 0.1675915901 3.086701576e-08 0.1367176706 0.0008333248274 0.09840905067 0.0516657301 0.5274469791
641.55 7.625047647e-14 0.2130420484 3.048389862e-13 0.2026939562 6.72425277e-11 0.1676061987 2.981463816e-08 0.1367328201 0.0008076502086 0.09839728512 0.05185624541 0.5238998308
642.2 7.346818521e-14 0.2130558594 2.937504654e-13 0.2027079488 6.485290389e-11 0.1676208071 2.879820613e-08 0.1367479694 0.0007827617495 0.09838637481 0.05204311354 0.5203441356
642.85 7.078754334e-14 0.2130696701 2.830658109e-13 0.2027219412 6.254832927e-11 0.1676354152 2.781648964e-08 0.1367631185 0.0007586357366 0.09837629318 0.05222624779 0.5167802205
643.5 6.820483254e-14 0.2130834806 2.727702941e-13 0.2027359333 6.03257723e-11 0.1676500231 2.686830083e-08 0.1367782673 0.0007352491478 0.09836701448 0.05240556136 0.5132084183
644.15 6.571647068e-14 0.2130972908 2.628497243e-13 0.2027499251 5.818230966e-11 0.1676646307 2.595249258e-08 0.1367934159 0.0007125796337 0.09835851377 0.05258096734 0.5096290674
644.8 6.331900679e-14 0.2131111009 2.532904289e-13 0.2027639167 5.611512237e-11 0.167679238 2.506795706e-08 0.1368085643 0.0006906054996 0.09835076689 0.05275237882 0.5060425118
645.45 6.100911632e-14 0.2131249106 2.440792345e-13 0.2027779081 5.412149208e-11 0.1676938451 2.421362443e-08 0.1368237124 0.0006693056877 0.09834375043 0.0529197089 0.5024491012
646.1 5.878359644e-14 0.2131387202 2.352034488e-13 0.2027918992 5.219879747e-11 0.1677084519 2.338846151e-08 0.1368388603 0.0006486597593 0.09833744169 0.05308287073 0.498849191
646.75 5.663936161e-14 0.2131525294 2.266508427e-13 0.2028058901 5.034451077e-11 0.1677230585 2.259147052e-08 0.1368540079 0.0006286478783 0.0983318187 0.05324177761 0.4952431419
647.4 5.457343927e-14 0.2131663385 2.184096336e-13 0.2028198807 4.85561944e-11 0.1677376648 2.182168789e-08 0.1368691553 0.0006092507941 0.09832686015 0.05339634298 0.4916313202
648.05 5.258296569e-14 0.2131801473 2.10468469e-13 0.2028338711 4.683149781e-11 0.1677522709 2.107818306e-08 0.1368843025 0.0005904498255 0.09832254542 0.05354648051 0.4880140975
648.7 5.066518202e-14 0.2131939558 2.02816411e-13 0.2028478612 4.516815429e-11 0.1677668767 2.036005734e-08 0.1368994494 0.000572226845 0.0983188545 0.05369210414 0.4843918509
649.35 4.881743039e-14 0.2132077642 1.954429207e-13 0.2028618511 4.356397803e-11 0.1677814823 1.966644285e-08 0.1369145961 0.0005545642629 0.09831576804 0.05383312814 0.4807649624
650 4.703715024e-14 0.2132215722 1.883378441e-13 0.2028758407 4.201686121e-11 0.1677960876 1.899650143e-08 0.1369297425 0.0005374450126 0.09831326725 0.05396946716 0.4771338196
650.65 4.532187476e-14 0.2132353801 1.814913975e-13 0.2028898301 4.05247712e-11 0.1678106926 1.834942365e-08 0.1369448887 0.0005208525358 0.09831133395 0.05410103631 0.4734988149
651.3 4.366922741e-14 0.2132491877 1.748941545e-13 0.2029038193 3.90857479e-11 0.1678252974 1.772442778e-08 0.1369600346 0.0005047707678 0.09830995052 0.05422775118 0.4698603458
651.95 4.207691867e-14 0.213262995 1.685370326e-13 0.2029178082 3.769790114e-11 0.1678399019 1.712075889e-08 0.1369751803 0.0004891841238 0.09830909989 0.05434952794 0.4662188146
652.6 4.054274282e-14 0.2132768021 1.624112809e-13 0.2029317969 3.635940816e-11 0.1678545062 1.65376879e-08 0.1369903257 0.0004740774852 0.09830876552 0.05446628335 0.4625746284
653.25 3.906457486e-14 0.213290609 1.565084677e-13 0.2029457853 3.506851123e-11 0.1678691102 1.59745107e-08 0.1370054709 0.0004594361861 0.09830893137 0.05457793489 0.4589281992
653.9 3.764036758e-14 0.2133044156 1.50820469e-13 0.2029597734 3.382351531e-11 0.167883714 1.543054728e-08 0.1370206158 0.0004452460004 0.09830958193 0.05468440076 0.4552799434
654.55 3.626814867e-14 0.213318222 1.453394571e-13 0.2029737614 3.262278582e-11 0.1678983175 1.490514094e-08 0.1370357605 0.0004314931292 0.09831070213 0.05478559998 0.451630282
655.2 3.494601803e-14 0.2133320281 1.400578902e-13 0.202987749 3.146474647e-11 0.1679129207 1.439765744e-08 0.1370509049 0.0004181641885 0.09831227741 0.05488145243 0.44797964
655.85 3.367214506e-14 0.213345834 1.349685013e-13 0.2030017365 3.03478772e-11 0.1679275237 1.390748428e-08 0.1370660491 0.0004052461972 0.09831429364 0.05497187895 0.4443284472
656.5 3.244476618e-14 0.2133596396 1.300642888e-13 0.2030157237 2.927071214e-11 0.1679421264 1.343402992e-08 0.1370811931 0.0003927265653 0.09831673713 0.05505680135 0.4406771371
657.15 3.12621823e-14 0.213373445 1.253385063e-13 0.2030297106 2.823183769e-11 0.1679567289 1.297672306e-08 0.1370963367 0.0003805930827 0.09831959462 0.05513614255 0.4370261472
657.8 3.012275654e-14 0.2133872502 1.207846536e-13 0.2030436973 2.722989067e-11 0.1679713311 1.253501198e-08 0.1371114802 0.0003688339078 0.09832285326 0.05520982659 0.433375919
658.45 2.902491188e-14 0.2134010551 1.163964678e-13 0.2030576838 2.626355649e-11 0.1679859331 1.210836384e-08 0.1371266233 0.0003574375574 0.09832650061 0.05527777871 0.4297268975
659.1 2.796712901e-14 0.2134148598 1.12167914e-13 0.20307167 2.533156743e-11 0.1680005348 1.169626402e-08 0.1371417663 0.0003463928955 0.09833052459 0.05533992544 0.4260795313
659.75 2.69479442e-14 0.2134286643 1.080931778e-13 0.2030856559 2.443270097e-11 0.1680151363 1.129821552e-08 0.1371569089 0.0003356891234 0.09833491352 0.05539619464 0.4224342725
660.4 2.596594727e-14 0.2134424685 1.041666567e-13 0.2030996416 2.356577817e-11 0.1680297374 1.091373838e-08 0.1371720514 0.0003253157701 0.09833965607 0.0554465156 0.4187915761
661.05 2.501977961e-14 0.2134562724 1.003829526e-13 0.2031136271 2.272966212e-11 0.1680443384 1.054236902e-08 0.1371871935 0.0003152626819 0.09834474128 0.05549081908 0.4151519005
661.7 2.410813232e-14 0.2134700761 9.673686407e-14 0.2031276123 2.192325641e-11 0.1680589391 1.018365974e-08 0.1372023354 0.0003055200139 0.09835015852 0.05552903739 0.4115157068
662.35 2.322974438e-14 0.2134838796 9.322337957e-14 0.2031415973 2.114550375e-11 0.1680735395 9.837178186e-09 0.1372174771 0.0002960782202 0.09835589747 0.0555611045 0.4078834589
663 2.238340089e-14 0.2134976828 8.98376702e-14 0.203155582 2.03953845e-11 0.1680881397 9.502506756e-09 0.1372326185 0.0002869280453 0.09836194816 0.05558695603 0.4042556231
663.65 2.156793136e-14 0.2135114858 8.657508316e-14 0.2031695665 1.967191537e-11 0.1681027396 9.179242159e-09 0.1372477596 0.0002780605156 0.09836830091 0.05560652941 0.4006326681
664.3 2.078220813e-14 0.2135252885 8.343113528e-14 0.2031835508 1.897414812e-11 0.1681173392 8.866994895e-09 0.1372629005 0.0002694669309 0.09837494637 0.05561976387 0.3970150648
664.95 2.002514479e-14 0.213539091 8.040150686e-14 0.2031975348 1.830116827e-11 0.1681319386 8.565388789e-09 0.1372780411 0.000261138856 0.09838187544 0.05562660058 0.3934032861
665.6 1.929569463e-14 0.2135528933 7.748203567e-14 0.2032115185 1.765209397e-11 0.1681465378 8.274060532e-09 0.1372931815 0.0002530681134 0.09838907932 0.05562698267 0.3897978065
666.25 1.859284923e-14 0.2135666953 7.466871123e-14 0.203225502 1.702607476e-11 0.1681611367 7.992659244e-09 0.1373083216 0.0002452467751 0.0983965495 0.05562085534 0.3861991023
666.9 1.791563703e-14 0.2135804971 7.195766924e-14 0.2032394853 1.642229048e-11 0.1681757353 7.720846045e-09 0.1373234615 0.0002376671552 0.09840427772 0.05560816591 0.3826076509
667.55 1.726312203e-14 0.2135942986 6.934518628e-14 0.2032534683 1.583995021e-11 0.1681903337 7.458293643e-09 0.1373386011 0.0002303218029 0.09841225597 0.05558886387 0.3790239311
668.2 1.66344024e-14 0.2136080999 6.682767463e-14 0.2032674511 1.52782912e-11 0.1682049318 7.20468594e-09 0.1373537404 0.0002232034952 0.09842047649 0.05556290102 0.3754484225
668.85 1.602860932e-14 0.213621901 6.440167736e-14 0.2032814336 1.473657785e-11 0.1682195297 6.959717648e-09 0.1373688795 0.0002163052302 0.09842893177 0.05553023146 0.3718816053
669.5 1.544490571e-14 0.2136357018 6.206386351e-14 0.2032954159 1.42141008e-11 0.1682341273 6.723093915e-09 0.1373840183 0.0002096202205 0.09843761454 0.0554908117 0.3683239603
670.15 1.488248511e-14 0.2136495023 5.981102354e-14 0.2033093979 1.371017592e-11 0.1682487246 6.494529974e-09 0.1373991569 0.0002031418864 0.09844651773 0.05544460072 0.3647759687
670.8 1.434057052e-14 0.2136633027 5.764006486e-14 0.2033233797 1.322414347e-11 0.1682633217 6.27375079e-09 0.1374142952 0.0001968638501 0.09845563452 0.05539156006 0.3612381115
671.45 1.381841336e-14 0.2136771027 5.554800758e-14 0.2033373612 1.275536719e-11 0.1682779186 6.060490733e-09 0.1374294333 0.0001907799293 0.09846495827 0.05533165385 0.3577108696
672.1 1.331529239e-14 0.2136909026 5.353198039e-14 0.2033513425 1.230323351e-11 0.1682925152 5.854493252e-09 0.137444571 0.0001848841314 0.09847448257 0.05526484891 0.3541947234
672.75 1.283051275e-14 0.2137047022 5.158921663e-14 0.2033653236 1.186715068e-11 0.1683071115 5.655510567e-09 0.1374597086 0.0001791706479 0.09848420121 0.05519111478 0.3506901527
673.4 1.236340498e-14 0.2137185015 4.971705043e-14 0.2033793044 1.144654803e-11 0.1683217076 5.463303365e-09 0.1374748458 0.0001736338483 0.09849410815 0.05511042383 0.3471976362
674.05 1.191332406e-14 0.2137323006 4.791291303e-14 0.2033932849 1.10408752e-11 0.1683363034 5.277640513e-09 0.1374899829 0.0001682682756 0.09850419756 0.05502275129 0.3437176517
674.7 1.147964856e-14 0.2137460995 4.617432929e-14 0.2034072653 1.064960146e-11 0.1683508989 5.098298779e-09 0.1375051196 0.0001630686401 0.09851446377 0.05492807532 0.3402506752
675.35 1.106177977e-14 0.2137598981 4.449891422e-14 0.2034212453 1.027221493e-11 0.1683654942 4.925062557e-09 0.1375202561 0.0001580298149 0.09852490132 0.05482637707 0.3367971814
676 1.065914082e-14 0.2137736965 4.288436973e-14 0.2034352252 9.908221997e-12 0.1683800893 4.757723609e-09 0.1375353923 0.0001531468309 0.09853550489 0.05471764075 0.3333576428
676.65 1.027117596e-14 0.2137874946 4.132848141e-14 0.2034492047 9.557146585e-12 0.1683946841 4.596080814e-09 0.1375505283 0.0001484148718 0.09854626932 0.05460185367 0.3299325298
677.3 9.897349725e-15 0.2138012925 3.982911556e-14 0.2034631841 9.218529585e-12 0.1684092786 4.439939919e-09 0.137565664 0.0001438292695 0.09855718964 0.05447900633 0.3265223102
677.95 9.537146211e-15 0.2138150902 3.838421615e-14 0.2034771632 8.891928223e-12 0.1684238729 4.289113312e-09 0.1375807995 0.0001393854998 0.09856826101 0.05434909243 0.3231274492
678.6 9.190068369e-15 0.2138288876 3.699180207e-14 0.203491142 8.576915489e-12 0.1684384669 4.143419787e-09 0.1375959346 0.0001350791777 0.09857947874 0.05421210894 0.3197484091
679.25 8.855637308e-15 0.2138426848 3.564996434e-14 0.2035051206 8.273079567e-12 0.1684530607 4.00268433e-09 0.1376110696 0.0001309060533 0.09859083831 0.05406805618 0.3163856488
679.9 8.533391628e-15 0.2138564817 3.435686351e-14 0.203519099 7.980023299e-12 0.1684676542 3.866737903e-09 0.1376262042 0.0001268620079 0.09860233531 0.05391693782 0.3130396237
680.55 8.222886787e-15 0.2138702784 3.311072712e-14 0.2035330771 7.697363663e-12 0.1684822474 3.735417243e-09 0.1376413386 0.0001229430495 0.09861396548 0.05375876096 0.3097107854
681.2 7.923694479e-15 0.2138840748 3.190984725e-14 0.2035470549 7.424731263e-12 0.1684968404 3.608564664e-09 0.1376564728 0.0001191453093 0.0986257247 0.05359353615 0.3063995816
681.85 7.635402041e-15 0.2138978711 3.075257817e-14 0.2035610325 7.16176985e-12 0.1685114332 3.486027863e-09 0.1376716066 0.000115465038 0.09863760897 0.05342127747 0.3031064555
682.5 7.357611885e-15 0.213911667 2.963733407e-14 0.2035750099 6.908135851e-12 0.1685260257 3.367659739e-09 0.1376867403 0.0001118986018 0.0986496144 0.05324200252 0.2998318458
683.15 7.08994094e-15 0.2139254627 2.856258689e-14 0.203588987 6.663497916e-12 0.1685406179 3.253318214e-09 0.1377018736 0.000108442479 0.09866173725 0.0530557325 0.2965761862
683.8 6.832020128e-15 0.2139392582 2.75268642e-14 0.2036029639 6.427536485e-12 0.1685552099 3.142866061e-09 0.1377170067 0.0001050932567 0.09867397387 0.05286249219 0.2933399056
684.45 6.583493848e-15 0.2139530534 2.652874716e-14 0.2036169406 6.199943365e-12 0.1685698016 3.036170739e-09 0.1377321395 0.0001018476275 0.09868632074 0.05266231005 0.2901234271
685.1 6.344019484e-15 0.2139668484 2.55668686e-14 0.2036309169 5.980421328e-12 0.1685843931 2.933104232e-09 0.1377472721 9.87023858e-05 0.09869877444 0.05245521819 0.2869271685
685.75 6.113266932e-15 0.2139806432 2.463991111e-14 0.2036448931 5.768683719e-12 0.1685989843 2.833542893e-09 0.1377624044 9.565442534e-05 0.09871133166 0.05224125241 0.2837515415
686.4 5.89091814e-15 0.2139944377 2.374660523e-14 0.203658869 5.564454078e-12 0.1686135752 2.737367296e-09 0.1377775365 9.270073565e-05 0.09872398918 0.05202045224 0.2805969515
687.05 5.676666668e-15 0.214008232 2.288572773e-14 0.2036728446 5.367465779e-12 0.1686281659 2.644462092e-09 0.1377926682 8.983839933e-05 0.09873674391 0.05179286094 0.2774637979
687.7 5.470217267e-15 0.214022026 2.205609988e-14 0.2036868201 5.177461679e-12 0.1686427563 2.55471587e-09 0.1378077997 8.706458912e-05 0.09874959283 0.0515585255 0.2743524728
688.35 5.271285464e-15 0.2140358198 2.125658585e-14 0.2037007952 4.99419378e-12 0.1686573465 2.468021019e-09 0.137822931 8.437656519e-05 0.09876253301 0.05131749668 0.271263362
689 5.079597173e-15 0.2140496133 2.048609115e-14 0.2037147701 4.817422901e-12 0.1686719365 2.384273602e-09 0.137838062 8.177167236e-05 0.09877556163 0.051069829 0.2681968435
689.65 4.894888312e-15 0.2140634066 1.974356114e-14 0.2037287448 4.64691837e-12 0.1686865261 2.30337323e-09 0.1378531927 7.924733758e-05 0.09878867595 0.05081558075 0.2651532882
690.3 4.716904439e-15 0.2140771997 1.902797953e-14 0.2037427192 4.482457716e-12 0.1687011155 2.225222937e-09 0.1378683232 7.680106735e-05 0.09880187331 0.05055481397 0.2621330593
690.95 4.545400402e-15 0.2140909925 1.833836703e-14 0.2037566934 4.323826376e-12 0.1687157047 2.149729066e-09 0.1378834534 7.443044531e-05 0.09881515114 0.05028759448 0.2591365119
691.6 4.380139994e-15 0.2141047851 1.767377997e-14 0.2037706674 4.170817418e-12 0.1687302936 2.076801157e-09 0.1378985833 7.213312983e-05 0.09882850694 0.05001399183 0.2561639931
692.25 4.220895629e-15 0.2141185774 1.703330902e-14 0.2037846411 4.023231266e-12 0.1687448822 2.006351835e-09 0.137913713 6.99068517e-05 0.09884193829 0.04973407933 0.2532158415
692.9 4.06744803e-15 0.2141323695 1.641607795e-14 0.2037986145 3.880875439e-12 0.1687594706 1.938296706e-09 0.1379288424 6.774941197e-05 0.09885544286 0.04944793399 0.2502923872
693.55 3.91958592e-15 0.2141461613 1.582124238e-14 0.2038125877 3.743564299e-12 0.1687740588 1.872554255e-09 0.1379439716 6.565867968e-05 0.09886901837 0.04915563652 0.2473939512
694.2 3.777105732e-15 0.2141599529 1.524798867e-14 0.2038265607 3.611118806e-12 0.1687886466 1.809045746e-09 0.1379591004 6.363258984e-05 0.09888266262 0.04885727133 0.2445208458
694.85 3.639811329e-15 0.2141737443 1.469553277e-14 0.2038405334 3.483366284e-12 0.1688032343 1.747695131e-09 0.1379742291 6.166914138e-05 0.09889637348 0.04855292643 0.2416733738
695.5 3.507513729e-15 0.2141875354 1.416311915e-14 0.2038545058 3.360140195e-12 0.1688178216 1.688428953e-09 0.1379893574 5.976639514e-05 0.09891014889 0.04824269348 0.2388518286
696.15 3.380030847e-15 0.2142013263 1.365001977e-14 0.2038684781 3.241279917e-12 0.1688324087 1.631176262e-09 0.1380044855 5.7922472e-05 0.09892398684 0.04792666767 0.2360564939
696.8 3.257187241e-15 0.2142151169 1.315553305e-14 0.20388245 3.126630541e-12 0.1688469956 1.575868527e-09 0.1380196133 5.613555103e-05 0.0989378854 0.04760494777 0.2332876436
697.45 3.138813869e-15 0.2142289073 1.267898295e-14 0.2038964218 3.016042658e-12 0.1688615822 1.522439554e-09 0.1380347409 5.440386764e-05 0.09895184268 0.04727763597 0.2305455416
698.1 3.024747858e-15 0.2142426975 1.221971801e-14 0.2039103933 2.909372173e-12 0.1688761685 1.470825404e-09 0.1380498682 5.272571192e-05 0.09896585687 0.04694483792 0.2278304416
698.75 2.914832274e-15 0.2142564874 1.177711046e-14 0.2039243645 2.806480106e-12 0.1688907546 1.42096432e-09 0.1380649952 5.109942686e-05 0.09897992619 0.04660666265 0.2251425869
699.4 2.808915912e-15 0.2142702771 1.135055535e-14 0.2039383355 2.707232419e-12 0.1689053404 1.37279665e-09 0.138080122 4.95234068e-05 0.09899404895 0.04626322247 0.2224822103
700.05 2.706853078e-15 0.2142840665 1.093946974e-14 0.2039523062 2.611499835e-12 0.168919926 1.326264776e-09 0.1380952485 4.799609578e-05 0.09900822347 0.04591463297 0.219849534
700.7 2.608503395e-15 0.2142978557 1.054329189e-14 0.2039662767 2.519157668e-12 0.1689345113 1.281313043e-09 0.1381103748 4.651598603e-05 0.09902244816 0.04556101288 0.2172447691
701.35 2.513731605e-15 0.2143116446 1.016148047e-14 0.203980247 2.430085664e-12 0.1689490964 1.237887694e-09 0.1381255008 4.50816165e-05 0.09903672146 0.04520248406 0.2146681163
702 2.422407384e-15 0.2143254333 9.793513843e-15 0.203994217 2.34416784e-12 0.1689636812 1.195936803e-09 0.1381406265 4.369157136e-05 0.09905104185 0.04483917138 0.2121197647
702.65 2.33440516e-15 0.2143392218 9.438889338e-15 0.2040081868 2.261292331e-12 0.1689782657 1.155410214e-09 0.1381557519 4.234447866e-05 0.09906540789 0.04447120266 0.2095998926
703.3 2.249603942e-15 0.21435301 9.097122553e-15 0.2040221563 2.181351248e-12 0.16899285 1.116259481e-09 0.1381708771 4.103900893e-05 0.09907981815 0.04409870855 0.207108667
703.95 2.167887149e-15 0.214366798 8.767746696e-15 0.2040361256 2.104240532e-12 0.1690074341 1.078437809e-09 0.138186002 3.977387389e-05 0.09909427125 0.0437218225 0.2046462432
704.6 2.089142452e-15 0.2143805857 8.450311946e-15 0.2040500946 2.029859821e-12 0.1690220179 1.041899997e-09 0.1382011267 3.854782518e-05 0.09910876588 0.0433406806 0.2022127656
705.25 2.013261619e-15 0.2143943732 8.144384831e-15 0.2040640634 1.958112315e-12 0.1690366014 1.006602383e-09 0.1382162511 3.735965308e-05 0.09912330073 0.04295542152 0.1998083666
705.9 1.940140363e-15 0.2144081604 7.849547634e-15 0.204078032 1.888904654e-12 0.1690511847 9.725027952e-10 0.1382313752 3.620818538e-05 0.09913787456 0.0425661864 0.1974331674
706.55 1.869678201e-15 0.2144219474 7.565397824e-15 0.2040920003 1.822146791e-12 0.1690657677 9.395604956e-10 0.1382464991 3.509228615e-05 0.09915248617 0.04217311875 0.1950872773
707.2 1.801778311e-15 0.2144357342 7.291547495e-15 0.2041059683 1.757751878e-12 0.1690803504 9.077361358e-10 0.1382616227 3.401085469e-05 0.09916713437 0.0417763643 0.1927707942
707.85 1.736347402e-15 0.2144495207 7.027622842e-15 0.2041199361 1.69563615e-12 0.1690949329 8.769917072e-10 0.138276746 3.296282436e-05 0.09918181803 0.04137607095 0.190483804
708.5 1.673295585e-15 0.214463307 6.773263643e-15 0.2041339037 1.635718814e-12 0.1691095152 8.472904958e-10 0.1382918691 3.19471616e-05 0.09919653605 0.0409723886 0.1882263811
709.15 1.612536247e-15 0.214477093 6.528122765e-15 0.204147871 1.577921949e-12 0.1691240972 8.185970382e-10 0.1383069919 3.096286485e-05 0.09921128736 0.04056546905 0.1859985883
709.8 1.553985931e-15 0.2144908788 6.29186569e-15 0.2041618381 1.522170396e-12 0.1691386789 7.908770785e-10 0.1383221145 3.000896359e-05 0.09922607092 0.0401554659 0.1838004764
710.45 1.497564223e-15 0.2145046644 6.064170056e-15 0.2041758049 1.468391668e-12 0.1691532604 7.640975277e-10 0.1383372367 2.908451736e-05 0.09924088574 0.03974253437 0.1816320848
711.1 1.44319364e-15 0.2145184497 5.84472521e-15 0.2041897715 1.416515847e-12 0.1691678416 7.382264233e-10 0.1383523588 2.818861484e-05 0.09925573084 0.03932683121 0.1794934409
711.75 1.390799524e-15 0.2145322348 5.63323179e-15 0.2042037378 1.366475499e-12 0.1691824226 7.132328911e-10 0.1383674805 2.732037295e-05 0.09927060528 0.03890851456 0.1773845608
712.4 1.340309935e-15 0.2145460196 5.429401307e-15 0.2042177039 1.318205583e-12 0.1691970033 6.890871084e-10 0.138382602 2.647893595e-05 0.09928550815 0.03848774381 0.1753054489
713.05 1.291655558e-15 0.2145598042 5.232955753e-15 0.2042316698 1.271643366e-12 0.1692115837 6.657602675e-10 0.1383977232 2.566347464e-05 0.09930043855 0.03806467948 0.1732560981
713.7 1.244769601e-15 0.2145735885 5.043627218e-15 0.2042456354 1.226728341e-12 0.1692261639 6.432245417e-10 0.1384128442 2.487318548e-05 0.09931539565 0.03763948304 0.1712364896
714.35 1.199587708e-15 0.2145873726 4.861157526e-15 0.2042596007 1.183402149e-12 0.1692407439 6.214530513e-10 0.1384279649 2.410728985e-05 0.09933037859 0.03721231683 0.1692465937
715 1.156047867e-15 0.2146011565 4.685297877e-15 0.2042735658 1.141608501e-12 0.1692553236 6.004198317e-10 0.1384430853 2.336503323e-05 0.09934538659 0.03678334386 0.1672863692
715.65 1.114090326e-15 0.2146149401 4.515808509e-15 0.2042875307 1.101293104e-12 0.169269903 5.800998022e-10 0.1384582055 2.264568449e-05 0.09936041886 0.0363527277 0.1653557636
716.3 1.073657509e-15 0.2146287235 4.352458367e-15 0.2043014953 1.062403594e-12 0.1692844822 5.604687353e-10 0.1384733254 2.194853514e-05 0.09937547464 0.03592063233 0.1634547135
716.95 1.034693939e-15 0.2146425066 4.195024786e-15 0.2043154597 1.024889463e-12 0.1692990611 5.415032285e-10 0.138488445 2.127289864e-05 0.0993905532 0.03548722196 0.1615831445
717.6 9.971461599e-16 0.2146562895 4.043293192e-15 0.2043294238 9.887019952e-13 0.1693136398 5.231806753e-10 0.1385035644 2.061810972e-05 0.09940565383 0.03505266095 0.1597409717
718.25 9.609626617e-16 0.2146700722 3.897056797e-15 0.2043433877 9.537942026e-13 0.1693282182 5.054792388e-10 0.1385186835 1.998352372e-05 0.09942077584 0.0346171136 0.1579280991
718.9 9.260938119e-16 0.2146838546 3.756116327e-15 0.2043573514 9.201207644e-13 0.1693427963 4.883778249e-10 0.1385338023 1.936851593e-05 0.09943591857 0.03418074402 0.1561444205
719.55 8.924917855e-16 0.2146976368 3.620279741e-15 0.2043713148 8.876379671e-13 0.1693573742 4.718560573e-10 0.1385489209 1.877248102e-05 0.09945108137 0.033743716 0.1543898193
720.2 8.601104997e-16 0.2147114187 3.489361972e-15 0.2043852779 8.563036475e-13 0.1693719518 4.558942528e-10 0.1385640392 1.819483238e-05 0.09946626362 0.03330619285 0.1526641688
720.85 8.289055499e-16 0.2147252004 3.363184671e-15 0.2043992408 8.26077138e-13 0.1693865292 4.404733979e-10 0.1385791572 1.76350016e-05 0.0994814647 0.03286833723 0.1509673323
721.5 7.98834149e-16 0.2147389818 3.241575966e-15 0.2044132035 7.969192129e-13 0.1694011064 4.255751261e-10 0.138594275 1.709243785e-05 0.09949668402 0.03243031103 0.1492991633
722.15 7.698550678e-16 0.214752763 3.124370222e-15 0.2044271659 7.687920379e-13 0.1694156832 4.111816952e-10 0.1386093925 1.656660736e-05 0.09951192103 0.03199227522 0.1476595059
722.8 7.41928579e-16 0.214766544 3.011407819e-15 0.2044411281 7.4165912e-13 0.1694302599 3.972759668e-10 0.1386245098 1.605699292e-05 0.09952717515 0.0315543897 0.1460481946
723.45 7.150164017e-16 0.2147803247 2.902534931e-15 0.20445509 7.154852602e-13 0.1694448362 3.838413853e-10 0.1386396268 1.556309329e-05 0.09954244587 0.03111681316 0.1444650549
724.1 6.890816489e-16 0.2147941052 2.797603313e-15 0.2044690517 6.902365076e-13 0.1694594123 3.70861958e-10 0.1386547435 1.50844228e-05 0.09955773266 0.03067970291 0.1429099035
724.75 6.640887769e-16 0.2148078854 2.696470105e-15 0.2044830131 6.658801149e-13 0.1694739882 3.583222364e-10 0.1386698599 1.462051079e-05 0.09957303502 0.03024321479 0.1413825482
725.4 6.400035361e-16 0.2148216654 2.598997629e-15 0.2044969743 6.423844959e-13 0.1694885638 3.462072968e-10 0.1386849761 1.417090119e-05 0.09958835246 0.02980750299 0.1398827885
726.05 6.167929238e-16 0.2148354451 2.505053205e-15 0.2045109352 6.197191839e-13 0.1695031391 3.345027234e-10 0.1387000921 1.373515203e-05 0.0996036845 0.02937271991 0.1384104157
726.7 5.94425139e-16 0.2148492246 2.414508967e-15 0.2045248959 5.978547924e-13 0.1695177142 3.231945903e-10 0.1387152077 1.331283504e-05 0.0996190307 0.02893901607 0.1369652132
727.35 5.728695383e-16 0.2148630039 2.327241691e-15 0.2045388564 5.767629765e-13 0.169532289 3.122694451e-10 0.1387303231 1.290353522e-05 0.0996343906 0.02850653994 0.1355469566
728 5.520965938e-16 0.2148767829 2.243132622e-15 0.2045528166 5.564163957e-13 0.1695468636 3.017142928e-10 0.1387454382 1.250685039e-05 0.09964976377 0.02807543781 0.1341554144
728.65 5.320778525e-16 0.2148905617 2.162067317e-15 0.2045667766 5.367886788e-13 0.1695614379 2.915165798e-10 0.1387605531 1.212239085e-05 0.09966514981 0.02764585371 0.1327903475
729.3 5.127858971e-16 0.2149043403 2.083935484e-15 0.2045807363 5.178543891e-13 0.169576012 2.816641797e-10 0.1387756677 1.174977895e-05 0.0996805483 0.02721792923 0.1314515104
729.95 4.941943083e-16 0.2149181186 2.008630831e-15 0.2045946958 4.995889914e-13 0.1695905858 2.721453779e-10 0.138790782 1.138864872e-05 0.09969595886 0.02679180342 0.1301386507
730.6 4.762776282e-16 0.2149318966 1.936050926e-15 0.204608655 4.819688197e-13 0.1696051593 2.629488582e-10 0.1388058961 1.103864554e-05 0.0997113811 0.02636761272 0.1288515099
731.25 4.590113256e-16 0.2149456744 1.86609705e-15 0.204622614 4.649710469e-13 0.1696197326 2.540636887e-10 0.1388210099 1.069942574e-05 0.09972681466 0.02594549079 0.1275898234
731.9 4.42371762e-16 0.214959452 1.798674067e-15 0.2046365727 4.485736545e-13 0.1696343056 2.454793091e-10 0.1388361235 1.037065632e-05 0.09974225917 0.02552556843 0.1263533209
732.55 4.263361592e-16 0.2149732293 1.733690291e-15 0.2046505312 4.327554042e-13 0.1696488784 2.371855181e-10 0.1388512367 1.005201456e-05 0.09975771431 0.02510797348 0.1251417266
733.2 4.108825677e-16 0.2149870064 1.671057363e-15 0.2046644895 4.1749581e-13 0.1696634509 2.291724608e-10 0.1388663497 9.743187735e-06 0.09977317972 0.02469283072 0.1239547596
733.85 3.95989837e-16 0.2150007833 1.610690127e-15 0.2046784475 4.02775112e-13 0.1696780232 2.214306173e-10 0.1388814625 9.443872795e-06 0.09978865509 0.0242802618 0.1227921342
734.5 3.816375859e-16 0.2150145599 1.552506518e-15 0.2046924053 3.885742498e-13 0.1696925952 2.139507909e-10 0.138896575 9.153776071e-06 0.0998041401 0.02387038509 0.1216535602
735.15 3.67806175e-16 0.2150283362 1.496427446e-15 0.2047063628 3.748748386e-13 0.169707167 2.067240975e-10 0.1389116872 8.87261298e-06 0.09981963444 0.02346331569 0.120538743
735.8 3.544766792e-16 0.2150421124 1.442376689e-15 0.20472032 3.616591445e-13 0.1697217385 1.997419548e-10 0.1389267991 8.600107743e-06 0.09983513783 0.02305916526 0.1194473841
736.45 3.41630862e-16 0.2150558882 1.390280789e-15 0.2047342771 3.489100618e-13 0.1697363097 1.929960719e-10 0.1389419108 8.335993113e-06 0.09985064997 0.02265804202 0.1183791813
737.1 3.292511506e-16 0.2150696639 1.340068954e-15 0.2047482338 3.366110908e-13 0.1697508807 1.864784396e-10 0.1389570223 8.080010112e-06 0.09986617059 0.02226005065 0.1173338291
737.75 3.17320611e-16 0.2150834393 1.291672956e-15 0.2047621904 3.247463158e-13 0.1697654514 1.801813207e-10 0.1389721334 7.831907771e-06 0.09988169942 0.02186529223 0.116311019
738.4 3.058229255e-16 0.2150972144 1.245027044e-15 0.2047761467 3.13300385e-13 0.1697800219 1.740972406e-10 0.1389872443 7.591442888e-06 0.0998972362 0.02147386419 0.1153104394
739.05 2.947423698e-16 0.2151109894 1.200067847e-15 0.2047901027 3.0225849e-13 0.1697945921 1.682189787e-10 0.1390023549 7.358379778e-06 0.09991278067 0.02108586029 0.1143317765
739.7 2.840637917e-16 0.215124764 1.156734297e-15 0.2048040585 2.91606347e-13 0.1698091621 1.625395595e-10 0.1390174653 7.132490052e-06 0.0999283326 0.0207013705 0.1133747142
740.35 2.737725899e-16 0.2151385385 1.114967534e-15 0.2048180141 2.813301776e-13 0.1698237318 1.570522445e-10 0.1390325754 6.913552378e-06 0.09994389173 0.02032048105 0.1124389345
741 2.638546942e-16 0.2151523126 1.074710836e-15 0.2048319694 2.714166916e-13 0.1698383013 1.517505237e-10 0.1390476852 6.701352273e-06 0.09995945785 0.01994327434 0.1115241176
741.65 2.542965463e-16 0.2151660866 1.035909536e-15 0.2048459245 2.61853069e-13 0.1698528705 1.466281084e-10 0.1390627948 6.495681884e-06 0.09997503073 0.01956982894 0.1106299424
742.3 2.450850805e-16 0.2151798603 9.985109481e-16 0.2048598793 2.526269439e-13 0.1698674394 1.416789231e-10 0.1390779041 6.296339788e-06 0.09999061016 0.01920021955 0.1097560869
742.95 2.362077067e-16 0.2151936338 9.624642968e-16 0.2048738339 2.437263878e-13 0.1698820081 1.368970989e-10 0.1390930131 6.103130786e-06 0.1000061959 0.018834517 0.1089022278
743.6 2.276522923e-16 0.215207407 9.277206466e-16 0.2048877882 2.351398949e-13 0.1698965765 1.322769657e-10 0.1391081219 5.915865717e-06 0.1000217878 0.01847278826 0.1080680417
744.25 2.19407146e-16 0.21522118 8.942328356e-16 0.2049017423 2.268563661e-13 0.1699111447 1.278130461e-10 0.1391232304 5.734361266e-06 0.1000373856 0.01811509637 0.1072532046
744.9 2.114610015e-16 0.2152349527 8.619554114e-16 0.2049156961 2.188650956e-13 0.1699257126 1.235000485e-10 0.1391383386 5.558439787e-06 0.1000529892 0.01776150051 0.1064573925
745.55 2.038030021e-16 0.2152487252 8.308445685e-16 0.2049296497 2.111557563e-13 0.1699402803 1.19332861e-10 0.1391534466 5.387929122e-06 0.1000685983 0.017412056 0.1056802816
746.2 1.964226859e-16 0.2152624974 8.00858089e-16 0.2049436031 2.037183864e-13 0.1699548477 1.15306545e-10 0.1391685543 5.222662437e-06 0.1000842128 0.01706681426 0.1049215484
746.85 1.893099712e-16 0.2152762695 7.719552847e-16 0.2049575562 1.96543377e-13 0.1699694149 1.114163295e-10 0.1391836618 5.062478053e-06 0.1000998326 0.01672582289 0.1041808703
747.5 1.824551429e-16 0.2152900412 7.44096942e-16 0.204971509 1.896214589e-13 0.1699839818 1.076576056e-10 0.1391987689 4.907219288e-06 0.1001154573 0.01638912565 0.1034579251
748.15 1.758488389e-16 0.2153038128 7.172452677e-16 0.2049854617 1.82943691e-13 0.1699985484 1.040259204e-10 0.1392138759 4.756734302e-06 0.100131087 0.01605676252 0.1027523922
748.8 1.694820377e-16 0.215317584 6.913638383e-16 0.204999414 1.765014485e-13 0.1700131148 1.005169724e-10 0.1392289825 4.610875946e-06 0.1001467213 0.01572876972 0.1020639521
749.45 1.633460453e-16 0.2153313551 6.664175496e-16 0.2050133662 1.702864118e-13 0.1700276809 9.712660591e-11 0.1392440889 4.469501618e-06 0.1001623602 0.01540517974 0.1013922866
750.1 1.574324839e-16 0.2153451259 6.423725694e-16 0.205027318 1.642905555e-13 0.1700422468 9.385080608e-11 0.139259195 4.332473124e-06 0.1001780036 0.0150860214 0.1007370795
750.75 1.517332803e-16 0.2153588965 6.191962908e-16 0.2050412697 1.585061382e-13 0.1700568124 9.068569438e-11 0.1392743009 4.199656535e-06 0.1001936512 0.01477131987 0.1000980164
751.4 1.462406544e-16 0.2153726668 5.968572884e-16 0.2050552211 1.529256924e-13 0.1700713778 8.76275238e-11 0.1392894065 4.070922064e-06 0.1002093029 0.01446109677 0.09947478487
752.05 1.40947109e-16 0.2153864369 5.753252749e-16 0.2050691722 1.475420147e-13 0.1700859429 8.467267437e-11 0.1393045118 3.94614393e-06 0.1002249586 0.01415537018 0.09886707484
752.7 1.358454194e-16 0.2154002067 5.5457106e-16 0.2050831231 1.423481563e-13 0.1701005078 8.181764892e-11 0.1393196168 3.825200237e-06 0.1002406182 0.01385415472 0.0982745786
753.35 1.309286232e-16 0.2154139763 5.345665107e-16 0.2050970738 1.373374144e-13 0.1701150724 7.905906886e-11 0.1393347216 3.707972855e-06 0.1002562816 0.01355746162 0.09769699104
754 1.261900112e-16 0.2154277457 5.15284513e-16 0.2051110242 1.325033232e-13 0.1701296367 7.639367014e-11 0.1393498262 3.594347302e-06 0.1002719485 0.01326529877 0.09713400976
754.65 1.216231179e-16 0.2154415148 4.966989346e-16 0.2051249744 1.278396453e-13 0.1701442008 7.38182994e-11 0.1393649304 3.484212632e-06 0.100287619 0.0129776708 0.09658533522
755.3 1.172217126e-16 0.2154552836 4.787845897e-16 0.2051389243 1.233403643e-13 0.1701587646 7.132991019e-11 0.1393800344 3.377461322e-06 0.1003032928 0.01269457916 0.09605067089
755.95 1.12979791e-16 0.2154690523 4.615172045e-16 0.205152874 1.189996762e-13 0.1701733282 6.892555933e-11 0.1393951382 3.273989172e-06 0.1003189699 0.01241602219 0.09552972336
756.6 1.08891567e-16 0.2154828207 4.448733842e-16 0.2051668234 1.148119824e-13 0.1701878915 6.660240342e-11 0.1394102416 3.173695198e-06 0.1003346502 0.01214199521 0.09502220249
757.25 1.049514647e-16 0.2154965888 4.28830581e-16 0.2051807726 1.10771882e-13 0.1702024546 6.435769542e-11 0.1394253449 3.076481532e-06 0.1003503335 0.01187249058 0.09452782147
757.9 1.011541106e-16 0.2155103567 4.133670636e-16 0.2051947216 1.068741654e-13 0.1702170174 6.218878144e-11 0.1394404478 2.98225333e-06 0.1003660198 0.01160749781 0.09404629697
758.55 9.749432655e-17 0.2155241244 3.984618873e-16 0.2052086703 1.031138069e-13 0.17023158 6.009309749e-11 0.1394555505 2.890918673e-06 0.1003817089 0.01134700363 0.09357734921
759.2 9.396712229e-17 0.2155378918 3.840948657e-16 0.2052226187 9.948595852e-14 0.1702461423 5.806816653e-11 0.1394706529 2.802388481e-06 0.1003974008 0.01109099208 0.09312070207
759.85 9.056768895e-17 0.215551659 3.702465434e-16 0.2052365669 9.598594368e-14 0.1702607043 5.61115954e-11 0.139485755 2.716576421e-06 0.1004130954 0.01083944462 0.09267608314
760.5 8.729139224e-17 0.2155654259 3.568981689e-16 0.2052505149 9.26092511e-14 0.1702752661 5.422107209e-11 0.1395008569 2.633398827e-06 0.1004287925 0.01059234019 0.09224322383
761.15 8.413376621e-17 0.2155791926 3.440316698e-16 0.2052644626 8.93515289e-14 0.1702898276 5.239436289e-11 0.1395159585 2.552774612e-06 0.1004444921 0.01034965533 0.0918218594
761.8 8.109050703e-17 0.2155929591 3.316296277e-16 0.2052784101 8.620857905e-14 0.1703043889 5.06293098e-11 0.1395310599 2.474625193e-06 0.1004601941 0.01011136427 0.09141172906
762.45 7.815746721e-17 0.2156067253 3.196752546e-16 0.2052923573 8.317635185e-14 0.1703189499 4.892382791e-11 0.139546161 2.39887441e-06 0.1004758985 0.009877438994 0.09101257598
763.1 7.533064982e-17 0.2156204912 3.081523701e-16 0.2053063043 8.025094073e-14 0.1703335107 4.727590296e-11 0.1395612618 2.325448454e-06 0.100491605 0.009647849382 0.09062414737
763.75 7.260620308e-17 0.215634257 2.970453796e-16 0.205320251 7.742857714e-14 0.1703480712 4.568358891e-11 0.1395763623 2.254275793e-06 0.1005073138 0.009422563273 0.0902461945
764.4 6.998041502e-17 0.2156480225 2.863392525e-16 0.2053341975 7.470562571e-14 0.1703626314 4.414500564e-11 0.1395914626 2.185287099e-06 0.1005230246 0.009201546569 0.08987847274
765.05 6.744970848e-17 0.2156617877 2.760195024e-16 0.2053481438 7.207857951e-14 0.1703771914 4.265833672e-11 0.1396065626 2.118415185e-06 0.1005387375 0.008984763336 0.08952074158
765.7 6.501063614e-17 0.2156755527 2.660721669e-16 0.2053620898 6.95440555e-14 0.1703917512 4.122182723e-11 0.1396216624 2.053594935e-06 0.1005544523 0.008772175892 0.08917276467
766.35 6.265987582e-17 0.2156893175 2.56483789e-16 0.2053760356 6.709879017e-14 0.1704063107 3.983378168e-11 0.1396367619 1.990763242e-06 0.100570169 0.008563744907 0.08883430981
767 6.039422596e-17 0.215703082 2.472413984e-16 0.2053899811 6.473963529e-14 0.1704208699 3.849256201e-11 0.1396518611 1.929858944e-06 0.1005858874 0.008359429493 0.08850514898
767.65 5.821060119e-17 0.2157168463 2.383324943e-16 0.2054039264 6.246355385e-14 0.1704354289 3.719658562e-11 0.1396669601 1.870822764e-06 0.1006016077 0.0081591873 0.08818505832
768.3 5.610602813e-17 0.2157306103 2.297450278e-16 0.2054178714 6.026761609e-14 0.1704499876 3.594432349e-11 0.1396820588 1.813597255e-06 0.1006173296 0.007962974609 0.08787381816
768.95 5.407764134e-17 0.2157443741 2.214673863e-16 0.2054318162 5.814899577e-14 0.1704645461 3.473429838e-11 0.1396971572 1.75812674e-06 0.1006330532 0.007770746421 0.08757121301
769.6 5.212267935e-17 0.2157581377 2.13488377e-16 0.2054457607 5.610496643e-14 0.1704791043 3.356508307e-11 0.1397122554 1.704357258e-06 0.1006487783 0.007582456547 0.08727703151
770.25 5.023848093e-17 0.215771901 2.05797212e-16 0.205459705 5.413289791e-14 0.1704936622 3.243529863e-11 0.1397273533 1.652236512e-06 0.1006645049 0.007398057701 0.08699106646
770.9 4.842248142e-17 0.2157856641 1.983834939e-16 0.2054736491 5.223025296e-14 0.1705082199 3.134361283e-11 0.139742451 1.601713816e-06 0.100680233 0.00721750158 0.0867131148
771.55 4.667220922e-17 0.2157994269 1.912372009e-16 0.2054875929 5.039458389e-14 0.1705227774 3.028873852e-11 0.1397575483 1.552740046e-06 0.1006959625 0.007040738956 0.08644297756
772.2 4.498528243e-17 0.2158131895 1.843486741e-16 0.2055015364 4.862352946e-14 0.1705373346 2.926943214e-11 0.1397726454 1.505267593e-06 0.1007116934 0.006867719755 0.08618045983
772.85 4.335940556e-17 0.2158269518 1.777086036e-16 0.2055154797 4.69148118e-14 0.1705518915 2.828449219e-11 0.1397877423 1.459250315e-06 0.1007274255 0.006698393143 0.08592537079
773.5 4.179236642e-17 0.2158407139 1.713080164e-16 0.2055294228 4.526623345e-14 0.1705664482 2.733275785e-11 0.1398028389 1.414643491e-06 0.1007431589 0.006532707601 0.0856775236
774.15 4.028203308e-17 0.2158544758 1.651382638e-16 0.2055433656 4.367567455e-14 0.1705810046 2.641310757e-11 0.1398179352 1.371403779e-06 0.1007588936 0.006370611005 0.08543673541
774.8 3.882635095e-17 0.2158682374 1.591910101e-16 0.2055573082 4.214109008e-14 0.1705955607 2.552445775e-11 0.1398330312 1.32948917e-06 0.1007746293 0.006212050704 0.08520282732
775.45 3.742333999e-17 0.2158819988 1.534582208e-16 0.2055712506 4.066050718e-14 0.1706101167 2.466576148e-11 0.139848127 1.288858952e-06 0.1007903662 0.006056973589 0.08497562429
776.1 3.607109196e-17 0.21589576 1.479321519e-16 0.2055851927 3.923202267e-14 0.1706246723 2.383600723e-11 0.1398632226 1.249473664e-06 0.1008061042 0.005905326166 0.08475495519
776.75 3.476776788e-17 0.2159095209 1.426053395e-16 0.2055991345 3.785380052e-14 0.1706392277 2.303421774e-11 0.1398783178 1.211295064e-06 0.1008218432 0.005757054626 0.08454065265
777.4 3.351159545e-17 0.2159232815 1.374705894e-16 0.2056130761 3.652406951e-14 0.1706537829 2.225944876e-11 0.1398934128 1.174286084e-06 0.1008375832 0.005612104909 0.08433255308
778.05 3.230086666e-17 0.2159370419 1.325209678e-16 0.2056270175 3.524112093e-14 0.1706683377 2.151078801e-11 0.1399085075 1.138410801e-06 0.1008533242 0.00547042277 0.08413049661
778.7 3.113393543e-17 0.2159508021 1.277497911e-16 0.2056409586 3.400330637e-14 0.1706828924 2.078735408e-11 0.139923602 1.103634395e-06 0.1008690661 0.00533195384 0.083934327
779.35 3.000921542e-17 0.215964562 1.231506177e-16 0.2056548995 3.280903561e-14 0.1706974468 2.008829534e-11 0.1399386962 1.069923121e-06 0.1008848088 0.005196643683 0.08374389163
780 2.892517779e-17 0.2159783217 1.187172386e-16 0.2056688401 3.165677452e-14 0.1707120009 1.941278897e-11 0.1399537901 1.037244271e-06 0.1009005524 0.005064437857 0.08355904144
780.65 2.788034914e-17 0.2159920812 1.144436693e-16 0.2056827805 3.054504311e-14 0.1707265547 1.876004e-11 0.1399688838 1.005566144e-06 0.1009162968 0.004935281963 0.08337963085
781.3 2.687330952e-17 0.2160058404 1.103241417e-16 0.2056967206 2.947241361e-14 0.1707411084 1.812928032e-11 0.1399839772 9.748580169e-07 0.100932042 0.004809121704 0.08320551772
781.95 2.590269046e-17 0.2160195994 1.063530959e-16 0.2057106605 2.843750863e-14 0.1707556617 1.75197678e-11 0.1399990703 9.450901099e-07 0.100947788 0.004685902924 0.08303656328
782.6 2.496717309e-17 0.2160333581 1.025251732e-16 0.2057246001 2.743899937e-14 0.1707702148 1.693078541e-11 0.1400141632 9.162335607e-07 0.1009635346 0.004565571665 0.08287263211
783.25 2.406548639e-17 0.2160471166 9.883520843e-17 0.2057385395 2.647560389e-14 0.1707847677 1.636164034e-11 0.1400292558 8.882603956e-07 0.100979282 0.004448074205 0.08271359204
783.9 2.319640541e-17 0.2160608748 9.527822309e-17 0.2057524787 2.55460855e-14 0.1707993202 1.581166323e-11 0.1400443482 8.611435012e-07 0.10099503 0.004333357104 0.08255931408
784.55 2.23587496e-17 0.2160746328 9.184941858e-17 0.2057664176 2.464925112e-14 0.1708138726 1.528020733e-11 0.1400594402 8.348565987e-07 0.1010107786 0.00422136724 0.08240967243
785.2 2.155138121e-17 0.2160883906 8.854416966e-17 0.2057803563 2.378394974e-14 0.1708284247 1.476664776e-11 0.140074532 8.093742179e-07 0.1010265278 0.00411205185 0.08226454433
785.85 2.077320375e-17 0.2161021481 8.535801824e-17 0.2057942947 2.294907095e-14 0.1708429765 1.427038075e-11 0.1400896236 7.846716721e-07 0.1010422776 0.004005358562 0.08212381009
786.5 2.002316047e-17 0.2161159054 8.228666726e-17 0.2058082329 2.214354352e-14 0.1708575281 1.379082296e-11 0.1401047149 7.60725034e-07 0.101058028 0.00390123543 0.08198735294
787.15 1.93002329e-17 0.2161296624 7.932597492e-17 0.2058221708 2.136633399e-14 0.1708720794 1.332741075e-11 0.1401198059 7.375111125e-07 0.1010737788 0.003799630965 0.08185505907
787.8 1.860343952e-17 0.2161434192 7.647194905e-17 0.2058361085 2.061644532e-14 0.1708866304 1.287959952e-11 0.1401348967 7.150074297e-07 0.1010895302 0.003700494162 0.08172681746
788.45 1.793183437e-17 0.2161571757 7.372074167e-17 0.2058500459 1.989291565e-14 0.1709011812 1.244686309e-11 0.1401499871 6.931921992e-07 0.101105282 0.003603774527 0.08160251991
789.1 1.728450577e-17 0.2161709321 7.106864382e-17 0.2058639831 1.919481704e-14 0.1709157318 1.202869304e-11 0.1401650774 6.720443044e-07 0.1011210343 0.003509422102 0.08148206096
789.75 1.666057507e-17 0.2161846881 6.851208049e-17 0.2058779201 1.852125426e-14 0.1709302821 1.162459815e-11 0.1401801673 6.515432782e-07 0.101136787 0.003417387489 0.0813653378
790.4 1.605919548e-17 0.216198444 6.60476058e-17 0.2058918568 1.787136362e-14 0.1709448321 1.123410379e-11 0.140195257 6.316692829e-07 0.1011525402 0.003327621866 0.08125225023
791.05 1.54795509e-17 0.2162121995 6.367189833e-17 0.2059057933 1.724431192e-14 0.1709593819 1.085675136e-11 0.1402103465 6.124030905e-07 0.1011682937 0.003240077011 0.08114270062
791.7 1.492085477e-17 0.2162259549 6.13817566e-17 0.2059197295 1.66392953e-14 0.1709739314 1.049209775e-11 0.1402254356 5.937260645e-07 0.1011840475 0.003154705319 0.08103659385
792.35 1.438234907e-17 0.21623971 5.917409476e-17 0.2059336655 1.605553825e-14 0.1709884807 1.013971482e-11 0.1402405245 5.756201409e-07 0.1011998018 0.003071459811 0.08093383721
793 1.38633032e-17 0.2162534649 5.704593837e-17 0.2059476012 1.549229258e-14 0.1710030297 9.799188891e-12 0.1402556132 5.580678113e-07 0.1012155563 0.002990294155 0.08083434041
793.65 1.336301307e-17 0.2162672195 5.499442043e-17 0.2059615367 1.49488365e-14 0.1710175784 9.470120265e-12 0.1402707015 5.410521053e-07 0.1012313112 0.002911162676 0.08073801547
794.3 1.288080008e-17 0.2162809739 5.301677744e-17 0.2059754719 1.442447364e-14 0.171032127 9.152122733e-12 0.1402857896 5.245565742e-07 0.1012470663 0.002834020364 0.08064477672
794.95 1.241601021e-17 0.216294728 5.111034567e-17 0.2059894069 1.391853217e-14 0.1710466752 8.844823131e-12 0.1403008775 5.085652745e-07 0.1012628217 0.002758822887 0.08055454068
795.6 1.196801313e-17 0.2163084819 4.927255758e-17 0.2060033417 1.343036393e-14 0.1710612232 8.547860897e-12 0.140315965 4.93062753e-07 0.1012785774 0.002685526597 0.08046722607
796.25 1.153620137e-17 0.2163222356 4.750093832e-17 0.2060172762 1.295934361e-14 0.1710757709 8.260887642e-12 0.1403310524 4.78034031e-07 0.1012943333 0.002614088537 0.08038275372
796.9 1.111998942e-17 0.216335989 4.579310238e-17 0.2060312105 1.250486795e-14 0.1710903184 7.983566742e-12 0.1403461394 4.634645903e-07 0.1013100895 0.002544466446 0.08030104656
797.55 1.0718813e-17 0.2163497421 4.414675036e-17 0.2060451445 1.206635491e-14 0.1711048656 7.715572938e-12 0.1403612262 4.493403585e-07 0.1013258458 0.002476618763 0.0802220295
798.2 1.033212829e-17 0.2163634951 4.255966588e-17 0.2060590783 1.164324298e-14 0.1711194126 7.456591951e-12 0.1403763127 4.356476956e-07 0.1013416024 0.002410504633 0.08014562946
798.85 9.959411117e-18 0.2163772478 4.102971255e-17 0.2060730118 1.123499043e-14 0.1711339593 7.20632011e-12 0.140391399 4.223733806e-07 0.1013573591 0.002346083903 0.08007177527
799.5 9.600156327e-18 0.2163910002 3.955483107e-17 0.2060869451 1.084107461e-14 0.1711485058 6.964463997e-12 0.140406485 4.095045983e-07 0.101373116 0.002283317129 0.08000039765
